Sales_Invoice_ID,Customer_ID,Sales_Rep_ID,Invoice_Date,Due_Date,Payment_Date,Gross_Sales_Amount,Discount_Amount,Discount_Percentage,Net_Sales_Amount,Cost_of_Sales,Payment_Status,Region
AR-INV-20001,CUST-2019,EMP-129,2024-01-01,2024-01-31,2024-01-23,8502.04,255.06,0.03,8246.98,4222.05,Paid,Asia Pacific
AR-INV-20002,CUST-2043,EMP-103,2024-01-01,2024-01-31,2024-01-29,13444.23,0.0,0.0,13444.23,7665.08,Paid,Europe
AR-INV-20003,CUST-2032,EMP-130,2024-01-01,2024-01-31,2024-01-30,8244.32,412.22,0.05,7832.1,3933.47,Paid,Europe
AR-INV-20004,CUST-2020,EMP-133,2024-01-02,2024-02-01,2024-02-27,18912.22,945.61,0.05,17966.61,8828.78,Paid,North America
AR-INV-20005,CUST-2016,EMP-125,2024-01-02,2024-02-01,2024-02-20,14173.8,1133.9,0.08,13039.9,6676.11,Paid,Latin America
AR-INV-20006,CUST-2033,EMP-103,2024-01-02,2024-02-01,2024-03-02,14396.84,0.0,0.0,14396.84,8120.8,Paid,Asia Pacific
AR-INV-20007,CUST-2040,EMP-120,2024-01-02,2024-02-01,2024-01-25,5257.1,0.0,0.0,5257.1,2379.2,Paid,North America
AR-INV-20012,CUST-2025,EMP-133,2024-01-03,2024-02-02,2024-02-04,8920.84,446.04,0.05,8474.8,3867.35,Paid,Latin America
AR-INV-20011,CUST-2002,EMP-120,2024-01-03,2024-02-02,2024-02-24,32898.3,1644.92,0.05,31253.38,15240.06,Paid,North America
AR-INV-20010,CUST-2045,EMP-120,2024-01-03,2024-02-02,2024-01-25,11542.11,346.26,0.03,11195.85,5685.67,Paid,Latin America
AR-INV-20009,CUST-2024,EMP-130,2024-01-03,2024-02-02,2024-02-02,10825.16,541.26,0.05,10283.9,4792.45,Paid,Asia Pacific
AR-INV-20008,CUST-2034,EMP-129,2024-01-03,2024-02-02,2024-01-25,8657.58,0.0,0.0,8657.58,4402.16,Paid,Asia Pacific
AR-INV-20013,CUST-2025,EMP-120,2024-01-04,2024-02-03,2024-02-16,2261.1,0.0,0.0,2261.1,1088.07,Paid,Latin America
AR-INV-20014,CUST-2003,EMP-129,2024-01-04,2024-02-03,2024-02-15,10903.67,0.0,0.0,10903.67,4901.29,Paid,North America
AR-INV-20015,CUST-2035,EMP-103,2024-01-04,2024-02-03,2024-03-07,13746.59,687.33,0.05,13059.26,5842.42,Paid,Europe
AR-INV-20016,CUST-2023,EMP-103,2024-01-04,2024-02-03,2024-02-09,10845.32,867.63,0.08,9977.69,5864.24,Paid,Asia Pacific
AR-INV-20017,CUST-2017,EMP-125,2024-01-04,2024-02-03,2024-03-05,1845.31,0.0,0.0,1845.31,783.1,Paid,Latin America
AR-INV-20022,CUST-2048,EMP-129,2024-01-05,2024-02-04,2024-03-03,10179.78,0.0,0.0,10179.78,4300.24,Paid,Latin America
AR-INV-20021,CUST-2050,EMP-125,2024-01-05,2024-02-04,2024-02-18,7124.65,0.0,0.0,7124.65,4087.05,Paid,Asia Pacific
AR-INV-20020,CUST-2019,EMP-125,2024-01-05,2024-02-04,2024-02-25,4954.73,148.64,0.03,4806.09,2534.92,Paid,Asia Pacific
AR-INV-20019,CUST-2004,EMP-103,2024-01-05,2024-02-04,2024-03-03,13973.18,419.2,0.03,13553.98,7998.19,Paid,Europe
AR-INV-20018,CUST-2028,EMP-120,2024-01-05,2024-02-04,2024-03-08,12311.85,615.59,0.05,11696.26,7000.16,Paid,Europe
AR-INV-20023,CUST-2006,EMP-129,2024-01-06,2024-02-05,2024-02-26,7668.25,383.41,0.05,7284.84,3583.62,Paid,North America
AR-INV-20024,CUST-2026,EMP-103,2024-01-06,2024-02-05,2024-03-03,8376.17,251.29,0.03,8124.88,4002.73,Paid,Europe
AR-INV-20025,CUST-2017,EMP-130,2024-01-06,2024-02-05,2024-01-28,12370.9,618.55,0.05,11752.35,6399.22,Paid,Latin America
AR-INV-20026,CUST-2020,EMP-125,2024-01-06,2024-02-05,2024-02-01,7384.78,369.24,0.05,7015.54,4089.4,Paid,North America
AR-INV-20027,CUST-2029,EMP-120,2024-01-06,2024-02-05,2024-01-23,4223.79,0.0,0.0,4223.79,1779.99,Paid,Europe
AR-INV-20028,CUST-2023,EMP-120,2024-01-06,2024-02-05,2024-02-16,16779.93,503.4,0.03,16276.53,8541.95,Paid,Asia Pacific
AR-INV-20030,CUST-2029,EMP-129,2024-01-07,2024-02-06,2024-02-07,9389.24,0.0,0.0,9389.24,5125.38,Paid,Europe
AR-INV-20029,CUST-2006,EMP-133,2024-01-07,2024-02-06,2024-01-26,5747.74,459.82,0.08,5287.92,2921.18,Paid,North America
AR-INV-20031,CUST-2009,EMP-129,2024-01-08,2024-02-07,2024-03-02,7924.64,237.74,0.03,7686.9,3514.61,Paid,North America
AR-INV-20032,CUST-2042,EMP-103,2024-01-08,2024-02-07,2024-02-03,5312.69,0.0,0.0,5312.69,2787.76,Paid,Europe
AR-INV-20033,CUST-2044,EMP-125,2024-01-08,2024-02-07,2024-01-25,16509.73,1320.78,0.08,15188.95,8465.9,Paid,North America
AR-INV-20034,CUST-2036,EMP-130,2024-01-08,2024-02-07,2024-02-08,15602.58,0.0,0.0,15602.58,8928.93,Paid,North America
AR-INV-20035,CUST-2017,EMP-103,2024-01-08,2024-02-07,2024-02-14,8469.47,423.47,0.05,8046.0,4719.18,Paid,Latin America
AR-INV-20039,CUST-2042,EMP-120,2024-01-09,2024-02-08,2024-02-13,5926.51,474.12,0.08,5452.39,2624.81,Paid,Europe
AR-INV-20036,CUST-2003,EMP-125,2024-01-09,2024-02-08,2024-02-25,10446.77,0.0,0.0,10446.77,4570.11,Paid,North America
AR-INV-20037,CUST-2029,EMP-103,2024-01-09,2024-02-08,2024-02-13,11169.36,335.08,0.03,10834.28,5114.64,Paid,Europe
AR-INV-20038,CUST-2037,EMP-133,2024-01-09,2024-02-08,2024-01-28,5488.6,274.43,0.05,5214.17,2903.26,Paid,Asia Pacific
AR-INV-20042,CUST-2019,EMP-129,2024-01-10,2024-02-09,2024-03-03,10306.08,824.49,0.08,9481.59,4370.66,Paid,Asia Pacific
AR-INV-20043,CUST-2014,EMP-133,2024-01-10,2024-02-09,2024-02-26,2589.24,77.68,0.03,2511.56,1410.98,Paid,North America
AR-INV-20040,CUST-2024,EMP-133,2024-01-10,2024-02-09,2024-02-17,10357.62,1035.76,0.1,9321.86,5837.38,Paid,Asia Pacific
AR-INV-20041,CUST-2031,EMP-133,2024-01-10,2024-02-09,2024-01-27,5240.25,157.21,0.03,5083.04,2335.32,Paid,Asia Pacific
AR-INV-20044,CUST-2046,EMP-133,2024-01-11,2024-02-10,2024-03-03,8214.24,657.14,0.08,7557.1,3947.88,Paid,North America
AR-INV-20045,CUST-2003,EMP-130,2024-01-11,2024-02-10,2024-03-07,12258.14,612.91,0.05,11645.23,5895.85,Paid,North America
AR-INV-20046,CUST-2006,EMP-103,2024-01-11,2024-02-10,2024-03-02,11767.71,1176.77,0.1,10590.94,6810.81,Paid,North America
AR-INV-20047,CUST-2033,EMP-125,2024-01-11,2024-02-10,2024-02-29,18703.0,561.09,0.03,18141.91,10051.59,Paid,Asia Pacific
AR-INV-20048,CUST-2047,EMP-103,2024-01-11,2024-02-10,2024-01-29,5481.15,274.06,0.05,5207.09,2764.92,Paid,Asia Pacific
AR-INV-20052,CUST-2045,EMP-129,2024-01-12,2024-02-11,2024-02-22,15889.15,476.67,0.03,15412.48,9107.94,Paid,Latin America
AR-INV-20051,CUST-2024,EMP-129,2024-01-12,2024-02-11,2024-02-03,12204.81,366.14,0.03,11838.67,6587.06,Paid,Asia Pacific
AR-INV-20049,CUST-2043,EMP-125,2024-01-12,2024-02-11,2024-02-08,10037.46,301.12,0.03,9736.34,4724.74,Paid,Europe
AR-INV-20050,CUST-2037,EMP-133,2024-01-12,2024-02-11,2024-03-16,16851.74,1348.14,0.08,15503.6,7963.96,Paid,Asia Pacific
AR-INV-20053,CUST-2023,EMP-125,2024-01-13,2024-02-12,2024-03-09,5246.04,157.38,0.03,5088.66,2971.05,Paid,Asia Pacific
AR-INV-20054,CUST-2031,EMP-125,2024-01-13,2024-02-12,2024-02-11,10896.21,0.0,0.0,10896.21,5947.25,Paid,Asia Pacific
AR-INV-20055,CUST-2037,EMP-129,2024-01-13,2024-02-12,2024-02-23,9284.81,742.78,0.08,8542.03,4263.5,Paid,Asia Pacific
AR-INV-20059,CUST-2030,EMP-103,2024-01-14,2024-02-13,2024-03-17,14986.25,0.0,0.0,14986.25,7298.01,Paid,Europe
AR-INV-20056,CUST-2043,EMP-129,2024-01-14,2024-02-13,2024-02-19,11057.49,331.72,0.03,10725.77,6052.17,Paid,Europe
AR-INV-20057,CUST-2021,EMP-103,2024-01-14,2024-02-13,2024-02-07,6657.01,0.0,0.0,6657.01,3244.38,Paid,Europe
AR-INV-20058,CUST-2037,EMP-120,2024-01-14,2024-02-13,2024-02-09,20098.64,602.96,0.03,19495.68,10926.09,Paid,Asia Pacific
AR-INV-20062,CUST-2034,EMP-120,2024-01-15,2024-02-14,2024-02-24,7044.03,563.52,0.08,6480.51,3357.88,Paid,Asia Pacific
AR-INV-20063,CUST-2045,EMP-125,2024-01-15,2024-02-14,2024-02-20,14451.18,0.0,0.0,14451.18,6747.87,Paid,Latin America
AR-INV-20060,CUST-2031,EMP-130,2024-01-15,2024-02-14,2024-02-26,18837.96,0.0,0.0,18837.96,10532.56,Paid,Asia Pacific
AR-INV-20061,CUST-2002,EMP-130,2024-01-15,2024-02-14,2024-03-02,12243.13,0.0,0.0,12243.13,5285.14,Paid,North America
AR-INV-20064,CUST-2022,EMP-125,2024-01-16,2024-02-15,2024-03-17,20211.82,606.35,0.03,19605.47,8837.49,Paid,Latin America
AR-INV-20065,CUST-2003,EMP-103,2024-01-16,2024-02-15,2024-02-28,12234.41,611.72,0.05,11622.69,5833.28,Paid,North America
AR-INV-20066,CUST-2027,EMP-130,2024-01-16,2024-02-15,2024-02-18,6179.59,185.39,0.03,5994.2,3420.83,Paid,North America
AR-INV-20067,CUST-2049,EMP-120,2024-01-16,2024-02-15,2024-03-17,7580.43,379.02,0.05,7201.41,4073.35,Paid,Asia Pacific
AR-INV-20068,CUST-2050,EMP-125,2024-01-16,2024-02-15,2024-02-05,10755.65,860.45,0.08,9895.2,6129.21,Paid,Asia Pacific
AR-INV-20069,CUST-2001,EMP-125,2024-01-17,2024-02-16,2024-03-01,21569.68,647.09,0.03,20922.59,11385.02,Paid,North America
AR-INV-20070,CUST-2025,EMP-133,2024-01-17,2024-02-16,2024-03-09,25056.36,751.69,0.03,24304.67,12562.93,Paid,Latin America
AR-INV-20071,CUST-2018,EMP-103,2024-01-17,2024-02-16,2024-02-04,6454.77,0.0,0.0,6454.77,3220.46,Paid,Asia Pacific
AR-INV-20075,CUST-2034,EMP-133,2024-01-18,2024-02-17,2024-02-08,14252.28,427.57,0.03,13824.71,7389.47,Paid,Asia Pacific
AR-INV-20074,CUST-2003,EMP-130,2024-01-18,2024-02-17,2024-02-29,4958.47,396.68,0.08,4561.79,2662.49,Paid,North America
AR-INV-20073,CUST-2021,EMP-120,2024-01-18,2024-02-17,2024-02-11,7529.92,0.0,0.0,7529.92,3377.52,Paid,Europe
AR-INV-20072,CUST-2034,EMP-125,2024-01-18,2024-02-17,2024-02-20,12740.6,382.22,0.03,12358.38,7242.87,Paid,Asia Pacific
AR-INV-20076,CUST-2011,EMP-103,2024-01-19,2024-02-18,2024-02-17,11403.21,0.0,0.0,11403.21,5677.22,Paid,North America
AR-INV-20077,CUST-2011,EMP-133,2024-01-19,2024-02-18,2024-03-12,11788.69,943.1,0.08,10845.59,5440.58,Paid,North America
AR-INV-20078,CUST-2049,EMP-103,2024-01-19,2024-02-18,2024-02-12,9624.02,769.92,0.08,8854.1,5068.29,Paid,Asia Pacific
AR-INV-20079,CUST-2036,EMP-125,2024-01-20,2024-02-19,2024-02-06,12381.7,619.09,0.05,11762.61,5254.5,Paid,North America
AR-INV-20080,CUST-2035,EMP-125,2024-01-20,2024-02-19,2024-02-05,12137.05,606.85,0.05,11530.2,5110.5,Paid,Europe
AR-INV-20081,CUST-2019,EMP-125,2024-01-21,2024-02-20,2024-02-13,16185.47,485.56,0.03,15699.91,7949.85,Paid,Asia Pacific
AR-INV-20082,CUST-2030,EMP-133,2024-01-21,2024-02-20,2024-02-12,6612.56,529.0,0.08,6083.56,3535.08,Paid,Europe
AR-INV-20083,CUST-2029,EMP-120,2024-01-21,2024-02-20,2024-02-13,16589.01,497.67,0.03,16091.34,7197.94,Paid,Europe
AR-INV-20088,CUST-2028,EMP-103,2024-01-22,2024-02-21,2024-02-26,10050.97,804.08,0.08,9246.89,5498.6,Paid,Europe
AR-INV-20087,CUST-2050,EMP-103,2024-01-22,2024-02-21,2024-02-08,10004.28,500.21,0.05,9504.07,4705.71,Paid,Asia Pacific
AR-INV-20089,CUST-2013,EMP-125,2024-01-22,2024-02-21,2024-02-08,10708.62,535.43,0.05,10173.19,6001.24,Paid,Europe
AR-INV-20085,CUST-2048,EMP-129,2024-01-22,2024-02-21,2024-03-09,12525.1,626.26,0.05,11898.84,5916.09,Paid,Latin America
AR-INV-20086,CUST-2022,EMP-133,2024-01-22,2024-02-21,2024-03-20,10707.65,321.23,0.03,10386.42,5757.33,Paid,Latin America
AR-INV-20084,CUST-2047,EMP-130,2024-01-22,2024-02-21,2024-02-11,15391.83,0.0,0.0,15391.83,7335.68,Paid,Asia Pacific
AR-INV-20090,CUST-2041,EMP-103,2024-01-23,2024-02-22,2024-02-21,4339.45,0.0,0.0,4339.45,2229.67,Paid,Europe
AR-INV-20091,CUST-2044,EMP-129,2024-01-23,2024-02-22,2024-02-18,30821.49,0.0,0.0,30821.49,13691.81,Paid,North America
AR-INV-20092,CUST-2047,EMP-120,2024-01-23,2024-02-22,2024-02-12,18128.0,0.0,0.0,18128.0,8189.72,Paid,Asia Pacific
AR-INV-20093,CUST-2034,EMP-130,2024-01-23,2024-02-22,2024-02-11,25185.92,1259.3,0.05,23926.62,10590.97,Paid,Asia Pacific
AR-INV-20094,CUST-2032,EMP-125,2024-01-23,2024-02-22,2024-02-09,14570.07,437.1,0.03,14132.97,7774.57,Paid,Europe
AR-INV-20095,CUST-2027,EMP-130,2024-01-23,2024-02-22,2024-03-15,7408.92,0.0,0.0,7408.92,3562.55,Paid,North America
AR-INV-20097,CUST-2015,EMP-133,2024-01-24,2024-02-23,2024-03-19,16114.21,805.71,0.05,15308.5,8031.89,Paid,Latin America
AR-INV-20098,CUST-2026,EMP-125,2024-01-24,2024-02-23,2024-02-14,6175.48,0.0,0.0,6175.48,3068.93,Paid,Europe
AR-INV-20096,CUST-2023,EMP-120,2024-01-24,2024-02-23,2024-02-27,13541.18,406.24,0.03,13134.94,7754.95,Paid,Asia Pacific
AR-INV-20099,CUST-2049,EMP-133,2024-01-25,2024-02-24,2024-02-24,19999.76,599.99,0.03,19399.77,9830.84,Paid,Asia Pacific
AR-INV-20100,CUST-2043,EMP-120,2024-01-25,2024-02-24,2024-02-29,8319.33,0.0,0.0,8319.33,4112.73,Paid,Europe
AR-INV-20101,CUST-2043,EMP-103,2024-01-25,2024-02-24,2024-02-17,15281.68,0.0,0.0,15281.68,7391.66,Paid,Europe
AR-INV-20102,CUST-2031,EMP-120,2024-01-26,2024-02-25,2024-02-11,21482.15,644.46,0.03,20837.69,11384.58,Paid,Asia Pacific
AR-INV-20103,CUST-2019,EMP-133,2024-01-26,2024-02-25,2024-03-31,12214.0,366.42,0.03,11847.58,6868.78,Paid,Asia Pacific
AR-INV-20104,CUST-2027,EMP-103,2024-01-26,2024-02-25,2024-03-24,21561.91,646.86,0.03,20915.05,10170.98,Paid,North America
AR-INV-20105,CUST-2021,EMP-120,2024-01-26,2024-02-25,2024-03-06,4457.21,0.0,0.0,4457.21,2187.21,Paid,Europe
AR-INV-20106,CUST-2017,EMP-103,2024-01-26,2024-02-25,2024-03-02,5530.67,0.0,0.0,5530.67,2967.26,Paid,Latin America
AR-INV-20110,CUST-2002,EMP-120,2024-01-27,2024-02-26,2024-03-04,21584.85,0.0,0.0,21584.85,11499.48,Paid,North America
AR-INV-20109,CUST-2040,EMP-133,2024-01-27,2024-02-26,2024-03-28,3801.49,0.0,0.0,3801.49,1924.93,Paid,North America
AR-INV-20108,CUST-2035,EMP-129,2024-01-27,2024-02-26,2024-03-21,2951.67,147.58,0.05,2804.09,1291.8,Paid,Europe
AR-INV-20107,CUST-2003,EMP-133,2024-01-27,2024-02-26,2024-02-21,6598.5,197.95,0.03,6400.55,3005.02,Paid,North America
AR-INV-20111,CUST-2036,EMP-103,2024-01-28,2024-02-27,2024-03-06,18914.37,945.72,0.05,17968.65,9513.62,Paid,North America
AR-INV-20112,CUST-2035,EMP-129,2024-01-28,2024-02-27,2024-03-08,7626.49,762.65,0.1,6863.84,4225.87,Paid,Europe
AR-INV-20113,CUST-2046,EMP-129,2024-01-28,2024-02-27,2024-03-06,29770.69,0.0,0.0,29770.69,13272.51,Paid,North America
AR-INV-20114,CUST-2022,EMP-120,2024-01-28,2024-02-27,2024-02-12,8941.63,0.0,0.0,8941.63,4804.64,Paid,Latin America
AR-INV-20115,CUST-2003,EMP-103,2024-01-28,2024-02-27,2024-03-15,25725.44,1286.27,0.05,24439.17,12972.02,Paid,North America
AR-INV-20116,CUST-2032,EMP-103,2024-01-29,2024-02-28,2024-02-27,26001.82,0.0,0.0,26001.82,12174.95,Paid,Europe
AR-INV-20117,CUST-2041,EMP-130,2024-01-29,2024-02-28,2024-02-20,7398.43,0.0,0.0,7398.43,3429.86,Paid,Europe
AR-INV-20118,CUST-2025,EMP-130,2024-01-29,2024-02-28,2024-03-01,16109.49,483.28,0.03,15626.21,8875.16,Paid,Latin America
AR-INV-20123,CUST-2002,EMP-133,2024-01-30,2024-02-29,2024-03-01,6495.7,0.0,0.0,6495.7,2938.83,Paid,North America
AR-INV-20122,CUST-2039,EMP-133,2024-01-30,2024-02-29,2024-04-01,15900.27,795.01,0.05,15105.26,7759.72,Paid,Asia Pacific
AR-INV-20120,CUST-2027,EMP-103,2024-01-30,2024-02-29,2024-03-23,7292.55,0.0,0.0,7292.55,4031.62,Paid,North America
AR-INV-20119,CUST-2005,EMP-103,2024-01-30,2024-02-29,2024-03-31,18474.33,554.23,0.03,17920.1,9838.66,Paid,North America
AR-INV-20121,CUST-2010,EMP-103,2024-01-30,2024-02-29,2024-02-26,1962.17,98.11,0.05,1864.06,1072.95,Paid,North America
AR-INV-20129,CUST-2050,EMP-129,2024-01-31,2024-03-01,2024-02-21,19197.04,575.91,0.03,18621.13,9527.28,Paid,Asia Pacific
AR-INV-20124,CUST-2037,EMP-120,2024-01-31,2024-03-01,2024-02-29,9781.5,0.0,0.0,9781.5,4780.47,Paid,Asia Pacific
AR-INV-20125,CUST-2027,EMP-125,2024-01-31,2024-03-01,2024-03-30,11661.0,0.0,0.0,11661.0,5428.29,Paid,North America
AR-INV-20126,CUST-2035,EMP-125,2024-01-31,2024-03-01,2024-03-17,14233.1,0.0,0.0,14233.1,6017.1,Paid,Europe
AR-INV-20127,CUST-2047,EMP-120,2024-01-31,2024-03-01,2024-03-31,8674.34,867.43,0.1,7806.91,4701.77,Paid,Asia Pacific
AR-INV-20128,CUST-2007,EMP-120,2024-01-31,2024-03-01,2024-03-11,12110.16,0.0,0.0,12110.16,6975.82,Paid,Asia Pacific
AR-INV-20133,CUST-2034,EMP-130,2024-02-01,2024-03-02,2024-02-19,7830.14,391.51,0.05,7438.63,4241.53,Paid,Asia Pacific
AR-INV-20132,CUST-2016,EMP-103,2024-02-01,2024-03-02,2024-03-17,5301.35,0.0,0.0,5301.35,2749.48,Paid,Latin America
AR-INV-20130,CUST-2022,EMP-129,2024-02-01,2024-03-02,2024-02-22,3262.09,163.1,0.05,3098.99,1879.39,Paid,Latin America
AR-INV-20131,CUST-2036,EMP-129,2024-02-01,2024-03-02,2024-03-24,4569.05,0.0,0.0,4569.05,2607.72,Paid,North America
AR-INV-20134,CUST-2017,EMP-120,2024-02-02,2024-03-03,2024-02-26,15673.22,0.0,0.0,15673.22,7430.03,Paid,Latin America
AR-INV-20135,CUST-2003,EMP-133,2024-02-02,2024-03-03,2024-02-17,17769.56,888.48,0.05,16881.08,9165.48,Paid,North America
AR-INV-20136,CUST-2018,EMP-130,2024-02-02,2024-03-03,2024-03-19,9462.88,0.0,0.0,9462.88,4825.93,Paid,Asia Pacific
AR-INV-20137,CUST-2035,EMP-120,2024-02-02,2024-03-03,2024-03-08,9477.82,0.0,0.0,9477.82,4969.42,Paid,Europe
AR-INV-20138,CUST-2030,EMP-130,2024-02-02,2024-03-03,2024-04-04,20949.86,628.5,0.03,20321.36,10658.64,Paid,Europe
AR-INV-20142,CUST-2032,EMP-129,2024-02-03,2024-03-04,2024-02-26,15724.36,471.73,0.03,15252.63,7924.04,Paid,Europe
AR-INV-20141,CUST-2013,EMP-120,2024-02-03,2024-03-04,2024-03-16,16681.55,1334.52,0.08,15347.03,7309.63,Paid,Europe
AR-INV-20144,CUST-2028,EMP-133,2024-02-03,2024-03-04,2024-03-06,7624.53,381.23,0.05,7243.3,4276.11,Paid,Europe
AR-INV-20139,CUST-2006,EMP-103,2024-02-03,2024-03-04,2024-02-26,11758.98,352.77,0.03,11406.21,5084.59,Paid,North America
AR-INV-20140,CUST-2049,EMP-103,2024-02-03,2024-03-04,2024-02-28,8533.08,0.0,0.0,8533.08,4605.34,Paid,Asia Pacific
AR-INV-20143,CUST-2048,EMP-125,2024-02-03,2024-03-04,2024-02-25,12979.93,389.4,0.03,12590.53,5470.8,Paid,Latin America
AR-INV-20145,CUST-2040,EMP-133,2024-02-04,2024-03-05,2024-03-08,5991.19,179.74,0.03,5811.45,2675.37,Paid,North America
AR-INV-20146,CUST-2034,EMP-130,2024-02-04,2024-03-05,2024-04-04,6305.32,0.0,0.0,6305.32,3267.67,Paid,Asia Pacific
AR-INV-20147,CUST-2024,EMP-125,2024-02-04,2024-03-05,2024-03-03,6507.38,195.22,0.03,6312.16,3224.65,Paid,Asia Pacific
AR-INV-20148,CUST-2022,EMP-130,2024-02-04,2024-03-05,2024-02-27,6190.09,309.5,0.05,5880.59,3444.06,Paid,Latin America
AR-INV-20149,CUST-2046,EMP-120,2024-02-05,2024-03-06,2024-02-29,7837.87,0.0,0.0,7837.87,3813.97,Paid,North America
AR-INV-20150,CUST-2031,EMP-103,2024-02-05,2024-03-06,2024-04-04,10453.43,1045.34,0.1,9408.09,4399.81,Paid,Asia Pacific
AR-INV-20151,CUST-2013,EMP-129,2024-02-05,2024-03-06,2024-03-12,11126.42,556.32,0.05,10570.1,5630.38,Paid,Europe
AR-INV-20153,CUST-2036,EMP-129,2024-02-06,2024-03-07,2024-03-04,12017.92,0.0,0.0,12017.92,5074.7,Paid,North America
AR-INV-20152,CUST-2040,EMP-120,2024-02-06,2024-03-07,2024-04-01,5446.55,163.4,0.03,5283.15,2345.74,Paid,North America
AR-INV-20156,CUST-2005,EMP-125,2024-02-07,2024-03-08,2024-03-10,7489.26,0.0,0.0,7489.26,4021.02,Paid,North America
AR-INV-20155,CUST-2026,EMP-133,2024-02-07,2024-03-08,2024-03-05,9921.1,297.63,0.03,9623.47,5185.32,Paid,Europe
AR-INV-20154,CUST-2028,EMP-125,2024-02-07,2024-03-08,2024-04-11,11041.42,552.07,0.05,10489.35,5286.23,Paid,Europe
AR-INV-20157,CUST-2037,EMP-103,2024-02-08,2024-03-09,2024-04-04,5516.67,0.0,0.0,5516.67,2778.03,Paid,Asia Pacific
AR-INV-20158,CUST-2050,EMP-120,2024-02-08,2024-03-09,2024-03-31,14163.94,0.0,0.0,14163.94,7698.34,Paid,Asia Pacific
AR-INV-20159,CUST-2039,EMP-133,2024-02-08,2024-03-09,2024-04-02,10998.04,1099.8,0.1,9898.24,5916.53,Paid,Asia Pacific
AR-INV-20160,CUST-2031,EMP-129,2024-02-09,2024-03-10,2024-03-08,12666.34,0.0,0.0,12666.34,6907.44,Paid,Asia Pacific
AR-INV-20161,CUST-2006,EMP-125,2024-02-09,2024-03-10,2024-02-24,8300.52,0.0,0.0,8300.52,3705.11,Paid,North America
AR-INV-20162,CUST-2021,EMP-103,2024-02-09,2024-03-10,2024-03-27,7766.38,621.31,0.08,7145.07,3326.73,Paid,Europe
AR-INV-20163,CUST-2029,EMP-120,2024-02-09,2024-03-10,2024-03-27,17640.32,882.02,0.05,16758.3,8332.13,Paid,Europe
AR-INV-20167,CUST-2018,EMP-130,2024-02-10,2024-03-11,2024-03-24,10068.89,0.0,0.0,10068.89,4933.34,Paid,Asia Pacific
AR-INV-20168,CUST-2032,EMP-130,2024-02-10,2024-03-11,2024-03-31,6551.69,327.58,0.05,6224.11,3470.16,Paid,Europe
AR-INV-20165,CUST-2031,EMP-133,2024-02-10,2024-03-11,2024-03-29,8944.03,0.0,0.0,8944.03,4503.48,Paid,Asia Pacific
AR-INV-20164,CUST-2016,EMP-125,2024-02-10,2024-03-11,2024-04-10,35528.74,0.0,0.0,35528.74,19321.49,Paid,Latin America
AR-INV-20166,CUST-2006,EMP-125,2024-02-10,2024-03-11,2024-04-05,11431.24,571.56,0.05,10859.68,6548.47,Paid,North America
AR-INV-20173,CUST-2038,EMP-133,2024-02-11,2024-03-12,2024-03-13,7301.26,0.0,0.0,7301.26,4130.81,Paid,North America
AR-INV-20169,CUST-2042,EMP-133,2024-02-11,2024-03-12,2024-03-26,8198.02,0.0,0.0,8198.02,4579.27,Paid,Europe
AR-INV-20170,CUST-2050,EMP-130,2024-02-11,2024-03-12,2024-04-05,27379.62,0.0,0.0,27379.62,13357.22,Paid,Asia Pacific
AR-INV-20171,CUST-2036,EMP-129,2024-02-11,2024-03-12,2024-04-13,7031.87,0.0,0.0,7031.87,3154.78,Paid,North America
AR-INV-20172,CUST-2001,EMP-129,2024-02-11,2024-03-12,2024-02-26,10961.35,328.84,0.03,10632.51,5526.28,Paid,North America
AR-INV-20176,CUST-2018,EMP-130,2024-02-12,2024-03-13,2024-02-28,7909.36,0.0,0.0,7909.36,4046.02,Paid,Asia Pacific
AR-INV-20177,CUST-2046,EMP-120,2024-02-12,2024-03-13,2024-03-29,4467.79,446.78,0.1,4021.01,2328.43,Paid,North America
AR-INV-20174,CUST-2001,EMP-125,2024-02-12,2024-03-13,2024-04-08,10200.82,0.0,0.0,10200.82,5340.69,Paid,North America
AR-INV-20175,CUST-2031,EMP-120,2024-02-12,2024-03-13,2024-03-14,7039.09,0.0,0.0,7039.09,3739.73,Paid,Asia Pacific
AR-INV-20180,CUST-2048,EMP-129,2024-02-13,2024-03-14,2024-03-25,13772.07,1101.77,0.08,12670.3,6074.36,Paid,Latin America
AR-INV-20179,CUST-2024,EMP-103,2024-02-13,2024-03-14,2024-04-13,8620.94,258.63,0.03,8362.31,4604.7,Paid,Asia Pacific
AR-INV-20178,CUST-2048,EMP-130,2024-02-13,2024-03-14,2024-03-01,11086.86,554.34,0.05,10532.52,6088.78,Paid,Latin America
AR-INV-20181,CUST-2008,EMP-103,2024-02-14,2024-03-15,2024-03-20,10188.77,305.66,0.03,9883.11,5437.69,Paid,Europe
AR-INV-20182,CUST-2007,EMP-125,2024-02-14,2024-03-15,2024-04-10,6927.66,0.0,0.0,6927.66,3854.63,Paid,Asia Pacific
AR-INV-20183,CUST-2040,EMP-130,2024-02-14,2024-03-15,2024-03-20,6001.93,0.0,0.0,6001.93,3324.85,Paid,North America
AR-INV-20184,CUST-2046,EMP-129,2024-02-14,2024-03-15,2024-03-23,10502.52,840.2,0.08,9662.32,5397.2,Paid,North America
AR-INV-20185,CUST-2034,EMP-103,2024-02-14,2024-03-15,2024-04-11,20196.34,1615.71,0.08,18580.63,9785.28,Paid,Asia Pacific
AR-INV-20186,CUST-2005,EMP-129,2024-02-15,2024-03-16,2024-04-16,7648.16,382.41,0.05,7265.75,3825.95,Paid,North America
AR-INV-20187,CUST-2018,EMP-103,2024-02-15,2024-03-16,2024-04-08,3492.85,0.0,0.0,3492.85,1491.87,Paid,Asia Pacific
AR-INV-20188,CUST-2013,EMP-130,2024-02-15,2024-03-16,2024-04-17,11727.77,351.83,0.03,11375.94,5250.23,Paid,Europe
AR-INV-20189,CUST-2001,EMP-133,2024-02-15,2024-03-16,2024-03-22,19104.27,0.0,0.0,19104.27,9095.73,Paid,North America
AR-INV-20193,CUST-2041,EMP-133,2024-02-16,2024-03-17,2024-03-17,16156.06,484.68,0.03,15671.38,9053.08,Paid,Europe
AR-INV-20192,CUST-2041,EMP-103,2024-02-16,2024-03-17,2024-03-15,11222.46,561.12,0.05,10661.34,6129.68,Paid,Europe
AR-INV-20190,CUST-2045,EMP-103,2024-02-16,2024-03-17,2024-03-09,13949.46,418.48,0.03,13530.98,6892.16,Paid,Latin America
AR-INV-20191,CUST-2006,EMP-129,2024-02-16,2024-03-17,2024-04-08,5155.63,257.78,0.05,4897.85,2318.51,Paid,North America
AR-INV-20194,CUST-2044,EMP-130,2024-02-17,2024-03-18,2024-04-19,8295.76,663.66,0.08,7632.1,4631.8,Paid,North America
AR-INV-20195,CUST-2049,EMP-130,2024-02-17,2024-03-18,2024-04-17,7745.28,0.0,0.0,7745.28,3319.11,Paid,Asia Pacific
AR-INV-20196,CUST-2019,EMP-129,2024-02-17,2024-03-18,2024-03-29,7885.17,0.0,0.0,7885.17,4024.64,Paid,Asia Pacific
AR-INV-20197,CUST-2013,EMP-133,2024-02-18,2024-03-19,2024-03-22,9438.75,755.1,0.08,8683.65,4231.75,Paid,Europe
AR-INV-20198,CUST-2017,EMP-130,2024-02-18,2024-03-19,2024-03-26,5338.73,160.16,0.03,5178.57,2321.2,Paid,Latin America
AR-INV-20199,CUST-2038,EMP-133,2024-02-18,2024-03-19,2024-04-01,11671.32,0.0,0.0,11671.32,6100.51,Paid,North America
AR-INV-20204,CUST-2018,EMP-103,2024-02-19,2024-03-20,2024-03-18,9149.14,274.47,0.03,8874.67,4151.11,Paid,Asia Pacific
AR-INV-20203,CUST-2022,EMP-130,2024-02-19,2024-03-20,2024-04-21,5253.5,525.35,0.1,4728.15,2670.13,Paid,Latin America
AR-INV-20201,CUST-2010,EMP-125,2024-02-19,2024-03-20,2024-04-01,12131.7,363.95,0.03,11767.75,7024.27,Paid,North America
AR-INV-20200,CUST-2044,EMP-129,2024-02-19,2024-03-20,2024-03-29,11981.13,0.0,0.0,11981.13,6632.22,Paid,North America
AR-INV-20202,CUST-2023,EMP-130,2024-02-19,2024-03-20,2024-03-18,10278.34,513.92,0.05,9764.42,5626.4,Paid,Asia Pacific
AR-INV-20205,CUST-2003,EMP-103,2024-02-20,2024-03-21,2024-04-05,24988.59,749.66,0.03,24238.93,13018.51,Paid,North America
AR-INV-20206,CUST-2009,EMP-120,2024-02-20,2024-03-21,2024-03-30,11872.75,356.18,0.03,11516.57,5693.76,Paid,North America
AR-INV-20207,CUST-2043,EMP-125,2024-02-20,2024-03-21,2024-03-12,6645.51,531.64,0.08,6113.87,3133.89,Paid,Europe
AR-INV-20208,CUST-2041,EMP-133,2024-02-20,2024-03-21,2024-04-01,14374.16,1149.93,0.08,13224.23,6055.31,Paid,Europe
AR-INV-20212,CUST-2047,EMP-120,2024-02-21,2024-03-22,2024-04-22,20164.21,604.93,0.03,19559.28,9254.85,Paid,Asia Pacific
AR-INV-20209,CUST-2022,EMP-130,2024-02-21,2024-03-22,2024-03-29,25148.42,2011.87,0.08,23136.55,11315.23,Paid,Latin America
AR-INV-20210,CUST-2020,EMP-129,2024-02-21,2024-03-22,2024-03-08,12685.22,380.56,0.03,12304.66,5705.63,Paid,North America
AR-INV-20211,CUST-2029,EMP-125,2024-02-21,2024-03-22,2024-04-03,9619.56,288.59,0.03,9330.97,4926.7,Paid,Europe
AR-INV-20213,CUST-2022,EMP-120,2024-02-22,2024-03-23,2024-03-22,7964.89,398.24,0.05,7566.65,3727.79,Paid,Latin America
AR-INV-20214,CUST-2049,EMP-125,2024-02-22,2024-03-23,2024-03-25,17434.34,0.0,0.0,17434.34,8510.45,Paid,Asia Pacific
AR-INV-20215,CUST-2037,EMP-120,2024-02-22,2024-03-23,2024-03-18,7660.93,229.83,0.03,7431.1,3418.65,Paid,Asia Pacific
AR-INV-20220,CUST-2013,EMP-129,2024-02-23,2024-03-24,2024-03-24,19432.63,0.0,0.0,19432.63,8411.61,Paid,Europe
AR-INV-20219,CUST-2030,EMP-120,2024-02-23,2024-03-24,2024-03-18,9956.8,0.0,0.0,9956.8,4183.2,Paid,Europe
AR-INV-20221,CUST-2014,EMP-120,2024-02-23,2024-03-24,2024-04-21,12827.9,0.0,0.0,12827.9,5890.02,Paid,North America
AR-INV-20217,CUST-2049,EMP-129,2024-02-23,2024-03-24,2024-03-12,15613.21,0.0,0.0,15613.21,7389.79,Paid,Asia Pacific
AR-INV-20216,CUST-2039,EMP-130,2024-02-23,2024-03-24,2024-04-14,8377.23,670.18,0.08,7707.05,3784.45,Paid,Asia Pacific
AR-INV-20218,CUST-2006,EMP-133,2024-02-23,2024-03-24,2024-03-31,19719.28,985.96,0.05,18733.32,8728.42,Paid,North America
AR-INV-20225,CUST-2007,EMP-120,2024-02-24,2024-03-25,2024-03-18,20812.32,0.0,0.0,20812.32,11282.09,Paid,Asia Pacific
AR-INV-20224,CUST-2043,EMP-120,2024-02-24,2024-03-25,2024-04-27,13861.86,693.09,0.05,13168.77,7388.31,Paid,Europe
AR-INV-20223,CUST-2031,EMP-125,2024-02-24,2024-03-25,2024-04-09,8418.77,420.94,0.05,7997.83,4477.14,Paid,Asia Pacific
AR-INV-20222,CUST-2050,EMP-133,2024-02-24,2024-03-25,2024-03-16,6706.82,0.0,0.0,6706.82,2987.84,Paid,Asia Pacific
AR-INV-20226,CUST-2021,EMP-133,2024-02-25,2024-03-26,2024-04-07,17599.05,879.95,0.05,16719.1,9448.22,Paid,Europe
AR-INV-20227,CUST-2039,EMP-120,2024-02-25,2024-03-26,2024-04-22,17733.71,532.01,0.03,17201.7,8432.36,Paid,Asia Pacific
AR-INV-20228,CUST-2048,EMP-125,2024-02-25,2024-03-26,2024-03-22,4849.06,0.0,0.0,4849.06,2723.69,Paid,Latin America
AR-INV-20229,CUST-2024,EMP-133,2024-02-26,2024-03-27,2024-04-20,15310.07,0.0,0.0,15310.07,8446.84,Paid,Asia Pacific
AR-INV-20230,CUST-2039,EMP-120,2024-02-26,2024-03-27,2024-03-20,14891.55,1191.32,0.08,13700.23,7792.63,Paid,Asia Pacific
AR-INV-20231,CUST-2032,EMP-129,2024-02-26,2024-03-27,2024-03-17,12180.3,0.0,0.0,12180.3,5704.16,Paid,Europe
AR-INV-20232,CUST-2022,EMP-120,2024-02-26,2024-03-27,2024-03-30,14765.91,738.3,0.05,14027.61,7207.44,Paid,Latin America
AR-INV-20233,CUST-2020,EMP-120,2024-02-26,2024-03-27,2024-03-28,3786.82,189.34,0.05,3597.48,1881.69,Paid,North America
AR-INV-20239,CUST-2048,EMP-130,2024-02-27,2024-03-28,2024-04-10,11698.83,0.0,0.0,11698.83,6424.3,Paid,Latin America
AR-INV-20238,CUST-2026,EMP-120,2024-02-27,2024-03-28,2024-03-29,13156.87,657.84,0.05,12499.03,6163.63,Paid,Europe
AR-INV-20237,CUST-2025,EMP-130,2024-02-27,2024-03-28,2024-04-24,9321.85,279.66,0.03,9042.19,4640.25,Paid,Latin America
AR-INV-20235,CUST-2030,EMP-103,2024-02-27,2024-03-28,2024-04-23,12054.91,0.0,0.0,12054.91,6476.23,Paid,Europe
AR-INV-20234,CUST-2027,EMP-129,2024-02-27,2024-03-28,2024-03-19,2630.91,0.0,0.0,2630.91,1392.21,Paid,North America
AR-INV-20236,CUST-2026,EMP-103,2024-02-27,2024-03-28,2024-04-14,10175.38,0.0,0.0,10175.38,4483.26,Paid,Europe
AR-INV-20240,CUST-2050,EMP-120,2024-02-28,2024-03-29,2024-04-06,12464.77,623.24,0.05,11841.53,6918.78,Paid,Asia Pacific
AR-INV-20241,CUST-2008,EMP-129,2024-02-28,2024-03-29,2024-04-07,16589.52,1658.95,0.1,14930.57,8378.93,Paid,Europe
AR-INV-20242,CUST-2044,EMP-103,2024-02-28,2024-03-29,2024-04-28,7834.79,0.0,0.0,7834.79,3713.21,Paid,North America
AR-INV-20243,CUST-2038,EMP-133,2024-02-28,2024-03-29,2024-04-29,12611.41,0.0,0.0,12611.41,6936.95,Paid,North America
AR-INV-20247,CUST-2035,EMP-133,2024-02-29,2024-03-30,2024-03-16,17913.66,0.0,0.0,17913.66,8546.64,Paid,Europe
AR-INV-20248,CUST-2029,EMP-133,2024-02-29,2024-03-30,2024-03-22,6415.06,0.0,0.0,6415.06,2730.88,Paid,Europe
AR-INV-20246,CUST-2017,EMP-120,2024-02-29,2024-03-30,2024-03-16,8940.36,0.0,0.0,8940.36,4178.57,Paid,Latin America
AR-INV-20245,CUST-2030,EMP-133,2024-02-29,2024-03-30,2024-04-07,3372.97,0.0,0.0,3372.97,1740.09,Paid,Europe
AR-INV-20244,CUST-2028,EMP-103,2024-02-29,2024-03-30,2024-04-15,7307.59,219.23,0.03,7088.36,3115.77,Paid,Europe
AR-INV-20249,CUST-2003,EMP-125,2024-03-01,2024-03-31,2024-03-21,13201.61,660.08,0.05,12541.53,6069.84,Paid,North America
AR-INV-20250,CUST-2035,EMP-103,2024-03-01,2024-03-31,2024-04-16,16673.21,0.0,0.0,16673.21,7388.62,Paid,Europe
AR-INV-20251,CUST-2028,EMP-133,2024-03-01,2024-03-31,2024-04-24,15390.74,0.0,0.0,15390.74,7592.02,Paid,Europe
AR-INV-20252,CUST-2047,EMP-125,2024-03-02,2024-04-01,2024-04-06,7292.27,218.77,0.03,7073.5,3110.17,Paid,Asia Pacific
AR-INV-20253,CUST-2024,EMP-103,2024-03-02,2024-04-01,2024-04-26,6936.21,0.0,0.0,6936.21,3997.3,Paid,Asia Pacific
AR-INV-20254,CUST-2007,EMP-120,2024-03-02,2024-04-01,2024-04-07,10740.97,322.23,0.03,10418.74,5757.85,Paid,Asia Pacific
AR-INV-20260,CUST-2018,EMP-130,2024-03-03,2024-04-02,2024-04-19,8662.51,433.13,0.05,8229.38,3895.65,Paid,Asia Pacific
AR-INV-20259,CUST-2024,EMP-125,2024-03-03,2024-04-02,2024-04-14,21747.5,652.42,0.03,21095.08,11780.95,Paid,Asia Pacific
AR-INV-20258,CUST-2033,EMP-125,2024-03-03,2024-04-02,2024-03-21,35861.45,2868.92,0.08,32992.53,16460.42,Paid,Asia Pacific
AR-INV-20257,CUST-2008,EMP-129,2024-03-03,2024-04-02,2024-04-26,14787.2,443.62,0.03,14343.58,8564.55,Paid,Europe
AR-INV-20256,CUST-2017,EMP-130,2024-03-03,2024-04-02,2024-04-14,14704.02,735.2,0.05,13968.82,8252.9,Paid,Latin America
AR-INV-20255,CUST-2048,EMP-133,2024-03-03,2024-04-02,2024-05-04,12132.33,363.97,0.03,11768.36,5139.03,Paid,Latin America
AR-INV-20261,CUST-2039,EMP-120,2024-03-04,2024-04-03,2024-04-05,28476.72,2278.14,0.08,26198.58,15050.33,Paid,Asia Pacific
AR-INV-20262,CUST-2001,EMP-120,2024-03-04,2024-04-03,2024-04-30,5507.61,0.0,0.0,5507.61,3002.35,Paid,North America
AR-INV-20263,CUST-2009,EMP-133,2024-03-04,2024-04-03,2024-04-28,5853.13,0.0,0.0,5853.13,3019.35,Paid,North America
AR-INV-20264,CUST-2021,EMP-103,2024-03-04,2024-04-03,2024-04-08,15760.93,0.0,0.0,15760.93,6665.17,Paid,Europe
AR-INV-20265,CUST-2040,EMP-133,2024-03-05,2024-04-04,2024-04-18,9142.28,457.11,0.05,8685.17,4731.04,Paid,North America
AR-INV-20266,CUST-2038,EMP-120,2024-03-05,2024-04-04,2024-04-13,21796.12,653.88,0.03,21142.24,10300.85,Paid,North America
AR-INV-20267,CUST-2031,EMP-125,2024-03-05,2024-04-04,2024-04-11,14480.18,0.0,0.0,14480.18,6870.78,Paid,Asia Pacific
AR-INV-20272,CUST-2020,EMP-133,2024-03-06,2024-04-05,2024-04-19,6298.15,314.91,0.05,5983.24,3100.2,Paid,North America
AR-INV-20271,CUST-2023,EMP-103,2024-03-06,2024-04-05,2024-04-13,3001.35,0.0,0.0,3001.35,1733.52,Paid,Asia Pacific
AR-INV-20269,CUST-2045,EMP-129,2024-03-06,2024-04-05,2024-03-23,9518.8,475.94,0.05,9042.86,4387.32,Paid,Latin America
AR-INV-20270,CUST-2043,EMP-125,2024-03-06,2024-04-05,2024-04-25,9330.54,933.05,0.1,8397.49,4861.41,Paid,Europe
AR-INV-20268,CUST-2010,EMP-120,2024-03-06,2024-04-05,2024-04-24,9943.08,795.45,0.08,9147.63,4969.91,Paid,North America
AR-INV-20273,CUST-2040,EMP-125,2024-03-07,2024-04-06,2024-04-18,7206.32,0.0,0.0,7206.32,3432.08,Paid,North America
AR-INV-20274,CUST-2027,EMP-103,2024-03-07,2024-04-06,2024-05-08,18205.01,910.25,0.05,17294.76,8473.01,Paid,North America
AR-INV-20275,CUST-2016,EMP-120,2024-03-08,2024-04-07,2024-04-30,7606.31,608.5,0.08,6997.81,3354.93,Paid,Latin America
AR-INV-20276,CUST-2008,EMP-103,2024-03-08,2024-04-07,2024-03-30,12860.46,0.0,0.0,12860.46,5836.19,Paid,Europe
AR-INV-20277,CUST-2037,EMP-133,2024-03-08,2024-04-07,2024-05-11,9539.29,0.0,0.0,9539.29,4249.36,Paid,Asia Pacific
AR-INV-20278,CUST-2048,EMP-120,2024-03-08,2024-04-07,2024-04-05,6329.19,189.88,0.03,6139.31,3014.74,Paid,Latin America
AR-INV-20281,CUST-2033,EMP-125,2024-03-09,2024-04-08,2024-04-18,18134.06,544.02,0.03,17590.04,8269.42,Paid,Asia Pacific
AR-INV-20282,CUST-2032,EMP-120,2024-03-09,2024-04-08,2024-04-03,8433.01,0.0,0.0,8433.01,4789.34,Paid,Europe
AR-INV-20279,CUST-2039,EMP-133,2024-03-09,2024-04-08,2024-03-30,12154.61,0.0,0.0,12154.61,5811.22,Paid,Asia Pacific
AR-INV-20280,CUST-2043,EMP-130,2024-03-09,2024-04-08,2024-04-13,10427.67,1042.77,0.1,9384.9,5650.55,Paid,Europe
AR-INV-20283,CUST-2012,EMP-120,2024-03-10,2024-04-09,2024-04-15,7276.94,0.0,0.0,7276.94,3676.5,Paid,North America
AR-INV-20284,CUST-2049,EMP-120,2024-03-10,2024-04-09,2024-03-31,16136.83,806.84,0.05,15329.99,8541.81,Paid,Asia Pacific
AR-INV-20285,CUST-2025,EMP-125,2024-03-10,2024-04-09,2024-04-20,9534.05,476.7,0.05,9057.35,5490.46,Paid,Latin America
AR-INV-20286,CUST-2013,EMP-130,2024-03-10,2024-04-09,2024-05-03,16850.91,0.0,0.0,16850.91,7681.84,Paid,Europe
AR-INV-20287,CUST-2040,EMP-125,2024-03-10,2024-04-09,2024-05-10,7763.95,776.39,0.1,6987.56,4005.66,Paid,North America
AR-INV-20288,CUST-2027,EMP-103,2024-03-10,2024-04-09,2024-04-30,11386.05,0.0,0.0,11386.05,5237.48,Paid,North America
AR-INV-20292,CUST-2046,EMP-129,2024-03-11,2024-04-10,2024-03-27,22208.82,0.0,0.0,22208.82,10368.79,Paid,North America
AR-INV-20289,CUST-2044,EMP-103,2024-03-11,2024-04-10,2024-05-03,7442.11,744.21,0.1,6697.9,3152.74,Paid,North America
AR-INV-20291,CUST-2030,EMP-133,2024-03-11,2024-04-10,2024-04-25,2744.88,137.24,0.05,2607.64,1257.95,Paid,Europe
AR-INV-20290,CUST-2042,EMP-120,2024-03-11,2024-04-10,2024-04-05,6538.78,196.16,0.03,6342.62,3649.62,Paid,Europe
AR-INV-20295,CUST-2022,EMP-129,2024-03-12,2024-04-11,2024-03-31,9604.04,0.0,0.0,9604.04,5143.23,Paid,Latin America
AR-INV-20293,CUST-2030,EMP-120,2024-03-12,2024-04-11,2024-04-11,7999.19,0.0,0.0,7999.19,4131.74,Paid,Europe
AR-INV-20294,CUST-2012,EMP-120,2024-03-12,2024-04-11,2024-05-04,13775.62,413.27,0.03,13362.35,6030.76,Paid,North America
AR-INV-20296,CUST-2003,EMP-130,2024-03-13,2024-04-12,2024-04-27,18998.85,949.94,0.05,18048.91,10615.23,Paid,North America
AR-INV-20297,CUST-2025,EMP-103,2024-03-13,2024-04-12,2024-05-12,3716.75,185.84,0.05,3530.91,2130.49,Paid,Latin America
AR-INV-20298,CUST-2046,EMP-125,2024-03-14,2024-04-13,2024-03-30,11765.42,352.96,0.03,11412.46,5947.04,Paid,North America
AR-INV-20299,CUST-2029,EMP-120,2024-03-14,2024-04-13,2024-04-23,15577.72,778.89,0.05,14798.83,6691.66,Paid,Europe
AR-INV-20300,CUST-2047,EMP-103,2024-03-14,2024-04-13,2024-04-30,10870.83,0.0,0.0,10870.83,5812.2,Paid,Asia Pacific
AR-INV-20301,CUST-2041,EMP-130,2024-03-14,2024-04-13,2024-04-04,6890.9,206.73,0.03,6684.17,3762.35,Paid,Europe
AR-INV-20302,CUST-2017,EMP-125,2024-03-15,2024-04-14,2024-04-09,3805.77,190.29,0.05,3615.48,1666.49,Paid,Latin America
AR-INV-20303,CUST-2024,EMP-120,2024-03-15,2024-04-14,2024-04-14,7308.46,365.42,0.05,6943.04,3235.54,Paid,Asia Pacific
AR-INV-20304,CUST-2031,EMP-129,2024-03-15,2024-04-14,2024-05-13,3216.41,0.0,0.0,3216.41,1520.73,Paid,Asia Pacific
AR-INV-20305,CUST-2046,EMP-120,2024-03-16,2024-04-15,2024-04-21,15378.23,768.91,0.05,14609.32,8321.42,Paid,North America
AR-INV-20306,CUST-2019,EMP-130,2024-03-16,2024-04-15,2024-05-14,13492.28,404.77,0.03,13087.51,7366.51,Paid,Asia Pacific
AR-INV-20309,CUST-2046,EMP-133,2024-03-17,2024-04-16,2024-05-07,5570.95,0.0,0.0,5570.95,2977.86,Paid,North America
AR-INV-20307,CUST-2018,EMP-125,2024-03-17,2024-04-16,2024-05-04,16248.56,0.0,0.0,16248.56,7188.42,Paid,Asia Pacific
AR-INV-20308,CUST-2019,EMP-103,2024-03-17,2024-04-16,2024-04-24,6111.36,0.0,0.0,6111.36,2929.4,Paid,Asia Pacific
AR-INV-20312,CUST-2017,EMP-130,2024-03-18,2024-04-17,2024-05-09,3518.64,0.0,0.0,3518.64,1956.88,Paid,Latin America
AR-INV-20313,CUST-2020,EMP-129,2024-03-18,2024-04-17,2024-05-18,7105.59,213.17,0.03,6892.42,3279.28,Paid,North America
AR-INV-20310,CUST-2031,EMP-130,2024-03-18,2024-04-17,2024-05-19,13888.52,416.66,0.03,13471.86,6488.45,Paid,Asia Pacific
AR-INV-20311,CUST-2045,EMP-129,2024-03-18,2024-04-17,2024-04-26,13614.33,0.0,0.0,13614.33,6354.81,Paid,Latin America
AR-INV-20317,CUST-2034,EMP-120,2024-03-19,2024-04-18,2024-04-03,5170.66,0.0,0.0,5170.66,2913.88,Paid,Asia Pacific
AR-INV-20316,CUST-2024,EMP-120,2024-03-19,2024-04-18,2024-04-13,9159.4,732.75,0.08,8426.65,4558.08,Paid,Asia Pacific
AR-INV-20314,CUST-2034,EMP-120,2024-03-19,2024-04-18,2024-04-25,22845.85,685.38,0.03,22160.47,12885.07,Paid,Asia Pacific
AR-INV-20315,CUST-2042,EMP-129,2024-03-19,2024-04-18,2024-05-06,15735.55,472.07,0.03,15263.48,7870.53,Paid,Europe
AR-INV-20318,CUST-2005,EMP-133,2024-03-20,2024-04-19,2024-05-12,6035.19,1931.26,0.32,4103.93,2679.71,Paid,North America
AR-INV-20319,CUST-2050,EMP-130,2024-03-20,2024-04-19,2024-04-26,8284.34,414.22,0.05,7870.12,4340.99,Paid,Asia Pacific
AR-INV-20320,CUST-2032,EMP-120,2024-03-20,2024-04-19,2024-04-04,4563.71,136.91,0.03,4426.8,2383.09,Paid,Europe
AR-INV-20321,CUST-2048,EMP-125,2024-03-20,2024-04-19,2024-04-27,19327.3,1546.18,0.08,17781.12,10410.08,Paid,Latin America
AR-INV-20324,CUST-2006,EMP-103,2024-03-21,2024-04-20,2024-04-20,26054.2,781.63,0.03,25272.57,13122.77,Paid,North America
AR-INV-20325,CUST-2017,EMP-130,2024-03-21,2024-04-20,2024-04-20,8133.52,0.0,0.0,8133.52,4634.59,Paid,Latin America
AR-INV-20322,CUST-2026,EMP-130,2024-03-21,2024-04-20,2024-04-09,18426.13,0.0,0.0,18426.13,8710.44,Paid,Europe
AR-INV-20323,CUST-2018,EMP-125,2024-03-21,2024-04-20,2024-05-09,5271.9,527.19,0.1,4744.71,2928.31,Paid,Asia Pacific
AR-INV-20326,CUST-2046,EMP-120,2024-03-22,2024-04-21,2024-04-23,10564.76,0.0,0.0,10564.76,6092.7,Paid,North America
AR-INV-20327,CUST-2036,EMP-133,2024-03-22,2024-04-21,2024-04-10,8069.92,2582.37,0.32,5487.55,4461.95,Paid,North America
AR-INV-20328,CUST-2009,EMP-125,2024-03-22,2024-04-21,2024-04-21,5558.7,0.0,0.0,5558.7,2519.41,Paid,North America
AR-INV-20329,CUST-2038,EMP-120,2024-03-23,2024-04-22,2024-05-27,8614.37,258.43,0.03,8355.94,4358.09,Paid,North America
AR-INV-20330,CUST-2004,EMP-133,2024-03-23,2024-04-22,2024-05-05,3553.89,1101.71,0.31,2452.18,1764.61,Paid,Europe
AR-INV-20331,CUST-2006,EMP-120,2024-03-23,2024-04-22,2024-04-20,8647.88,0.0,0.0,8647.88,4382.56,Paid,North America
AR-INV-20332,CUST-2039,EMP-120,2024-03-23,2024-04-22,2024-05-04,10009.43,0.0,0.0,10009.43,4219.34,Paid,Asia Pacific
AR-INV-20337,CUST-2020,EMP-133,2024-03-24,2024-04-23,2024-05-13,5282.15,1743.11,0.33,3539.04,2451.16,Paid,North America
AR-INV-20336,CUST-2022,EMP-125,2024-03-24,2024-04-23,2024-05-19,11620.67,348.62,0.03,11272.05,5408.27,Paid,Latin America
AR-INV-20334,CUST-2038,EMP-130,2024-03-24,2024-04-23,2024-04-08,4209.34,126.28,0.03,4083.06,2075.21,Paid,North America
AR-INV-20333,CUST-2008,EMP-130,2024-03-24,2024-04-23,2024-04-20,11904.2,952.34,0.08,10951.86,6480.45,Paid,Europe
AR-INV-20335,CUST-2017,EMP-120,2024-03-24,2024-04-23,2024-04-19,4355.11,130.65,0.03,4224.46,2172.4,Paid,Latin America
AR-INV-20338,CUST-2041,EMP-120,2024-03-25,2024-04-24,2024-04-20,9335.95,0.0,0.0,9335.95,5051.29,Paid,Europe
AR-INV-20339,CUST-2032,EMP-103,2024-03-25,2024-04-24,2024-05-09,19455.76,0.0,0.0,19455.76,11204.51,Paid,Europe
AR-INV-20340,CUST-2032,EMP-129,2024-03-25,2024-04-24,2024-05-22,5020.65,0.0,0.0,5020.65,2719.54,Paid,Europe
AR-INV-20341,CUST-2020,EMP-103,2024-03-25,2024-04-24,2024-05-19,6410.85,512.87,0.08,5897.98,3147.16,Paid,North America
AR-INV-20342,CUST-2012,EMP-129,2024-03-26,2024-04-25,2024-04-23,17177.25,858.86,0.05,16318.39,9311.04,Paid,North America
AR-INV-20343,CUST-2020,EMP-125,2024-03-26,2024-04-25,2024-05-10,3506.43,0.0,0.0,3506.43,1902.68,Paid,North America
AR-INV-20344,CUST-2007,EMP-130,2024-03-26,2024-04-25,2024-05-16,9408.5,0.0,0.0,9408.5,4869.13,Paid,Asia Pacific
AR-INV-20345,CUST-2044,EMP-129,2024-03-26,2024-04-25,2024-05-05,12302.82,0.0,0.0,12302.82,5544.94,Paid,North America
AR-INV-20350,CUST-2021,EMP-120,2024-03-27,2024-04-26,2024-05-29,11979.16,0.0,0.0,11979.16,6110.88,Paid,Europe
AR-INV-20346,CUST-2011,EMP-125,2024-03-27,2024-04-26,2024-05-14,16675.85,833.79,0.05,15842.06,7872.82,Paid,North America
AR-INV-20347,CUST-2031,EMP-130,2024-03-27,2024-04-26,2024-05-27,8200.22,246.01,0.03,7954.21,3991.09,Paid,Asia Pacific
AR-INV-20348,CUST-2018,EMP-129,2024-03-27,2024-04-26,2024-04-30,4975.53,398.04,0.08,4577.49,2465.46,Paid,Asia Pacific
AR-INV-20349,CUST-2024,EMP-129,2024-03-27,2024-04-26,2024-05-28,4250.23,0.0,0.0,4250.23,2279.29,Paid,Asia Pacific
AR-INV-20353,CUST-2013,EMP-129,2024-03-28,2024-04-27,2024-05-05,8614.61,430.73,0.05,8183.88,3970.89,Paid,Europe
AR-INV-20354,CUST-2002,EMP-133,2024-03-28,2024-04-27,2024-05-29,12227.65,4279.68,0.35,7947.97,6227.43,Paid,North America
AR-INV-20351,CUST-2049,EMP-120,2024-03-28,2024-04-27,2024-05-23,12136.97,0.0,0.0,12136.97,5891.36,Paid,Asia Pacific
AR-INV-20352,CUST-2009,EMP-120,2024-03-28,2024-04-27,2024-05-27,24735.61,1236.78,0.05,23498.83,10466.05,Paid,North America
AR-INV-20356,CUST-2005,EMP-129,2024-03-29,2024-04-28,2024-05-29,5307.56,0.0,0.0,5307.56,2843.03,Paid,North America
AR-INV-20357,CUST-2038,EMP-120,2024-03-29,2024-04-28,2024-06-01,12069.69,1206.97,0.1,10862.72,6897.51,Paid,North America
AR-INV-20355,CUST-2014,EMP-125,2024-03-29,2024-04-28,2024-04-19,9839.05,295.17,0.03,9543.88,5480.59,Paid,North America
AR-INV-20361,CUST-2031,EMP-129,2024-03-30,2024-04-29,2024-06-02,36252.34,2900.19,0.08,33352.15,15655.15,Paid,Asia Pacific
AR-INV-20360,CUST-2018,EMP-125,2024-03-30,2024-04-29,2024-04-21,6971.48,0.0,0.0,6971.48,3958.25,Paid,Asia Pacific
AR-INV-20359,CUST-2038,EMP-120,2024-03-30,2024-04-29,2024-05-05,14688.36,0.0,0.0,14688.36,6300.99,Paid,North America
AR-INV-20358,CUST-2045,EMP-130,2024-03-30,2024-04-29,2024-05-22,17878.17,536.35,0.03,17341.82,8310.18,Paid,Latin America
AR-INV-20362,CUST-2010,EMP-129,2024-03-31,2024-04-30,2024-05-20,9075.08,272.25,0.03,8802.83,4645.12,Paid,North America
AR-INV-20363,CUST-2006,EMP-120,2024-03-31,2024-04-30,2024-06-02,19155.59,0.0,0.0,19155.59,9800.71,Paid,North America
AR-INV-20364,CUST-2043,EMP-133,2024-03-31,2024-04-30,2024-04-23,8737.18,3494.87,0.4,5242.31,4633.6,Paid,Europe
AR-INV-20365,CUST-2050,EMP-103,2024-03-31,2024-04-30,2024-06-01,18907.87,1512.63,0.08,17395.24,10056.72,Paid,Asia Pacific
AR-INV-20366,CUST-2021,EMP-133,2024-03-31,2024-04-30,2024-04-26,9412.87,3294.5,0.35,6118.37,5285.64,Paid,Europe
AR-INV-20367,CUST-2015,EMP-120,2024-04-01,2024-05-01,2024-05-31,9781.44,0.0,0.0,9781.44,4419.62,Paid,Latin America
AR-INV-20368,CUST-2017,EMP-133,2024-04-01,2024-05-01,2024-04-24,17524.43,525.73,0.03,16998.7,9975.41,Paid,Latin America
AR-INV-20369,CUST-2008,EMP-130,2024-04-01,2024-05-01,2024-05-17,26782.36,803.47,0.03,25978.89,12946.84,Paid,Europe
AR-INV-20374,CUST-2008,EMP-125,2024-04-02,2024-05-02,2024-04-22,7144.55,0.0,0.0,7144.55,3587.71,Paid,Europe
AR-INV-20373,CUST-2048,EMP-103,2024-04-02,2024-05-02,2024-06-05,6298.08,188.94,0.03,6109.14,3626.92,Paid,Latin America
AR-INV-20370,CUST-2034,EMP-103,2024-04-02,2024-05-02,2024-04-18,9220.41,737.63,0.08,8482.78,4628.29,Paid,Asia Pacific
AR-INV-20371,CUST-2037,EMP-120,2024-04-02,2024-05-02,2024-05-07,8380.82,838.08,0.1,7542.74,4806.95,Paid,Asia Pacific
AR-INV-20372,CUST-2035,EMP-120,2024-04-02,2024-05-02,2024-04-21,6881.47,0.0,0.0,6881.47,3257.69,Paid,Europe
AR-INV-20375,CUST-2030,EMP-125,2024-04-03,2024-05-03,2024-04-22,7794.55,389.73,0.05,7404.82,3511.77,Paid,Europe
AR-INV-20376,CUST-2050,EMP-130,2024-04-03,2024-05-03,2024-05-16,16335.3,490.06,0.03,15845.24,7584.45,Paid,Asia Pacific
AR-INV-20377,CUST-2048,EMP-129,2024-04-03,2024-05-03,2024-05-29,13797.37,689.87,0.05,13107.5,5956.11,Paid,Latin America
AR-INV-20378,CUST-2037,EMP-133,2024-04-03,2024-05-03,2024-06-04,15250.28,457.51,0.03,14792.77,8311.07,Paid,Asia Pacific
AR-INV-20383,CUST-2023,EMP-130,2024-04-04,2024-05-04,2024-06-07,3947.0,315.76,0.08,3631.24,1754.11,Paid,Asia Pacific
AR-INV-20382,CUST-2030,EMP-130,2024-04-04,2024-05-04,2024-05-25,11797.07,589.85,0.05,11207.22,6408.03,Paid,Europe
AR-INV-20379,CUST-2028,EMP-103,2024-04-04,2024-05-04,2024-05-28,15111.44,453.34,0.03,14658.1,7057.2,Paid,Europe
AR-INV-20380,CUST-2025,EMP-103,2024-04-04,2024-05-04,2024-04-28,19054.09,0.0,0.0,19054.09,8985.56,Paid,Latin America
AR-INV-20381,CUST-2017,EMP-129,2024-04-04,2024-05-04,2024-05-23,6799.86,204.0,0.03,6595.86,3691.27,Paid,Latin America
AR-INV-20384,CUST-2020,EMP-129,2024-04-05,2024-05-05,2024-04-22,3966.54,0.0,0.0,3966.54,2004.48,Paid,North America
AR-INV-20385,CUST-2050,EMP-129,2024-04-05,2024-05-05,2024-05-10,11157.07,334.71,0.03,10822.36,6390.16,Paid,Asia Pacific
AR-INV-20386,CUST-2021,EMP-129,2024-04-05,2024-05-05,2024-04-30,9784.06,489.2,0.05,9294.86,4425.06,Paid,Europe
AR-INV-20389,CUST-2025,EMP-103,2024-04-06,2024-05-06,2024-06-07,21563.93,646.92,0.03,20917.01,11623.62,Paid,Latin America
AR-INV-20390,CUST-2014,EMP-120,2024-04-06,2024-05-06,2024-05-03,10550.97,0.0,0.0,10550.97,5171.74,Paid,North America
AR-INV-20387,CUST-2018,EMP-129,2024-04-06,2024-05-06,2024-05-13,10706.95,856.56,0.08,9850.39,4869.07,Paid,Asia Pacific
AR-INV-20388,CUST-2002,EMP-129,2024-04-06,2024-05-06,2024-04-28,14461.85,1156.95,0.08,13304.9,8259.19,Paid,North America
AR-INV-20391,CUST-2025,EMP-125,2024-04-07,2024-05-07,2024-05-03,9641.1,482.06,0.05,9159.04,4192.49,Paid,Latin America
AR-INV-20392,CUST-2033,EMP-125,2024-04-07,2024-05-07,2024-06-09,7036.84,351.84,0.05,6685.0,3092.5,Paid,Asia Pacific
AR-INV-20393,CUST-2014,EMP-103,2024-04-07,2024-05-07,2024-05-14,16464.27,1317.14,0.08,15147.13,8866.05,Paid,North America
AR-INV-20398,CUST-2042,EMP-133,2024-04-08,2024-05-08,2024-06-03,10666.21,0.0,0.0,10666.21,5676.5,Paid,Europe
AR-INV-20394,CUST-2021,EMP-120,2024-04-08,2024-05-08,2024-05-25,7376.2,0.0,0.0,7376.2,4260.67,Paid,Europe
AR-INV-20395,CUST-2024,EMP-120,2024-04-08,2024-05-08,2024-05-22,9030.9,0.0,0.0,9030.9,3954.8,Paid,Asia Pacific
AR-INV-20396,CUST-2002,EMP-103,2024-04-08,2024-05-08,2024-04-29,14641.47,0.0,0.0,14641.47,7133.36,Paid,North America
AR-INV-20397,CUST-2023,EMP-133,2024-04-08,2024-05-08,2024-05-20,10991.56,879.32,0.08,10112.24,6087.63,Paid,Asia Pacific
AR-INV-20401,CUST-2037,EMP-103,2024-04-09,2024-05-09,2024-06-07,29449.42,0.0,0.0,29449.42,13102.68,Paid,Asia Pacific
AR-INV-20402,CUST-2031,EMP-103,2024-04-09,2024-05-09,2024-06-10,4930.28,0.0,0.0,4930.28,2703.67,Paid,Asia Pacific
AR-INV-20399,CUST-2025,EMP-120,2024-04-09,2024-05-09,2024-06-09,6451.12,0.0,0.0,6451.12,3704.73,Paid,Latin America
AR-INV-20400,CUST-2042,EMP-133,2024-04-09,2024-05-09,2024-05-05,12582.17,0.0,0.0,12582.17,6990.48,Paid,Europe
AR-INV-20406,CUST-2002,EMP-120,2024-04-10,2024-05-10,2024-05-18,20754.64,0.0,0.0,20754.64,10057.38,Paid,North America
AR-INV-20405,CUST-2012,EMP-133,2024-04-10,2024-05-10,2024-05-05,11951.86,956.15,0.08,10995.71,5228.97,Paid,North America
AR-INV-20403,CUST-2024,EMP-125,2024-04-10,2024-05-10,2024-05-06,5533.95,166.02,0.03,5367.93,2463.7,Paid,Asia Pacific
AR-INV-20404,CUST-2012,EMP-125,2024-04-10,2024-05-10,2024-06-06,15755.65,1575.57,0.1,14180.08,8487.8,Paid,North America
AR-INV-20407,CUST-2017,EMP-125,2024-04-11,2024-05-11,2024-05-17,6915.51,0.0,0.0,6915.51,3771.19,Paid,Latin America
AR-INV-20408,CUST-2002,EMP-120,2024-04-11,2024-05-11,2024-05-22,16599.52,0.0,0.0,16599.52,9287.84,Paid,North America
AR-INV-20409,CUST-2003,EMP-125,2024-04-11,2024-05-11,2024-05-29,12583.49,0.0,0.0,12583.49,6490.08,Paid,North America
AR-INV-20410,CUST-2011,EMP-129,2024-04-11,2024-05-11,2024-05-10,6097.81,0.0,0.0,6097.81,2901.26,Paid,North America
AR-INV-20411,CUST-2006,EMP-120,2024-04-11,2024-05-11,2024-05-26,7392.33,739.23,0.1,6653.1,3237.73,Paid,North America
AR-INV-20412,CUST-2030,EMP-120,2024-04-11,2024-05-11,2024-05-04,10621.51,849.72,0.08,9771.79,5373.17,Paid,Europe
AR-INV-20414,CUST-2009,EMP-133,2024-04-12,2024-05-12,2024-06-05,18557.91,927.9,0.05,17630.01,8879.83,Paid,North America
AR-INV-20413,CUST-2041,EMP-103,2024-04-12,2024-05-12,2024-05-13,6436.42,0.0,0.0,6436.42,3186.79,Paid,Europe
AR-INV-20415,CUST-2043,EMP-130,2024-04-12,2024-05-12,2024-06-02,15348.31,0.0,0.0,15348.31,7656.48,Paid,Europe
AR-INV-20416,CUST-2013,EMP-129,2024-04-12,2024-05-12,2024-05-06,8011.88,0.0,0.0,8011.88,3531.39,Paid,Europe
AR-INV-20417,CUST-2015,EMP-130,2024-04-12,2024-05-12,2024-05-22,9650.57,0.0,0.0,9650.57,4199.6,Paid,Latin America
AR-INV-20418,CUST-2040,EMP-103,2024-04-13,2024-05-13,2024-06-13,17043.08,0.0,0.0,17043.08,7841.65,Paid,North America
AR-INV-20419,CUST-2043,EMP-133,2024-04-13,2024-05-13,2024-06-09,10163.69,0.0,0.0,10163.69,5852.59,Paid,Europe
AR-INV-20420,CUST-2038,EMP-125,2024-04-13,2024-05-13,2024-05-15,27059.04,811.77,0.03,26247.27,15640.74,Paid,North America
AR-INV-20425,CUST-2031,EMP-120,2024-04-14,2024-05-14,2024-06-04,8246.58,659.73,0.08,7586.85,3711.29,Paid,Asia Pacific
AR-INV-20424,CUST-2003,EMP-129,2024-04-14,2024-05-14,2024-06-04,17984.34,0.0,0.0,17984.34,8481.51,Paid,North America
AR-INV-20423,CUST-2004,EMP-129,2024-04-14,2024-05-14,2024-06-08,5707.46,570.75,0.1,5136.71,2410.21,Paid,Europe
AR-INV-20422,CUST-2048,EMP-103,2024-04-14,2024-05-14,2024-06-08,6601.6,330.08,0.05,6271.52,3617.44,Paid,Latin America
AR-INV-20421,CUST-2009,EMP-133,2024-04-14,2024-05-14,2024-06-05,13847.71,415.43,0.03,13432.28,7281.02,Paid,North America
AR-INV-20426,CUST-2014,EMP-120,2024-04-15,2024-05-15,2024-05-07,11355.24,340.66,0.03,11014.58,5760.98,Paid,North America
AR-INV-20427,CUST-2048,EMP-133,2024-04-15,2024-05-15,2024-05-21,1900.49,95.02,0.05,1805.47,954.65,Paid,Latin America
AR-INV-20428,CUST-2022,EMP-129,2024-04-15,2024-05-15,2024-05-31,10630.21,0.0,0.0,10630.21,5837.24,Paid,Latin America
AR-INV-20429,CUST-2050,EMP-125,2024-04-15,2024-05-15,2024-05-21,4587.22,137.62,0.03,4449.6,1997.46,Paid,Asia Pacific
AR-INV-20434,CUST-2033,EMP-129,2024-04-16,2024-05-16,2024-06-02,28460.41,0.0,0.0,28460.41,16239.51,Paid,Asia Pacific
AR-INV-20433,CUST-2020,EMP-120,2024-04-16,2024-05-16,2024-05-06,8571.42,257.14,0.03,8314.28,4949.91,Paid,North America
AR-INV-20432,CUST-2008,EMP-125,2024-04-16,2024-05-16,2024-05-23,8820.79,441.04,0.05,8379.75,3882.98,Paid,Europe
AR-INV-20431,CUST-2035,EMP-129,2024-04-16,2024-05-16,2024-05-08,19521.99,0.0,0.0,19521.99,11244.94,Paid,Europe
AR-INV-20430,CUST-2017,EMP-103,2024-04-16,2024-05-16,2024-05-02,4552.64,227.63,0.05,4325.01,2222.79,Paid,Latin America
AR-INV-20435,CUST-2044,EMP-129,2024-04-17,2024-05-17,2024-06-18,17255.23,862.76,0.05,16392.47,7795.71,Paid,North America
AR-INV-20436,CUST-2023,EMP-125,2024-04-17,2024-05-17,2024-06-04,23012.58,690.38,0.03,22322.2,10224.11,Paid,Asia Pacific
AR-INV-20437,CUST-2034,EMP-103,2024-04-17,2024-05-17,2024-05-16,19877.96,993.9,0.05,18884.06,9502.16,Paid,Asia Pacific
AR-INV-20438,CUST-2034,EMP-129,2024-04-18,2024-05-18,2024-05-13,15970.99,0.0,0.0,15970.99,6963.7,Paid,Asia Pacific
AR-INV-20439,CUST-2041,EMP-130,2024-04-18,2024-05-18,2024-06-20,22471.04,1797.68,0.08,20673.36,10251.32,Paid,Europe
AR-INV-20440,CUST-2046,EMP-129,2024-04-18,2024-05-18,2024-05-30,6822.85,204.69,0.03,6618.16,3908.27,Paid,North America
AR-INV-20441,CUST-2013,EMP-133,2024-04-18,2024-05-18,2024-05-28,6358.92,0.0,0.0,6358.92,3656.78,Paid,Europe
AR-INV-20443,CUST-2047,EMP-133,2024-04-19,2024-05-19,2024-06-08,3693.29,0.0,0.0,3693.29,1699.7,Paid,Asia Pacific
AR-INV-20442,CUST-2034,EMP-120,2024-04-19,2024-05-19,2024-05-12,4564.09,365.13,0.08,4198.96,2258.68,Paid,Asia Pacific
AR-INV-20444,CUST-2043,EMP-133,2024-04-19,2024-05-19,2024-06-11,11230.24,0.0,0.0,11230.24,6034.61,Paid,Europe
AR-INV-20450,CUST-2010,EMP-130,2024-04-20,2024-05-20,2024-06-14,10619.44,0.0,0.0,10619.44,5016.57,Paid,North America
AR-INV-20449,CUST-2048,EMP-125,2024-04-20,2024-05-20,2024-06-02,10098.06,807.84,0.08,9290.22,4486.52,Paid,Latin America
AR-INV-20448,CUST-2015,EMP-133,2024-04-20,2024-05-20,2024-06-20,2116.52,0.0,0.0,2116.52,1024.88,Paid,Latin America
AR-INV-20446,CUST-2049,EMP-129,2024-04-20,2024-05-20,2024-05-31,5437.13,0.0,0.0,5437.13,2422.3,Paid,Asia Pacific
AR-INV-20445,CUST-2004,EMP-120,2024-04-20,2024-05-20,2024-05-15,4248.06,0.0,0.0,4248.06,2111.07,Paid,Europe
AR-INV-20447,CUST-2026,EMP-125,2024-04-20,2024-05-20,2024-05-09,9341.79,0.0,0.0,9341.79,5170.61,Paid,Europe
AR-INV-20451,CUST-2020,EMP-125,2024-04-21,2024-05-21,2024-06-05,27469.51,0.0,0.0,27469.51,14299.73,Paid,North America
AR-INV-20452,CUST-2015,EMP-130,2024-04-21,2024-05-21,2024-06-09,11825.08,354.75,0.03,11470.33,6522.22,Paid,Latin America
AR-INV-20453,CUST-2048,EMP-125,2024-04-21,2024-05-21,2024-06-23,11240.67,337.22,0.03,10903.45,4847.7,Paid,Latin America
AR-INV-20458,CUST-2016,EMP-130,2024-04-22,2024-05-22,2024-06-03,6901.4,207.04,0.03,6694.36,3673.31,Paid,Latin America
AR-INV-20459,CUST-2027,EMP-103,2024-04-22,2024-05-22,2024-05-24,17401.14,522.03,0.03,16879.11,9717.26,Paid,North America
AR-INV-20457,CUST-2006,EMP-130,2024-04-22,2024-05-22,2024-05-30,17336.71,520.1,0.03,16816.61,8943.1,Paid,North America
AR-INV-20456,CUST-2045,EMP-120,2024-04-22,2024-05-22,2024-05-13,11675.72,583.79,0.05,11091.93,5323.44,Paid,Latin America
AR-INV-20455,CUST-2008,EMP-130,2024-04-22,2024-05-22,2024-06-21,9239.64,277.19,0.03,8962.45,4745.45,Paid,Europe
AR-INV-20454,CUST-2022,EMP-133,2024-04-22,2024-05-22,2024-05-23,22466.79,1797.34,0.08,20669.45,9583.33,Paid,Latin America
AR-INV-20460,CUST-2047,EMP-133,2024-04-23,2024-05-23,2024-05-29,4744.05,379.52,0.08,4364.53,2478.49,Paid,Asia Pacific
AR-INV-20461,CUST-2027,EMP-130,2024-04-23,2024-05-23,2024-05-13,14911.92,745.6,0.05,14166.32,8608.56,Paid,North America
AR-INV-20462,CUST-2001,EMP-103,2024-04-23,2024-05-23,2024-06-14,14961.81,748.09,0.05,14213.72,7446.31,Paid,North America
AR-INV-20463,CUST-2032,EMP-129,2024-04-23,2024-05-23,2024-05-14,8448.85,253.47,0.03,8195.38,4448.32,Paid,Europe
AR-INV-20464,CUST-2050,EMP-130,2024-04-23,2024-05-23,2024-06-13,9543.88,286.32,0.03,9257.56,4934.78,Paid,Asia Pacific
AR-INV-20466,CUST-2042,EMP-103,2024-04-24,2024-05-24,2024-06-26,9931.98,297.96,0.03,9634.02,4358.11,Paid,Europe
AR-INV-20467,CUST-2016,EMP-133,2024-04-24,2024-05-24,2024-06-16,13951.91,418.56,0.03,13533.35,7443.19,Paid,Latin America
AR-INV-20465,CUST-2034,EMP-130,2024-04-24,2024-05-24,2024-06-15,23716.85,0.0,0.0,23716.85,12244.2,Paid,Asia Pacific
AR-INV-20471,CUST-2014,EMP-125,2024-04-25,2024-05-25,2024-05-31,12966.32,0.0,0.0,12966.32,6753.94,Paid,North America
AR-INV-20470,CUST-2041,EMP-130,2024-04-25,2024-05-25,2024-05-11,7516.55,375.83,0.05,7140.72,3961.6,Paid,Europe
AR-INV-20468,CUST-2026,EMP-130,2024-04-25,2024-05-25,2024-06-29,10831.52,541.58,0.05,10289.94,5151.13,Paid,Europe
AR-INV-20469,CUST-2029,EMP-120,2024-04-25,2024-05-25,2024-06-04,7237.38,217.12,0.03,7020.26,3645.05,Paid,Europe
AR-INV-20472,CUST-2027,EMP-103,2024-04-26,2024-05-26,2024-05-27,21162.53,1058.13,0.05,20104.4,11764.44,Paid,North America
AR-INV-20473,CUST-2023,EMP-130,2024-04-26,2024-05-26,2024-05-26,4906.26,0.0,0.0,4906.26,2824.89,Paid,Asia Pacific
AR-INV-20474,CUST-2004,EMP-133,2024-04-27,2024-05-27,2024-05-28,22770.44,683.11,0.03,22087.33,13173.98,Paid,Europe
AR-INV-20475,CUST-2050,EMP-129,2024-04-27,2024-05-27,2024-06-16,14679.09,0.0,0.0,14679.09,7975.58,Paid,Asia Pacific
AR-INV-20476,CUST-2042,EMP-133,2024-04-27,2024-05-27,2024-06-30,9244.44,462.22,0.05,8782.22,4996.91,Paid,Europe
AR-INV-20477,CUST-2032,EMP-103,2024-04-28,2024-05-28,2024-06-29,12549.77,0.0,0.0,12549.77,6508.62,Paid,Europe
AR-INV-20478,CUST-2015,EMP-133,2024-04-28,2024-05-28,2024-06-28,14543.78,727.19,0.05,13816.59,6344.11,Paid,Latin America
AR-INV-20479,CUST-2006,EMP-130,2024-04-28,2024-05-28,2024-06-22,5589.96,167.7,0.03,5422.26,2903.92,Paid,North America
AR-INV-20480,CUST-2012,EMP-120,2024-04-28,2024-05-28,2024-06-13,9670.77,0.0,0.0,9670.77,5386.19,Paid,North America
AR-INV-20481,CUST-2023,EMP-133,2024-04-28,2024-05-28,2024-06-30,10555.09,527.75,0.05,10027.34,5945.94,Paid,Asia Pacific
AR-INV-20482,CUST-2011,EMP-133,2024-04-29,2024-05-29,2024-06-02,3982.42,0.0,0.0,3982.42,1793.55,Paid,North America
AR-INV-20483,CUST-2033,EMP-130,2024-04-29,2024-05-29,2024-06-18,16216.57,486.5,0.03,15730.07,7579.5,Paid,Asia Pacific
AR-INV-20484,CUST-2035,EMP-129,2024-04-29,2024-05-29,2024-05-26,7429.6,0.0,0.0,7429.6,3947.36,Paid,Europe
AR-INV-20485,CUST-2046,EMP-125,2024-04-30,2024-05-30,2024-05-31,7668.02,613.44,0.08,7054.58,4034.23,Paid,North America
AR-INV-20486,CUST-2010,EMP-130,2024-04-30,2024-05-30,2024-05-23,10066.75,0.0,0.0,10066.75,4797.89,Paid,North America
AR-INV-20492,CUST-2001,EMP-133,2024-05-01,2024-05-31,2024-06-24,11460.06,0.0,0.0,11460.06,4851.32,Paid,North America
AR-INV-20491,CUST-2016,EMP-129,2024-05-01,2024-05-31,2024-05-25,7007.35,210.22,0.03,6797.13,3852.95,Paid,Latin America
AR-INV-20490,CUST-2002,EMP-120,2024-05-01,2024-05-31,2024-05-30,12561.35,0.0,0.0,12561.35,6672.75,Paid,North America
AR-INV-20489,CUST-2029,EMP-103,2024-05-01,2024-05-31,2024-06-02,10810.15,0.0,0.0,10810.15,4808.38,Paid,Europe
AR-INV-20488,CUST-2040,EMP-125,2024-05-01,2024-05-31,2024-05-30,12819.03,1281.9,0.1,11537.13,6048.2,Paid,North America
AR-INV-20487,CUST-2007,EMP-130,2024-05-01,2024-05-31,2024-06-03,13334.22,666.71,0.05,12667.51,7493.73,Paid,Asia Pacific
AR-INV-20493,CUST-2029,EMP-120,2024-05-02,2024-06-01,2024-05-29,14033.84,421.02,0.03,13612.82,8135.97,Paid,Europe
AR-INV-20494,CUST-2027,EMP-129,2024-05-02,2024-06-01,2024-06-26,7590.25,379.51,0.05,7210.74,3893.37,Paid,North America
AR-INV-20495,CUST-2037,EMP-120,2024-05-02,2024-06-01,2024-06-09,10686.66,534.33,0.05,10152.33,5696.84,Paid,Asia Pacific
AR-INV-20496,CUST-2017,EMP-120,2024-05-02,2024-06-01,2024-06-01,14199.82,0.0,0.0,14199.82,8008.82,Paid,Latin America
AR-INV-20498,CUST-2016,EMP-125,2024-05-03,2024-06-02,2024-07-07,5078.07,152.34,0.03,4925.73,2211.29,Paid,Latin America
AR-INV-20499,CUST-2033,EMP-130,2024-05-03,2024-06-02,2024-06-25,20968.44,629.05,0.03,20339.39,9858.47,Paid,Asia Pacific
AR-INV-20497,CUST-2023,EMP-103,2024-05-03,2024-06-02,2024-07-01,10056.51,1005.65,0.1,9050.86,4440.14,Paid,Asia Pacific
AR-INV-20500,CUST-2023,EMP-130,2024-05-04,2024-06-03,2024-06-02,18991.01,949.55,0.05,18041.46,10943.36,Paid,Asia Pacific
AR-INV-20501,CUST-2030,EMP-133,2024-05-04,2024-06-03,2024-06-27,10497.08,314.91,0.03,10182.17,4498.13,Paid,Europe
AR-INV-20502,CUST-2029,EMP-120,2024-05-04,2024-06-03,2024-05-29,22612.45,678.37,0.03,21934.08,9731.16,Paid,Europe
AR-INV-20503,CUST-2029,EMP-125,2024-05-05,2024-06-04,2024-06-19,14533.35,726.67,0.05,13806.68,8187.14,Paid,Europe
AR-INV-20504,CUST-2046,EMP-129,2024-05-05,2024-06-04,2024-07-05,9397.01,0.0,0.0,9397.01,4479.61,Paid,North America
AR-INV-20507,CUST-2020,EMP-125,2024-05-06,2024-06-05,2024-06-04,9681.46,484.07,0.05,9197.39,4538.14,Paid,North America
AR-INV-20505,CUST-2017,EMP-130,2024-05-06,2024-06-05,2024-06-17,7095.13,0.0,0.0,7095.13,3658.52,Paid,Latin America
AR-INV-20506,CUST-2046,EMP-129,2024-05-06,2024-06-05,2024-06-18,5606.88,560.69,0.1,5046.19,2547.95,Paid,North America
AR-INV-20511,CUST-2040,EMP-103,2024-05-07,2024-06-06,2024-07-07,4766.07,142.98,0.03,4623.09,2558.72,Paid,North America
AR-INV-20510,CUST-2046,EMP-133,2024-05-07,2024-06-06,2024-05-26,12608.01,378.24,0.03,12229.77,6857.99,Paid,North America
AR-INV-20508,CUST-2033,EMP-120,2024-05-07,2024-06-06,2024-07-04,6380.33,0.0,0.0,6380.33,3230.6,Paid,Asia Pacific
AR-INV-20509,CUST-2038,EMP-133,2024-05-07,2024-06-06,2024-05-25,6682.31,534.58,0.08,6147.73,3844.61,Paid,North America
AR-INV-20512,CUST-2039,EMP-129,2024-05-08,2024-06-07,2024-06-23,4041.65,202.08,0.05,3839.57,1716.56,Paid,Asia Pacific
AR-INV-20513,CUST-2047,EMP-103,2024-05-08,2024-06-07,2024-06-17,11119.72,0.0,0.0,11119.72,4837.81,Paid,Asia Pacific
AR-INV-20514,CUST-2037,EMP-130,2024-05-08,2024-06-07,2024-06-18,14311.62,1144.93,0.08,13166.69,6898.09,Paid,Asia Pacific
AR-INV-20515,CUST-2031,EMP-129,2024-05-09,2024-06-08,2024-06-12,13054.64,652.73,0.05,12401.91,5865.17,Paid,Asia Pacific
AR-INV-20516,CUST-2023,EMP-129,2024-05-09,2024-06-08,2024-06-24,4103.25,205.16,0.05,3898.09,2300.49,Paid,Asia Pacific
AR-INV-20517,CUST-2006,EMP-129,2024-05-09,2024-06-08,2024-06-15,7034.71,0.0,0.0,7034.71,3180.37,Paid,North America
AR-INV-20520,CUST-2004,EMP-130,2024-05-10,2024-06-09,2024-06-27,10720.76,0.0,0.0,10720.76,4791.77,Paid,Europe
AR-INV-20523,CUST-2041,EMP-125,2024-05-10,2024-06-09,2024-06-16,4207.78,126.23,0.03,4081.55,2127.6,Paid,Europe
AR-INV-20522,CUST-2037,EMP-133,2024-05-10,2024-06-09,2024-06-06,9492.06,759.36,0.08,8732.7,5438.13,Paid,Asia Pacific
AR-INV-20519,CUST-2017,EMP-103,2024-05-10,2024-06-09,2024-06-29,4245.48,339.64,0.08,3905.84,1824.47,Paid,Latin America
AR-INV-20518,CUST-2041,EMP-103,2024-05-10,2024-06-09,2024-06-27,7516.99,0.0,0.0,7516.99,4061.36,Paid,Europe
AR-INV-20521,CUST-2001,EMP-103,2024-05-10,2024-06-09,2024-06-30,11810.05,0.0,0.0,11810.05,5538.94,Paid,North America
AR-INV-20524,CUST-2044,EMP-129,2024-05-11,2024-06-10,2024-06-23,27078.15,812.34,0.03,26265.81,13859.62,Paid,North America
AR-INV-20525,CUST-2046,EMP-129,2024-05-11,2024-06-10,2024-06-23,6646.56,199.4,0.03,6447.16,3657.59,Paid,North America
AR-INV-20527,CUST-2020,EMP-133,2024-05-12,2024-06-11,2024-07-03,21144.09,0.0,0.0,21144.09,11191.25,Paid,North America
AR-INV-20526,CUST-2003,EMP-125,2024-05-12,2024-06-11,2024-06-03,17148.32,1371.87,0.08,15776.45,9379.85,Paid,North America
AR-INV-20529,CUST-2022,EMP-120,2024-05-13,2024-06-12,2024-06-21,13071.74,1045.74,0.08,12026.0,6636.22,Paid,Latin America
AR-INV-20530,CUST-2029,EMP-103,2024-05-13,2024-06-12,2024-06-12,4822.35,241.12,0.05,4581.23,2075.9,Paid,Europe
AR-INV-20528,CUST-2007,EMP-120,2024-05-13,2024-06-12,2024-07-06,8402.68,0.0,0.0,8402.68,3737.85,Paid,Asia Pacific
AR-INV-20531,CUST-2024,EMP-129,2024-05-13,2024-06-12,2024-06-09,8592.73,0.0,0.0,8592.73,4732.99,Paid,Asia Pacific
AR-INV-20535,CUST-2037,EMP-130,2024-05-14,2024-06-13,2024-07-02,8056.59,241.7,0.03,7814.89,3891.89,Paid,Asia Pacific
AR-INV-20534,CUST-2006,EMP-130,2024-05-14,2024-06-13,2024-07-04,15205.16,760.26,0.05,14444.9,8604.58,Paid,North America
AR-INV-20536,CUST-2042,EMP-129,2024-05-14,2024-06-13,2024-07-16,17147.05,0.0,0.0,17147.05,7573.44,Paid,Europe
AR-INV-20532,CUST-2003,EMP-133,2024-05-14,2024-06-13,2024-06-28,13307.13,0.0,0.0,13307.13,7680.55,Paid,North America
AR-INV-20533,CUST-2043,EMP-130,2024-05-14,2024-06-13,2024-07-01,10597.16,529.86,0.05,10067.3,5453.1,Paid,Europe
AR-INV-20539,CUST-2025,EMP-133,2024-05-15,2024-06-14,2024-06-17,7627.05,228.81,0.03,7398.24,4162.98,Paid,Latin America
AR-INV-20538,CUST-2002,EMP-120,2024-05-15,2024-06-14,2024-07-08,13163.41,0.0,0.0,13163.41,6710.71,Paid,North America
AR-INV-20537,CUST-2041,EMP-120,2024-05-15,2024-06-14,2024-06-30,6080.4,182.41,0.03,5897.99,2920.6,Paid,Europe
AR-INV-20544,CUST-2044,EMP-120,2024-05-16,2024-06-15,2024-06-11,19363.42,968.17,0.05,18395.25,9756.02,Paid,North America
AR-INV-20543,CUST-2020,EMP-120,2024-05-16,2024-06-15,2024-06-03,5821.67,0.0,0.0,5821.67,3343.21,Paid,North America
AR-INV-20540,CUST-2045,EMP-103,2024-05-16,2024-06-15,2024-06-05,3880.91,116.43,0.03,3764.48,1655.83,Paid,Latin America
AR-INV-20541,CUST-2020,EMP-125,2024-05-16,2024-06-15,2024-06-11,15060.3,753.01,0.05,14307.29,7701.9,Paid,North America
AR-INV-20542,CUST-2042,EMP-133,2024-05-16,2024-06-15,2024-06-03,6945.61,347.28,0.05,6598.33,3510.91,Paid,Europe
AR-INV-20545,CUST-2044,EMP-130,2024-05-17,2024-06-16,2024-06-30,16052.59,0.0,0.0,16052.59,7293.0,Paid,North America
AR-INV-20546,CUST-2012,EMP-129,2024-05-17,2024-06-16,2024-06-14,5683.19,284.16,0.05,5399.03,2453.29,Paid,North America
AR-INV-20547,CUST-2032,EMP-129,2024-05-17,2024-06-16,2024-06-03,5223.19,156.7,0.03,5066.49,2706.04,Paid,Europe
AR-INV-20548,CUST-2025,EMP-129,2024-05-17,2024-06-16,2024-06-19,8142.12,651.37,0.08,7490.75,3571.24,Paid,Latin America
AR-INV-20549,CUST-2016,EMP-130,2024-05-18,2024-06-17,2024-06-13,5431.58,271.58,0.05,5160.0,3003.71,Paid,Latin America
AR-INV-20550,CUST-2025,EMP-129,2024-05-18,2024-06-17,2024-06-04,21609.26,0.0,0.0,21609.26,11972.52,Paid,Latin America
AR-INV-20552,CUST-2044,EMP-125,2024-05-19,2024-06-18,2024-06-22,25087.29,1254.36,0.05,23832.93,14157.61,Paid,North America
AR-INV-20553,CUST-2014,EMP-130,2024-05-19,2024-06-18,2024-07-17,12898.62,644.93,0.05,12253.69,5980.04,Paid,North America
AR-INV-20551,CUST-2039,EMP-129,2024-05-19,2024-06-18,2024-06-30,3750.01,112.5,0.03,3637.51,1729.92,Paid,Asia Pacific
AR-INV-20554,CUST-2027,EMP-120,2024-05-20,2024-06-19,2024-07-23,14174.08,0.0,0.0,14174.08,7996.62,Paid,North America
AR-INV-20555,CUST-2032,EMP-133,2024-05-20,2024-06-19,2024-06-29,11148.26,334.45,0.03,10813.81,5799.84,Paid,Europe
AR-INV-20556,CUST-2050,EMP-120,2024-05-21,2024-06-20,2024-06-09,4080.09,0.0,0.0,4080.09,2163.75,Paid,Asia Pacific
AR-INV-20557,CUST-2041,EMP-103,2024-05-21,2024-06-20,2024-07-06,15838.45,0.0,0.0,15838.45,8938.5,Paid,Europe
AR-INV-20558,CUST-2035,EMP-133,2024-05-22,2024-06-21,2024-07-19,10725.12,0.0,0.0,10725.12,5774.56,Paid,Europe
AR-INV-20559,CUST-2046,EMP-130,2024-05-22,2024-06-21,2024-06-24,6065.58,0.0,0.0,6065.58,3067.98,Paid,North America
AR-INV-20563,CUST-2025,EMP-129,2024-05-23,2024-06-22,2024-06-11,16874.44,0.0,0.0,16874.44,8959.97,Paid,Latin America
AR-INV-20562,CUST-2003,EMP-120,2024-05-23,2024-06-22,2024-06-09,18230.47,546.91,0.03,17683.56,7981.76,Paid,North America
AR-INV-20564,CUST-2016,EMP-120,2024-05-23,2024-06-22,2024-06-16,7792.98,233.79,0.03,7559.19,3819.32,Paid,Latin America
AR-INV-20560,CUST-2017,EMP-103,2024-05-23,2024-06-22,2024-06-19,18183.38,909.17,0.05,17274.21,8785.94,Paid,Latin America
AR-INV-20561,CUST-2006,EMP-125,2024-05-23,2024-06-22,2024-07-10,17457.86,872.89,0.05,16584.97,7893.15,Paid,North America
AR-INV-20565,CUST-2050,EMP-103,2024-05-24,2024-06-23,2024-06-20,13972.56,698.63,0.05,13273.93,6994.37,Paid,Asia Pacific
AR-INV-20566,CUST-2050,EMP-129,2024-05-24,2024-06-23,2024-06-08,17981.99,899.1,0.05,17082.89,7678.33,Paid,Asia Pacific
AR-INV-20567,CUST-2010,EMP-133,2024-05-24,2024-06-23,2024-06-19,16982.88,1358.63,0.08,15624.25,7814.3,Paid,North America
AR-INV-20568,CUST-2023,EMP-120,2024-05-24,2024-06-23,2024-07-03,2451.84,0.0,0.0,2451.84,1282.46,Paid,Asia Pacific
AR-INV-20569,CUST-2019,EMP-125,2024-05-25,2024-06-24,2024-06-21,10111.89,0.0,0.0,10111.89,4544.63,Paid,Asia Pacific
AR-INV-20570,CUST-2022,EMP-130,2024-05-25,2024-06-24,2024-07-07,7024.63,351.23,0.05,6673.4,2978.79,Paid,Latin America
AR-INV-20571,CUST-2005,EMP-129,2024-05-25,2024-06-24,2024-06-19,21462.18,643.87,0.03,20818.31,10002.43,Paid,North America
AR-INV-20574,CUST-2024,EMP-103,2024-05-26,2024-06-25,2024-06-24,11681.73,0.0,0.0,11681.73,5100.32,Paid,Asia Pacific
AR-INV-20573,CUST-2035,EMP-103,2024-05-26,2024-06-25,2024-06-30,13381.48,401.44,0.03,12980.04,5984.02,Paid,Europe
AR-INV-20572,CUST-2021,EMP-103,2024-05-26,2024-06-25,2024-07-13,10192.98,0.0,0.0,10192.98,4387.27,Paid,Europe
AR-INV-20575,CUST-2001,EMP-125,2024-05-27,2024-06-26,2024-07-17,20289.86,0.0,0.0,20289.86,9779.8,Paid,North America
AR-INV-20576,CUST-2008,EMP-129,2024-05-27,2024-06-26,2024-07-15,25270.17,1263.51,0.05,24006.66,10755.77,Paid,Europe
AR-INV-20577,CUST-2042,EMP-120,2024-05-28,2024-06-27,2024-06-30,10763.45,861.08,0.08,9902.37,5631.08,Paid,Europe
AR-INV-20578,CUST-2044,EMP-125,2024-05-28,2024-06-27,2024-06-27,11996.24,0.0,0.0,11996.24,6785.54,Paid,North America
AR-INV-20582,CUST-2017,EMP-129,2024-05-29,2024-06-28,2024-07-02,7292.01,0.0,0.0,7292.01,3087.07,Paid,Latin America
AR-INV-20579,CUST-2040,EMP-133,2024-05-29,2024-06-28,2024-07-12,20914.63,0.0,0.0,20914.63,12090.25,Paid,North America
AR-INV-20580,CUST-2031,EMP-129,2024-05-29,2024-06-28,2024-06-27,5493.67,164.81,0.03,5328.86,3080.36,Paid,Asia Pacific
AR-INV-20581,CUST-2010,EMP-133,2024-05-29,2024-06-28,2024-07-07,5861.49,175.84,0.03,5685.65,2625.34,Paid,North America
AR-INV-20584,CUST-2026,EMP-129,2024-05-30,2024-06-29,2024-07-09,10937.67,546.88,0.05,10390.79,5211.48,Paid,Europe
AR-INV-20585,CUST-2027,EMP-120,2024-05-30,2024-06-29,2024-07-08,7333.5,220.0,0.03,7113.5,3610.79,Paid,North America
AR-INV-20583,CUST-2030,EMP-120,2024-05-30,2024-06-29,2024-06-28,15678.24,783.91,0.05,14894.33,7943.22,Paid,Europe
AR-INV-20586,CUST-2022,EMP-133,2024-05-31,2024-06-30,2024-07-18,19653.66,982.68,0.05,18670.98,8673.13,Paid,Latin America
AR-INV-20587,CUST-2014,EMP-129,2024-05-31,2024-06-30,2024-06-27,4275.86,0.0,0.0,4275.86,1926.51,Paid,North America
AR-INV-20588,CUST-2047,EMP-130,2024-05-31,2024-06-30,2024-07-14,7139.27,356.96,0.05,6782.31,3413.62,Paid,Asia Pacific
AR-INV-20589,CUST-2036,EMP-120,2024-05-31,2024-06-30,2024-07-10,9693.64,0.0,0.0,9693.64,4547.32,Paid,North America
AR-INV-20590,CUST-2007,EMP-125,2024-06-01,2024-07-01,2024-08-04,25207.04,1260.35,0.05,23946.69,11798.19,Paid,Asia Pacific
AR-INV-20591,CUST-2040,EMP-120,2024-06-01,2024-07-01,2024-07-21,7257.49,0.0,0.0,7257.49,3300.33,Paid,North America
AR-INV-20592,CUST-2011,EMP-130,2024-06-01,2024-07-01,2024-06-27,13979.84,0.0,0.0,13979.84,7029.07,Paid,North America
AR-INV-20598,CUST-2048,EMP-130,2024-06-02,2024-07-02,2024-08-06,4813.82,385.11,0.08,4428.71,2542.61,Paid,Latin America
AR-INV-20597,CUST-2032,EMP-133,2024-06-02,2024-07-02,2024-07-20,7828.96,234.87,0.03,7594.09,4244.41,Paid,Europe
AR-INV-20596,CUST-2021,EMP-120,2024-06-02,2024-07-02,2024-08-04,8950.47,0.0,0.0,8950.47,4816.74,Paid,Europe
AR-INV-20594,CUST-2018,EMP-130,2024-06-02,2024-07-02,2024-07-28,5265.15,263.26,0.05,5001.89,2859.39,Paid,Asia Pacific
AR-INV-20593,CUST-2002,EMP-130,2024-06-02,2024-07-02,2024-06-28,9683.29,0.0,0.0,9683.29,4946.06,Paid,North America
AR-INV-20595,CUST-2026,EMP-125,2024-06-02,2024-07-02,2024-07-13,13838.78,691.94,0.05,13146.84,6250.28,Paid,Europe
AR-INV-20599,CUST-2002,EMP-103,2024-06-03,2024-07-03,2024-07-09,10983.17,878.65,0.08,10104.52,6140.85,Paid,North America
AR-INV-20600,CUST-2006,EMP-133,2024-06-03,2024-07-03,2024-08-04,22132.34,1770.59,0.08,20361.75,10558.71,Paid,North America
AR-INV-20603,CUST-2020,EMP-103,2024-06-04,2024-07-04,2024-06-28,3894.29,194.71,0.05,3699.58,1735.18,Paid,North America
AR-INV-20601,CUST-2014,EMP-133,2024-06-04,2024-07-04,2024-07-09,7448.28,372.41,0.05,7075.87,3560.8,Paid,North America
AR-INV-20602,CUST-2038,EMP-120,2024-06-04,2024-07-04,2024-07-07,5524.0,165.72,0.03,5358.28,2941.95,Paid,North America
AR-INV-20605,CUST-2036,EMP-130,2024-06-05,2024-07-05,2024-08-03,9820.47,294.61,0.03,9525.86,5669.64,Paid,North America
AR-INV-20606,CUST-2016,EMP-103,2024-06-05,2024-07-05,2024-07-18,11042.89,552.14,0.05,10490.75,4897.12,Paid,Latin America
AR-INV-20604,CUST-2008,EMP-125,2024-06-05,2024-07-05,2024-07-25,3684.75,294.78,0.08,3389.97,1789.13,Paid,Europe
AR-INV-20607,CUST-2003,EMP-129,2024-06-06,2024-07-06,2024-07-21,12984.11,1038.73,0.08,11945.38,6435.58,Paid,North America
AR-INV-20608,CUST-2011,EMP-103,2024-06-06,2024-07-06,2024-07-14,10064.82,301.94,0.03,9762.88,5817.91,Paid,North America
AR-INV-20609,CUST-2038,EMP-125,2024-06-07,2024-07-07,2024-07-23,11635.39,0.0,0.0,11635.39,6551.17,Paid,North America
AR-INV-20610,CUST-2043,EMP-125,2024-06-07,2024-07-07,2024-06-27,21985.64,0.0,0.0,21985.64,10429.2,Paid,Europe
AR-INV-20611,CUST-2024,EMP-103,2024-06-07,2024-07-07,2024-08-04,19635.45,0.0,0.0,19635.45,10207.39,Paid,Asia Pacific
AR-INV-20612,CUST-2026,EMP-129,2024-06-07,2024-07-07,2024-08-03,19119.85,0.0,0.0,19119.85,10890.75,Paid,Europe
AR-INV-20613,CUST-2013,EMP-130,2024-06-07,2024-07-07,2024-08-11,17608.45,0.0,0.0,17608.45,9399.84,Paid,Europe
AR-INV-20614,CUST-2006,EMP-133,2024-06-07,2024-07-07,2024-06-23,14804.23,444.13,0.03,14360.1,8111.1,Paid,North America
AR-INV-20617,CUST-2032,EMP-133,2024-06-08,2024-07-08,2024-07-08,12206.41,976.51,0.08,11229.9,5228.27,Paid,Europe
AR-INV-20618,CUST-2045,EMP-133,2024-06-08,2024-07-08,2024-07-14,6412.68,0.0,0.0,6412.68,3715.41,Paid,Latin America
AR-INV-20615,CUST-2038,EMP-120,2024-06-08,2024-07-08,2024-07-09,4217.79,421.78,0.1,3796.01,2017.94,Paid,North America
AR-INV-20616,CUST-2013,EMP-125,2024-06-08,2024-07-08,2024-06-24,9358.11,0.0,0.0,9358.11,4709.65,Paid,Europe
AR-INV-20619,CUST-2048,EMP-130,2024-06-09,2024-07-09,2024-07-29,23963.52,718.91,0.03,23244.61,10372.35,Paid,Latin America
AR-INV-20620,CUST-2003,EMP-129,2024-06-09,2024-07-09,2024-06-24,8785.76,702.86,0.08,8082.9,4992.48,Paid,North America
AR-INV-20624,CUST-2028,EMP-120,2024-06-10,2024-07-10,2024-07-17,6413.36,320.67,0.05,6092.69,2829.41,Paid,Europe
AR-INV-20621,CUST-2002,EMP-133,2024-06-10,2024-07-10,2024-07-19,3989.48,0.0,0.0,3989.48,2252.96,Paid,North America
AR-INV-20622,CUST-2025,EMP-103,2024-06-10,2024-07-10,2024-07-19,8499.41,424.97,0.05,8074.44,3937.31,Paid,Latin America
AR-INV-20623,CUST-2022,EMP-133,2024-06-10,2024-07-10,2024-08-14,13148.56,657.43,0.05,12491.13,7318.23,Paid,Latin America
AR-INV-20625,CUST-2047,EMP-133,2024-06-10,2024-07-10,2024-07-12,9750.81,292.52,0.03,9458.29,4857.98,Paid,Asia Pacific
AR-INV-20627,CUST-2033,EMP-103,2024-06-11,2024-07-11,2024-08-13,8242.34,0.0,0.0,8242.34,3631.28,Paid,Asia Pacific
AR-INV-20626,CUST-2029,EMP-130,2024-06-11,2024-07-11,2024-07-16,4035.95,0.0,0.0,4035.95,2125.31,Paid,Europe
AR-INV-20630,CUST-2048,EMP-133,2024-06-12,2024-07-12,2024-07-06,15951.35,1276.11,0.08,14675.24,8275.46,Paid,Latin America
AR-INV-20629,CUST-2050,EMP-103,2024-06-12,2024-07-12,2024-06-27,10046.21,803.7,0.08,9242.51,4234.91,Paid,Asia Pacific
AR-INV-20628,CUST-2005,EMP-129,2024-06-12,2024-07-12,2024-07-12,10623.97,0.0,0.0,10623.97,4723.85,Paid,North America
AR-INV-20631,CUST-2030,EMP-130,2024-06-13,2024-07-13,2024-07-04,6002.68,480.21,0.08,5522.47,3276.15,Paid,Europe
AR-INV-20632,CUST-2040,EMP-103,2024-06-13,2024-07-13,2024-08-14,12740.43,0.0,0.0,12740.43,5633.75,Paid,North America
AR-INV-20633,CUST-2006,EMP-129,2024-06-13,2024-07-13,2024-06-28,14170.25,0.0,0.0,14170.25,8108.54,Paid,North America
AR-INV-20634,CUST-2028,EMP-130,2024-06-13,2024-07-13,2024-07-03,7082.8,0.0,0.0,7082.8,3031.44,Paid,Europe
AR-INV-20635,CUST-2041,EMP-125,2024-06-14,2024-07-14,2024-08-13,6389.65,0.0,0.0,6389.65,3519.47,Paid,Europe
AR-INV-20636,CUST-2032,EMP-125,2024-06-14,2024-07-14,2024-08-14,24063.35,1203.17,0.05,22860.18,11913.13,Paid,Europe
AR-INV-20637,CUST-2044,EMP-125,2024-06-14,2024-07-14,2024-07-10,8917.5,713.4,0.08,8204.1,3832.76,Paid,North America
AR-INV-20641,CUST-2011,EMP-120,2024-06-15,2024-07-15,2024-08-07,11765.73,352.97,0.03,11412.76,6056.64,Paid,North America
AR-INV-20640,CUST-2013,EMP-129,2024-06-15,2024-07-15,2024-07-14,4599.29,229.96,0.05,4369.33,2488.24,Paid,Europe
AR-INV-20638,CUST-2006,EMP-129,2024-06-15,2024-07-15,2024-08-03,13064.02,1306.4,0.1,11757.62,6037.17,Paid,North America
AR-INV-20639,CUST-2037,EMP-129,2024-06-15,2024-07-15,2024-07-04,13366.04,668.3,0.05,12697.74,7116.87,Paid,Asia Pacific
AR-INV-20642,CUST-2041,EMP-133,2024-06-16,2024-07-16,2024-07-23,11443.52,0.0,0.0,11443.52,5265.76,Paid,Europe
AR-INV-20643,CUST-2048,EMP-129,2024-06-16,2024-07-16,2024-08-13,24135.33,724.06,0.03,23411.27,12665.61,Paid,Latin America
AR-INV-20644,CUST-2017,EMP-133,2024-06-16,2024-07-16,2024-07-05,11440.45,572.02,0.05,10868.43,4923.34,Paid,Latin America
AR-INV-20645,CUST-2032,EMP-133,2024-06-16,2024-07-16,2024-08-18,15635.19,1250.82,0.08,14384.37,6717.89,Paid,Europe
AR-INV-20649,CUST-2017,EMP-130,2024-06-17,2024-07-17,2024-08-18,6867.02,343.35,0.05,6523.67,3379.44,Paid,Latin America
AR-INV-20648,CUST-2045,EMP-130,2024-06-17,2024-07-17,2024-08-07,28901.61,867.05,0.03,28034.56,16574.71,Paid,Latin America
AR-INV-20650,CUST-2031,EMP-133,2024-06-17,2024-07-17,2024-07-22,4010.45,120.31,0.03,3890.14,2174.25,Paid,Asia Pacific
AR-INV-20646,CUST-2006,EMP-130,2024-06-17,2024-07-17,2024-07-02,15973.18,798.66,0.05,15174.52,8538.9,Paid,North America
AR-INV-20647,CUST-2048,EMP-130,2024-06-17,2024-07-17,2024-07-25,9075.47,0.0,0.0,9075.47,4665.72,Paid,Latin America
AR-INV-20651,CUST-2048,EMP-129,2024-06-18,2024-07-18,2024-08-16,8054.34,0.0,0.0,8054.34,3602.61,Paid,Latin America
AR-INV-20652,CUST-2023,EMP-120,2024-06-18,2024-07-18,2024-08-22,3623.64,108.71,0.03,3514.93,1789.58,Paid,Asia Pacific
AR-INV-20653,CUST-2026,EMP-120,2024-06-18,2024-07-18,2024-07-12,7117.4,569.39,0.08,6548.01,3518.15,Paid,Europe
AR-INV-20654,CUST-2010,EMP-130,2024-06-18,2024-07-18,2024-07-04,10556.75,527.84,0.05,10028.91,5142.57,Paid,North America
AR-INV-20658,CUST-2026,EMP-120,2024-06-19,2024-07-19,2024-07-05,7992.62,0.0,0.0,7992.62,3788.27,Paid,Europe
AR-INV-20657,CUST-2010,EMP-125,2024-06-19,2024-07-19,2024-07-05,7080.14,566.41,0.08,6513.73,3219.47,Paid,North America
AR-INV-20659,CUST-2032,EMP-120,2024-06-19,2024-07-19,2024-08-08,13991.45,0.0,0.0,13991.45,7733.98,Paid,Europe
AR-INV-20655,CUST-2021,EMP-120,2024-06-19,2024-07-19,2024-07-29,12049.37,1204.94,0.1,10844.43,6279.54,Paid,Europe
AR-INV-20656,CUST-2024,EMP-103,2024-06-19,2024-07-19,2024-07-15,8544.39,256.33,0.03,8288.06,4706.12,Paid,Asia Pacific
AR-INV-20660,CUST-2013,EMP-120,2024-06-20,2024-07-20,2024-08-01,5765.86,172.98,0.03,5592.88,2882.13,Paid,Europe
AR-INV-20661,CUST-2011,EMP-120,2024-06-20,2024-07-20,2024-07-11,7100.66,710.07,0.1,6390.59,3050.17,Paid,North America
AR-INV-20662,CUST-2005,EMP-133,2024-06-20,2024-07-20,2024-08-07,12549.21,4643.21,0.37,7906.0,5554.74,Paid,North America
AR-INV-20663,CUST-2014,EMP-120,2024-06-21,2024-07-21,2024-08-15,11114.28,333.43,0.03,10780.85,6369.56,Paid,North America
AR-INV-20664,CUST-2011,EMP-133,2024-06-21,2024-07-21,2024-07-13,3898.01,1481.24,0.38,2416.77,1904.72,Paid,North America
AR-INV-20665,CUST-2039,EMP-129,2024-06-21,2024-07-21,2024-07-29,17904.05,537.12,0.03,17366.93,8496.82,Paid,Asia Pacific
AR-INV-20666,CUST-2045,EMP-129,2024-06-21,2024-07-21,2024-07-10,8111.48,0.0,0.0,8111.48,4666.28,Paid,Latin America
AR-INV-20667,CUST-2002,EMP-120,2024-06-21,2024-07-21,2024-07-26,5397.67,0.0,0.0,5397.67,2479.57,Paid,North America
AR-INV-20668,CUST-2045,EMP-129,2024-06-21,2024-07-21,2024-08-15,4708.42,376.67,0.08,4331.75,2657.47,Paid,Latin America
AR-INV-20674,CUST-2030,EMP-125,2024-06-22,2024-07-22,2024-08-22,22898.55,1831.88,0.08,21066.67,13087.51,Paid,Europe
AR-INV-20673,CUST-2025,EMP-129,2024-06-22,2024-07-22,2024-08-07,8479.94,254.4,0.03,8225.54,3671.89,Paid,Latin America
AR-INV-20672,CUST-2037,EMP-120,2024-06-22,2024-07-22,2024-07-13,16259.53,1300.76,0.08,14958.77,7644.48,Paid,Asia Pacific
AR-INV-20670,CUST-2009,EMP-133,2024-06-22,2024-07-22,2024-08-21,2866.63,1060.65,0.37,1805.98,1622.0,Paid,North America
AR-INV-20669,CUST-2031,EMP-133,2024-06-22,2024-07-22,2024-07-19,18038.42,6674.22,0.37,11364.2,8531.63,Paid,Asia Pacific
AR-INV-20671,CUST-2038,EMP-125,2024-06-22,2024-07-22,2024-08-07,13129.85,0.0,0.0,13129.85,7236.45,Paid,North America
AR-INV-20675,CUST-2029,EMP-120,2024-06-23,2024-07-23,2024-07-25,5949.42,297.47,0.05,5651.95,3251.98,Paid,Europe
AR-INV-20676,CUST-2046,EMP-129,2024-06-23,2024-07-23,2024-08-07,13935.64,0.0,0.0,13935.64,7587.14,Paid,North America
AR-INV-20677,CUST-2016,EMP-129,2024-06-23,2024-07-23,2024-08-16,11188.84,335.67,0.03,10853.17,5285.1,Paid,Latin America
AR-INV-20681,CUST-2019,EMP-129,2024-06-24,2024-07-24,2024-07-09,11150.88,557.54,0.05,10593.34,5438.05,Paid,Asia Pacific
AR-INV-20680,CUST-2008,EMP-133,2024-06-24,2024-07-24,2024-08-10,13179.0,5139.81,0.39,8039.19,5946.24,Paid,Europe
AR-INV-20678,CUST-2010,EMP-133,2024-06-24,2024-07-24,2024-08-12,24477.37,8811.85,0.36,15665.52,11510.9,Paid,North America
AR-INV-20679,CUST-2013,EMP-130,2024-06-24,2024-07-24,2024-08-16,9017.54,0.0,0.0,9017.54,5120.1,Paid,Europe
AR-INV-20682,CUST-2014,EMP-129,2024-06-25,2024-07-25,2024-08-20,4242.91,0.0,0.0,4242.91,1801.59,Paid,North America
AR-INV-20683,CUST-2049,EMP-120,2024-06-25,2024-07-25,2024-07-19,9723.03,0.0,0.0,9723.03,4806.97,Paid,Asia Pacific
AR-INV-20684,CUST-2029,EMP-130,2024-06-25,2024-07-25,2024-08-07,7538.08,0.0,0.0,7538.08,3355.32,Paid,Europe
AR-INV-20688,CUST-2025,EMP-125,2024-06-26,2024-07-26,2024-07-31,2544.84,0.0,0.0,2544.84,1245.65,Paid,Latin America
AR-INV-20685,CUST-2007,EMP-133,2024-06-26,2024-07-26,2024-07-29,11191.51,3581.28,0.32,7610.23,5786.53,Paid,Asia Pacific
AR-INV-20686,CUST-2011,EMP-125,2024-06-26,2024-07-26,2024-07-18,13314.99,0.0,0.0,13314.99,7629.18,Paid,North America
AR-INV-20687,CUST-2004,EMP-133,2024-06-26,2024-07-26,2024-08-26,20493.71,6967.86,0.34,13525.85,9641.12,Paid,Europe
AR-INV-20689,CUST-2026,EMP-129,2024-06-26,2024-07-26,2024-07-13,10535.88,0.0,0.0,10535.88,5834.47,Paid,Europe
AR-INV-20693,CUST-2016,EMP-103,2024-06-27,2024-07-27,2024-08-02,8742.97,437.15,0.05,8305.82,5032.2,Paid,Latin America
AR-INV-20692,CUST-2005,EMP-129,2024-06-27,2024-07-27,2024-08-26,29830.37,0.0,0.0,29830.37,15023.91,Paid,North America
AR-INV-20691,CUST-2004,EMP-130,2024-06-27,2024-07-27,2024-07-16,14035.04,701.75,0.05,13333.29,6190.84,Paid,Europe
AR-INV-20690,CUST-2021,EMP-125,2024-06-27,2024-07-27,2024-08-13,4909.22,245.46,0.05,4663.76,2092.81,Paid,Europe
AR-INV-20694,CUST-2022,EMP-103,2024-06-28,2024-07-28,2024-08-15,6709.32,201.28,0.03,6508.04,3403.09,Paid,Latin America
AR-INV-20695,CUST-2027,EMP-130,2024-06-28,2024-07-28,2024-08-17,8083.22,404.16,0.05,7679.06,4293.27,Paid,North America
AR-INV-20696,CUST-2014,EMP-120,2024-06-29,2024-07-29,2024-07-30,4948.71,0.0,0.0,4948.71,2682.41,Paid,North America
AR-INV-20697,CUST-2015,EMP-129,2024-06-29,2024-07-29,2024-07-15,2061.72,0.0,0.0,2061.72,1091.4,Paid,Latin America
AR-INV-20698,CUST-2004,EMP-130,2024-06-29,2024-07-29,2024-07-16,12096.92,604.85,0.05,11492.07,5517.2,Paid,Europe
AR-INV-20699,CUST-2003,EMP-129,2024-06-29,2024-07-29,2024-07-22,10274.56,513.73,0.05,9760.83,5876.99,Paid,North America
AR-INV-20700,CUST-2033,EMP-133,2024-06-29,2024-07-29,2024-07-15,6808.25,2655.22,0.39,4153.03,3589.6,Paid,Asia Pacific
AR-INV-20704,CUST-2038,EMP-133,2024-06-30,2024-07-30,2024-07-24,11308.41,4523.36,0.4,6785.05,5468.17,Paid,North America
AR-INV-20703,CUST-2015,EMP-125,2024-06-30,2024-07-30,2024-07-20,19606.14,588.18,0.03,19017.96,9330.58,Paid,Latin America
AR-INV-20701,CUST-2019,EMP-120,2024-06-30,2024-07-30,2024-08-10,5564.7,0.0,0.0,5564.7,2973.55,Paid,Asia Pacific
AR-INV-20702,CUST-2036,EMP-103,2024-06-30,2024-07-30,2024-07-28,16190.76,0.0,0.0,16190.76,8327.67,Paid,North America
AR-INV-20705,CUST-2041,EMP-130,2024-07-01,2024-07-31,2024-08-08,2967.28,89.02,0.03,2878.26,1372.38,Paid,Europe
AR-INV-20706,CUST-2033,EMP-120,2024-07-01,2024-07-31,2024-08-23,9505.51,0.0,0.0,9505.51,4298.9,Paid,Asia Pacific
AR-INV-20707,CUST-2017,EMP-133,2024-07-01,2024-07-31,2024-08-10,12573.63,0.0,0.0,12573.63,7087.36,Paid,Latin America
AR-INV-20708,CUST-2008,EMP-130,2024-07-01,2024-07-31,2024-08-23,8933.59,0.0,0.0,8933.59,3793.3,Paid,Europe
AR-INV-20712,CUST-2044,EMP-129,2024-07-02,2024-08-01,2024-08-09,17008.33,1360.67,0.08,15647.66,9369.17,Paid,North America
AR-INV-20711,CUST-2013,EMP-125,2024-07-02,2024-08-01,2024-08-30,9044.58,452.23,0.05,8592.35,4230.85,Paid,Europe
AR-INV-20713,CUST-2030,EMP-103,2024-07-02,2024-08-01,2024-08-02,11671.43,350.14,0.03,11321.29,5331.15,Paid,Europe
AR-INV-20709,CUST-2043,EMP-125,2024-07-02,2024-08-01,2024-07-24,9517.59,475.88,0.05,9041.71,4308.94,Paid,Europe
AR-INV-20710,CUST-2003,EMP-120,2024-07-02,2024-08-01,2024-07-30,7084.52,354.23,0.05,6730.29,3817.49,Paid,North America
AR-INV-20714,CUST-2014,EMP-125,2024-07-02,2024-08-01,2024-07-28,7685.75,0.0,0.0,7685.75,3243.21,Paid,North America
AR-INV-20718,CUST-2016,EMP-103,2024-07-03,2024-08-02,2024-07-19,7124.44,213.73,0.03,6910.71,4000.42,Paid,Latin America
AR-INV-20717,CUST-2031,EMP-125,2024-07-03,2024-08-02,2024-08-29,5628.82,168.86,0.03,5459.96,3080.09,Paid,Asia Pacific
AR-INV-20719,CUST-2040,EMP-103,2024-07-03,2024-08-02,2024-07-18,9506.02,760.48,0.08,8745.54,5432.56,Paid,North America
AR-INV-20715,CUST-2014,EMP-120,2024-07-03,2024-08-02,2024-08-07,8947.87,715.83,0.08,8232.04,4314.41,Paid,North America
AR-INV-20716,CUST-2030,EMP-120,2024-07-03,2024-08-02,2024-08-18,20535.27,616.06,0.03,19919.21,9167.79,Paid,Europe
AR-INV-20722,CUST-2024,EMP-103,2024-07-04,2024-08-03,2024-08-07,17231.16,0.0,0.0,17231.16,9039.12,Paid,Asia Pacific
AR-INV-20721,CUST-2024,EMP-129,2024-07-04,2024-08-03,2024-09-04,20012.65,600.38,0.03,19412.27,11514.29,Paid,Asia Pacific
AR-INV-20720,CUST-2025,EMP-130,2024-07-04,2024-08-03,2024-07-22,7429.72,222.89,0.03,7206.83,3310.07,Paid,Latin America
AR-INV-20723,CUST-2008,EMP-133,2024-07-05,2024-08-04,2024-08-02,9389.28,0.0,0.0,9389.28,4629.93,Paid,Europe
AR-INV-20724,CUST-2008,EMP-130,2024-07-05,2024-08-04,2024-07-21,28534.4,1426.72,0.05,27107.68,15097.34,Paid,Europe
AR-INV-20725,CUST-2031,EMP-129,2024-07-05,2024-08-04,2024-08-04,12153.8,0.0,0.0,12153.8,5272.02,Paid,Asia Pacific
AR-INV-20726,CUST-2030,EMP-125,2024-07-05,2024-08-04,2024-07-21,22126.58,1106.33,0.05,21020.25,10260.13,Paid,Europe
AR-INV-20727,CUST-2045,EMP-125,2024-07-05,2024-08-04,2024-07-29,21007.35,630.22,0.03,20377.13,11281.57,Paid,Latin America
AR-INV-20728,CUST-2026,EMP-130,2024-07-06,2024-08-05,2024-08-17,13109.49,0.0,0.0,13109.49,5583.93,Paid,Europe
AR-INV-20729,CUST-2030,EMP-120,2024-07-06,2024-08-05,2024-07-23,5401.96,0.0,0.0,5401.96,2280.29,Paid,Europe
AR-INV-20730,CUST-2043,EMP-103,2024-07-06,2024-08-05,2024-09-04,10864.62,1086.46,0.1,9778.16,6086.58,Paid,Europe
AR-INV-20733,CUST-2003,EMP-125,2024-07-07,2024-08-06,2024-09-04,12719.5,635.98,0.05,12083.52,6228.17,Paid,North America
AR-INV-20732,CUST-2013,EMP-129,2024-07-07,2024-08-06,2024-09-01,13893.87,694.69,0.05,13199.18,7636.86,Paid,Europe
AR-INV-20731,CUST-2031,EMP-129,2024-07-07,2024-08-06,2024-08-08,6990.7,349.54,0.05,6641.16,2963.4,Paid,Asia Pacific
AR-INV-20734,CUST-2015,EMP-130,2024-07-08,2024-08-07,2024-08-15,11835.56,591.78,0.05,11243.78,5060.5,Paid,Latin America
AR-INV-20735,CUST-2006,EMP-125,2024-07-08,2024-08-07,2024-08-26,15770.6,0.0,0.0,15770.6,8694.56,Paid,North America
AR-INV-20736,CUST-2011,EMP-133,2024-07-08,2024-08-07,2024-08-27,12423.43,621.17,0.05,11802.26,5955.84,Paid,North America
AR-INV-20737,CUST-2035,EMP-129,2024-07-08,2024-08-07,2024-08-18,10015.13,0.0,0.0,10015.13,5230.8,Paid,Europe
AR-INV-20738,CUST-2026,EMP-133,2024-07-09,2024-08-08,2024-08-11,5162.06,154.86,0.03,5007.2,2455.02,Paid,Europe
AR-INV-20739,CUST-2010,EMP-130,2024-07-09,2024-08-08,2024-08-27,7374.43,368.72,0.05,7005.71,3680.74,Paid,North America
AR-INV-20740,CUST-2027,EMP-133,2024-07-09,2024-08-08,2024-08-09,5876.04,587.6,0.1,5288.44,2549.21,Paid,North America
AR-INV-20745,CUST-2045,EMP-120,2024-07-10,2024-08-09,2024-08-01,18409.24,0.0,0.0,18409.24,8965.97,Paid,Latin America
AR-INV-20744,CUST-2011,EMP-125,2024-07-10,2024-08-09,2024-08-07,8053.01,0.0,0.0,8053.01,4434.0,Paid,North America
AR-INV-20743,CUST-2010,EMP-125,2024-07-10,2024-08-09,2024-09-10,11862.2,0.0,0.0,11862.2,6182.95,Paid,North America
AR-INV-20742,CUST-2044,EMP-129,2024-07-10,2024-08-09,2024-09-03,9665.83,773.27,0.08,8892.56,4590.81,Paid,North America
AR-INV-20741,CUST-2022,EMP-133,2024-07-10,2024-08-09,2024-08-28,16288.25,488.65,0.03,15799.6,8015.82,Paid,Latin America
AR-INV-20746,CUST-2035,EMP-103,2024-07-11,2024-08-10,2024-08-11,14376.61,431.3,0.03,13945.31,7361.89,Paid,Europe
AR-INV-20747,CUST-2036,EMP-130,2024-07-11,2024-08-10,2024-09-07,11106.57,888.53,0.08,10218.04,5979.26,Paid,North America
AR-INV-20748,CUST-2046,EMP-133,2024-07-11,2024-08-10,2024-08-18,10234.64,307.04,0.03,9927.6,4831.55,Paid,North America
AR-INV-20749,CUST-2036,EMP-120,2024-07-11,2024-08-10,2024-08-09,6597.65,197.93,0.03,6399.72,3635.95,Paid,North America
AR-INV-20750,CUST-2037,EMP-133,2024-07-11,2024-08-10,2024-08-01,7464.88,373.24,0.05,7091.64,3956.75,Paid,Asia Pacific
AR-INV-20751,CUST-2015,EMP-130,2024-07-11,2024-08-10,2024-09-08,4246.41,127.39,0.03,4119.02,1889.28,Paid,Latin America
AR-INV-20756,CUST-2014,EMP-129,2024-07-12,2024-08-11,2024-07-31,21369.51,1068.48,0.05,20301.03,11301.84,Paid,North America
AR-INV-20755,CUST-2007,EMP-129,2024-07-12,2024-08-11,2024-08-03,6090.63,0.0,0.0,6090.63,2588.37,Paid,Asia Pacific
AR-INV-20754,CUST-2016,EMP-120,2024-07-12,2024-08-11,2024-09-05,15582.35,0.0,0.0,15582.35,7066.27,Paid,Latin America
AR-INV-20753,CUST-2007,EMP-120,2024-07-12,2024-08-11,2024-08-15,15227.55,0.0,0.0,15227.55,6571.5,Paid,Asia Pacific
AR-INV-20752,CUST-2013,EMP-130,2024-07-12,2024-08-11,2024-08-28,14528.9,0.0,0.0,14528.9,7946.95,Paid,Europe
AR-INV-20757,CUST-2008,EMP-120,2024-07-13,2024-08-12,2024-07-28,8758.32,700.67,0.08,8057.65,4605.59,Paid,Europe
AR-INV-20758,CUST-2045,EMP-125,2024-07-13,2024-08-12,2024-08-10,13634.04,0.0,0.0,13634.04,6572.15,Paid,Latin America
AR-INV-20759,CUST-2020,EMP-120,2024-07-13,2024-08-12,2024-09-06,5103.52,153.11,0.03,4950.41,2894.35,Paid,North America
AR-INV-20760,CUST-2003,EMP-130,2024-07-14,2024-08-13,2024-08-18,18897.88,566.94,0.03,18330.94,8032.41,Paid,North America
AR-INV-20761,CUST-2023,EMP-103,2024-07-14,2024-08-13,2024-08-22,14915.77,0.0,0.0,14915.77,7394.87,Paid,Asia Pacific
AR-INV-20762,CUST-2049,EMP-125,2024-07-14,2024-08-13,2024-09-04,8960.6,448.03,0.05,8512.57,4369.48,Paid,Asia Pacific
AR-INV-20763,CUST-2040,EMP-133,2024-07-14,2024-08-13,2024-07-30,8100.51,648.04,0.08,7452.47,4289.83,Paid,North America
AR-INV-20765,CUST-2016,EMP-130,2024-07-15,2024-08-14,2024-08-05,18869.29,943.46,0.05,17925.83,9831.05,Paid,Latin America
AR-INV-20766,CUST-2030,EMP-120,2024-07-15,2024-08-14,2024-08-29,6622.06,331.1,0.05,6290.96,3037.01,Paid,Europe
AR-INV-20764,CUST-2032,EMP-103,2024-07-15,2024-08-14,2024-08-04,14723.76,441.71,0.03,14282.05,7464.91,Paid,Europe
AR-INV-20767,CUST-2020,EMP-125,2024-07-16,2024-08-15,2024-08-13,9987.99,499.4,0.05,9488.59,5560.74,Paid,North America
AR-INV-20768,CUST-2040,EMP-120,2024-07-16,2024-08-15,2024-09-06,7939.89,0.0,0.0,7939.89,4203.47,Paid,North America
AR-INV-20769,CUST-2050,EMP-103,2024-07-17,2024-08-16,2024-09-02,19340.47,1547.24,0.08,17793.23,9498.27,Paid,Asia Pacific
AR-INV-20770,CUST-2012,EMP-120,2024-07-17,2024-08-16,2024-09-04,7517.61,0.0,0.0,7517.61,3837.05,Paid,North America
AR-INV-20771,CUST-2042,EMP-130,2024-07-17,2024-08-16,2024-09-14,5213.35,0.0,0.0,5213.35,2678.13,Paid,Europe
AR-INV-20772,CUST-2034,EMP-120,2024-07-17,2024-08-16,2024-08-11,15072.54,0.0,0.0,15072.54,7419.85,Paid,Asia Pacific
AR-INV-20773,CUST-2003,EMP-133,2024-07-17,2024-08-16,2024-09-13,20430.73,612.92,0.03,19817.81,9975.86,Paid,North America
AR-INV-20774,CUST-2005,EMP-129,2024-07-18,2024-08-17,2024-08-26,14615.16,438.45,0.03,14176.71,6720.73,Paid,North America
AR-INV-20775,CUST-2050,EMP-130,2024-07-18,2024-08-17,2024-09-20,18093.83,904.69,0.05,17189.14,10220.58,Paid,Asia Pacific
AR-INV-20776,CUST-2025,EMP-103,2024-07-18,2024-08-17,2024-09-14,27493.92,0.0,0.0,27493.92,12530.29,Paid,Latin America
AR-INV-20780,CUST-2028,EMP-103,2024-07-19,2024-08-18,2024-08-26,15160.27,758.01,0.05,14402.26,8544.79,Paid,Europe
AR-INV-20779,CUST-2037,EMP-103,2024-07-19,2024-08-18,2024-09-16,7993.61,239.81,0.03,7753.8,3826.29,Paid,Asia Pacific
AR-INV-20777,CUST-2032,EMP-129,2024-07-19,2024-08-18,2024-08-10,24584.08,1229.2,0.05,23354.88,13505.19,Paid,Europe
AR-INV-20778,CUST-2007,EMP-129,2024-07-19,2024-08-18,2024-09-10,24731.96,0.0,0.0,24731.96,13317.1,Paid,Asia Pacific
AR-INV-20781,CUST-2007,EMP-120,2024-07-20,2024-08-19,2024-09-08,11472.88,344.19,0.03,11128.69,5330.58,Paid,Asia Pacific
AR-INV-20782,CUST-2045,EMP-120,2024-07-20,2024-08-19,2024-09-15,11363.66,0.0,0.0,11363.66,4931.36,Paid,Latin America
AR-INV-20783,CUST-2023,EMP-120,2024-07-20,2024-08-19,2024-08-12,18496.36,554.89,0.03,17941.47,10488.99,Paid,Asia Pacific
AR-INV-20784,CUST-2008,EMP-103,2024-07-20,2024-08-19,2024-09-15,14038.13,0.0,0.0,14038.13,7177.24,Paid,Europe
AR-INV-20785,CUST-2043,EMP-125,2024-07-21,2024-08-20,2024-08-09,10160.37,0.0,0.0,10160.37,4694.91,Paid,Europe
AR-INV-20786,CUST-2043,EMP-129,2024-07-21,2024-08-20,2024-08-07,7276.11,218.28,0.03,7057.83,3190.84,Paid,Europe
AR-INV-20787,CUST-2015,EMP-129,2024-07-21,2024-08-20,2024-09-18,14101.69,0.0,0.0,14101.69,6223.28,Paid,Latin America
AR-INV-20790,CUST-2021,EMP-129,2024-07-22,2024-08-21,2024-08-18,18146.86,1451.75,0.08,16695.11,9948.04,Paid,Europe
AR-INV-20788,CUST-2024,EMP-103,2024-07-22,2024-08-21,2024-09-08,9646.41,289.39,0.03,9357.02,4070.27,Paid,Asia Pacific
AR-INV-20789,CUST-2043,EMP-133,2024-07-22,2024-08-21,2024-08-14,18448.88,553.47,0.03,17895.41,7774.68,Paid,Europe
AR-INV-20791,CUST-2031,EMP-120,2024-07-23,2024-08-22,2024-09-11,13038.72,0.0,0.0,13038.72,5835.96,Paid,Asia Pacific
AR-INV-20792,CUST-2041,EMP-130,2024-07-23,2024-08-22,2024-08-16,5826.04,174.78,0.03,5651.26,3196.28,Paid,Europe
AR-INV-20793,CUST-2043,EMP-129,2024-07-23,2024-08-22,2024-09-24,8439.8,675.18,0.08,7764.62,3741.06,Paid,Europe
AR-INV-20794,CUST-2005,EMP-120,2024-07-23,2024-08-22,2024-09-12,25277.97,758.34,0.03,24519.63,14610.11,Paid,North America
AR-INV-20795,CUST-2041,EMP-120,2024-07-24,2024-08-23,2024-08-22,13853.55,692.68,0.05,13160.87,6620.27,Paid,Europe
AR-INV-20796,CUST-2017,EMP-120,2024-07-24,2024-08-23,2024-08-28,20393.4,0.0,0.0,20393.4,9974.4,Paid,Latin America
AR-INV-20797,CUST-2050,EMP-120,2024-07-24,2024-08-23,2024-08-31,5976.96,0.0,0.0,5976.96,3152.64,Paid,Asia Pacific
AR-INV-20799,CUST-2033,EMP-120,2024-07-25,2024-08-24,2024-08-19,3910.59,117.32,0.03,3793.27,2115.12,Paid,Asia Pacific
AR-INV-20798,CUST-2039,EMP-129,2024-07-25,2024-08-24,2024-09-17,41250.76,2062.54,0.05,39188.22,18165.69,Paid,Asia Pacific
AR-INV-20800,CUST-2016,EMP-125,2024-07-25,2024-08-24,2024-08-13,13963.93,418.92,0.03,13545.01,6975.56,Paid,Latin America
AR-INV-20801,CUST-2002,EMP-120,2024-07-26,2024-08-25,2024-09-28,3704.64,0.0,0.0,3704.64,1606.24,Paid,North America
AR-INV-20802,CUST-2010,EMP-130,2024-07-26,2024-08-25,2024-08-27,18448.52,0.0,0.0,18448.52,8567.17,Paid,North America
AR-INV-20803,CUST-2030,EMP-130,2024-07-26,2024-08-25,2024-08-29,6637.28,331.86,0.05,6305.42,3761.6,Paid,Europe
AR-INV-20804,CUST-2035,EMP-125,2024-07-26,2024-08-25,2024-09-09,9707.34,0.0,0.0,9707.34,4555.68,Paid,Europe
AR-INV-20806,CUST-2039,EMP-125,2024-07-27,2024-08-26,2024-09-10,15886.67,794.33,0.05,15092.34,8131.4,Paid,Asia Pacific
AR-INV-20807,CUST-2022,EMP-103,2024-07-27,2024-08-26,2024-09-14,9613.85,480.69,0.05,9133.16,5537.93,Paid,Latin America
AR-INV-20805,CUST-2025,EMP-130,2024-07-27,2024-08-26,2024-09-23,12562.0,376.86,0.03,12185.14,6401.97,Paid,Latin America
AR-INV-20808,CUST-2034,EMP-125,2024-07-27,2024-08-26,2024-08-28,11797.45,353.92,0.03,11443.53,5429.83,Paid,Asia Pacific
AR-INV-20813,CUST-2009,EMP-130,2024-07-28,2024-08-27,2024-09-04,12634.64,0.0,0.0,12634.64,6695.56,Paid,North America
AR-INV-20814,CUST-2046,EMP-125,2024-07-28,2024-08-27,2024-09-10,12409.6,372.29,0.03,12037.31,5618.0,Paid,North America
AR-INV-20812,CUST-2028,EMP-130,2024-07-28,2024-08-27,2024-10-01,8028.42,401.42,0.05,7627.0,4358.87,Paid,Europe
AR-INV-20810,CUST-2016,EMP-125,2024-07-28,2024-08-27,2024-08-24,10967.27,0.0,0.0,10967.27,6312.48,Paid,Latin America
AR-INV-20811,CUST-2022,EMP-125,2024-07-28,2024-08-27,2024-09-19,9529.05,476.45,0.05,9052.6,4426.85,Paid,Latin America
AR-INV-20809,CUST-2019,EMP-125,2024-07-28,2024-08-27,2024-09-01,12282.25,368.47,0.03,11913.78,5773.74,Paid,Asia Pacific
AR-INV-20815,CUST-2012,EMP-103,2024-07-29,2024-08-28,2024-09-22,7219.65,360.98,0.05,6858.67,4044.33,Paid,North America
AR-INV-20816,CUST-2016,EMP-129,2024-07-29,2024-08-28,2024-09-03,9554.12,286.62,0.03,9267.5,4981.05,Paid,Latin America
AR-INV-20817,CUST-2012,EMP-130,2024-07-29,2024-08-28,2024-09-07,3726.51,186.33,0.05,3540.18,1788.72,Paid,North America
AR-INV-20818,CUST-2031,EMP-130,2024-07-29,2024-08-28,2024-09-16,9274.8,0.0,0.0,9274.8,4738.59,Paid,Asia Pacific
AR-INV-20819,CUST-2017,EMP-125,2024-07-30,2024-08-29,2024-09-07,3793.3,0.0,0.0,3793.3,1668.71,Paid,Latin America
AR-INV-20820,CUST-2036,EMP-120,2024-07-30,2024-08-29,2024-08-30,8130.15,0.0,0.0,8130.15,3660.43,Paid,North America
AR-INV-20821,CUST-2032,EMP-120,2024-07-30,2024-08-29,2024-08-31,5851.28,468.1,0.08,5383.18,2973.05,Paid,Europe
AR-INV-20825,CUST-2003,EMP-103,2024-07-31,2024-08-30,2024-09-01,8528.46,0.0,0.0,8528.46,4330.4,Paid,North America
AR-INV-20824,CUST-2008,EMP-129,2024-07-31,2024-08-30,2024-08-18,5421.11,0.0,0.0,5421.11,2590.28,Paid,Europe
AR-INV-20823,CUST-2032,EMP-125,2024-07-31,2024-08-30,2024-09-04,20750.4,0.0,0.0,20750.4,10166.61,Paid,Europe
AR-INV-20822,CUST-2027,EMP-129,2024-07-31,2024-08-30,2024-09-24,6823.75,0.0,0.0,6823.75,3937.66,Paid,North America
AR-INV-20826,CUST-2007,EMP-130,2024-08-01,2024-08-31,2024-09-27,12562.8,628.14,0.05,11934.66,5688.22,Paid,Asia Pacific
AR-INV-20827,CUST-2037,EMP-103,2024-08-01,2024-08-31,2024-09-24,3302.58,0.0,0.0,3302.58,1565.48,Paid,Asia Pacific
AR-INV-20828,CUST-2047,EMP-133,2024-08-01,2024-08-31,2024-08-30,9701.43,0.0,0.0,9701.43,4448.19,Paid,Asia Pacific
AR-INV-20829,CUST-2037,EMP-133,2024-08-02,2024-09-01,2024-09-01,11950.83,956.07,0.08,10994.76,5695.39,Paid,Asia Pacific
AR-INV-20830,CUST-2010,EMP-103,2024-08-02,2024-09-01,2024-08-31,5680.67,170.42,0.03,5510.25,2673.75,Paid,North America
AR-INV-20831,CUST-2011,EMP-120,2024-08-02,2024-09-01,2024-08-27,4524.18,0.0,0.0,4524.18,2346.27,Paid,North America
AR-INV-20832,CUST-2006,EMP-125,2024-08-02,2024-09-01,2024-09-03,15749.34,787.47,0.05,14961.87,9080.87,Paid,North America
AR-INV-20837,CUST-2007,EMP-103,2024-08-03,2024-09-02,2024-08-27,18591.52,557.75,0.03,18033.77,9129.58,Paid,Asia Pacific
AR-INV-20836,CUST-2038,EMP-125,2024-08-03,2024-09-02,2024-09-01,2558.55,127.93,0.05,2430.62,1257.24,Paid,North America
AR-INV-20833,CUST-2008,EMP-103,2024-08-03,2024-09-02,2024-09-02,3371.75,0.0,0.0,3371.75,1635.38,Paid,Europe
AR-INV-20834,CUST-2030,EMP-125,2024-08-03,2024-09-02,2024-09-01,8458.65,0.0,0.0,8458.65,3787.5,Paid,Europe
AR-INV-20835,CUST-2018,EMP-103,2024-08-03,2024-09-02,2024-09-14,5263.84,0.0,0.0,5263.84,2776.07,Paid,Asia Pacific
AR-INV-20838,CUST-2025,EMP-125,2024-08-04,2024-09-03,2024-10-06,14996.82,749.84,0.05,14246.98,6353.92,Paid,Latin America
AR-INV-20839,CUST-2018,EMP-129,2024-08-04,2024-09-03,2024-10-08,19421.2,1553.7,0.08,17867.5,9684.25,Paid,Asia Pacific
AR-INV-20840,CUST-2034,EMP-133,2024-08-04,2024-09-03,2024-09-27,11337.38,0.0,0.0,11337.38,5666.93,Paid,Asia Pacific
AR-INV-20841,CUST-2025,EMP-120,2024-08-04,2024-09-03,2024-10-03,5268.77,158.06,0.03,5110.71,2527.29,Paid,Latin America
AR-INV-20842,CUST-2005,EMP-125,2024-08-04,2024-09-03,2024-08-29,7960.18,398.01,0.05,7562.17,4213.52,Paid,North America
AR-INV-20847,CUST-2023,EMP-133,2024-08-05,2024-09-04,2024-10-05,12646.93,0.0,0.0,12646.93,6305.17,Paid,Asia Pacific
AR-INV-20846,CUST-2005,EMP-120,2024-08-05,2024-09-04,2024-09-25,7996.3,399.82,0.05,7596.48,3386.44,Paid,North America
AR-INV-20845,CUST-2002,EMP-130,2024-08-05,2024-09-04,2024-10-03,17950.11,1436.01,0.08,16514.1,8240.03,Paid,North America
AR-INV-20843,CUST-2014,EMP-129,2024-08-05,2024-09-04,2024-09-04,4403.49,0.0,0.0,4403.49,2134.88,Paid,North America
AR-INV-20844,CUST-2046,EMP-133,2024-08-05,2024-09-04,2024-09-19,9057.72,724.62,0.08,8333.1,4354.15,Paid,North America
AR-INV-20848,CUST-2028,EMP-103,2024-08-06,2024-09-05,2024-09-07,12111.99,363.36,0.03,11748.63,5761.88,Paid,Europe
AR-INV-20849,CUST-2024,EMP-133,2024-08-06,2024-09-05,2024-09-27,5040.69,151.22,0.03,4889.47,2253.02,Paid,Asia Pacific
AR-INV-20850,CUST-2042,EMP-125,2024-08-06,2024-09-05,2024-08-23,5110.16,153.3,0.03,4956.86,2808.66,Paid,Europe
AR-INV-20851,CUST-2025,EMP-133,2024-08-06,2024-09-05,2024-10-05,14841.89,0.0,0.0,14841.89,6776.4,Paid,Latin America
AR-INV-20856,CUST-2042,EMP-130,2024-08-07,2024-09-06,2024-09-18,12880.57,0.0,0.0,12880.57,6539.08,Paid,Europe
AR-INV-20857,CUST-2011,EMP-129,2024-08-07,2024-09-06,2024-09-29,9484.52,0.0,0.0,9484.52,5442.36,Paid,North America
AR-INV-20855,CUST-2005,EMP-129,2024-08-07,2024-09-06,2024-09-27,7013.98,561.12,0.08,6452.86,3642.72,Paid,North America
AR-INV-20854,CUST-2018,EMP-129,2024-08-07,2024-09-06,2024-09-24,6243.66,0.0,0.0,6243.66,2933.62,Paid,Asia Pacific
AR-INV-20853,CUST-2034,EMP-133,2024-08-07,2024-09-06,2024-09-18,13025.24,390.76,0.03,12634.48,6081.54,Paid,Asia Pacific
AR-INV-20852,CUST-2006,EMP-125,2024-08-07,2024-09-06,2024-08-27,6305.82,315.29,0.05,5990.53,2698.96,Paid,North America
AR-INV-20858,CUST-2005,EMP-103,2024-08-08,2024-09-07,2024-09-26,8672.34,0.0,0.0,8672.34,4729.05,Paid,North America
AR-INV-20859,CUST-2008,EMP-120,2024-08-08,2024-09-07,2024-09-03,5919.46,177.58,0.03,5741.88,2835.59,Paid,Europe
AR-INV-20860,CUST-2010,EMP-125,2024-08-08,2024-09-07,2024-08-23,11213.19,897.06,0.08,10316.13,5150.26,Paid,North America
AR-INV-20861,CUST-2021,EMP-129,2024-08-08,2024-09-07,2024-08-24,6489.29,324.46,0.05,6164.83,3258.4,Paid,Europe
AR-INV-20862,CUST-2033,EMP-125,2024-08-08,2024-09-07,2024-09-02,13832.0,1106.56,0.08,12725.44,6680.98,Paid,Asia Pacific
AR-INV-20863,CUST-2010,EMP-129,2024-08-09,2024-09-08,2024-09-16,5985.83,0.0,0.0,5985.83,3097.28,Paid,North America
AR-INV-20864,CUST-2037,EMP-133,2024-08-09,2024-09-08,2024-10-08,8620.08,258.6,0.03,8361.48,4247.9,Paid,Asia Pacific
AR-INV-20867,CUST-2044,EMP-120,2024-08-10,2024-09-09,2024-09-27,12846.32,385.39,0.03,12460.93,6888.17,Paid,North America
AR-INV-20866,CUST-2025,EMP-129,2024-08-10,2024-09-09,2024-09-25,12330.58,0.0,0.0,12330.58,6087.9,Paid,Latin America
AR-INV-20865,CUST-2016,EMP-129,2024-08-10,2024-09-09,2024-08-29,13964.78,418.94,0.03,13545.84,7551.07,Paid,Latin America
AR-INV-20868,CUST-2042,EMP-125,2024-08-11,2024-09-10,2024-10-10,9746.1,0.0,0.0,9746.1,5037.59,Paid,Europe
AR-INV-20869,CUST-2048,EMP-120,2024-08-11,2024-09-10,2024-09-21,5270.33,263.52,0.05,5006.81,2654.96,Paid,Latin America
AR-INV-20870,CUST-2011,EMP-125,2024-08-11,2024-09-10,2024-08-28,16119.48,1289.56,0.08,14829.92,7095.77,Paid,North America
AR-INV-20871,CUST-2014,EMP-103,2024-08-11,2024-09-10,2024-09-14,10377.99,311.34,0.03,10066.65,4968.98,Paid,North America
AR-INV-20872,CUST-2027,EMP-120,2024-08-12,2024-09-11,2024-09-16,7262.79,0.0,0.0,7262.79,3484.54,Paid,North America
AR-INV-20873,CUST-2032,EMP-129,2024-08-12,2024-09-11,2024-10-15,6939.91,347.0,0.05,6592.91,3154.13,Paid,Europe
AR-INV-20874,CUST-2041,EMP-129,2024-08-12,2024-09-11,2024-10-14,22899.7,686.99,0.03,22212.71,11781.18,Paid,Europe
AR-INV-20879,CUST-2024,EMP-103,2024-08-13,2024-09-12,2024-10-08,7509.69,0.0,0.0,7509.69,4246.75,Paid,Asia Pacific
AR-INV-20878,CUST-2016,EMP-129,2024-08-13,2024-09-12,2024-09-15,8597.11,687.77,0.08,7909.34,4880.06,Paid,Latin America
AR-INV-20876,CUST-2029,EMP-133,2024-08-13,2024-09-12,2024-09-26,4597.59,137.93,0.03,4459.66,2274.04,Paid,Europe
AR-INV-20875,CUST-2042,EMP-133,2024-08-13,2024-09-12,2024-09-11,9405.97,0.0,0.0,9405.97,4164.69,Paid,Europe
AR-INV-20877,CUST-2024,EMP-129,2024-08-13,2024-09-12,2024-08-31,18959.21,568.78,0.03,18390.43,9224.19,Paid,Asia Pacific
AR-INV-20880,CUST-2005,EMP-125,2024-08-14,2024-09-13,2024-10-03,5518.03,0.0,0.0,5518.03,3042.5,Paid,North America
AR-INV-20881,CUST-2031,EMP-103,2024-08-14,2024-09-13,2024-09-28,10655.49,852.44,0.08,9803.05,5956.21,Paid,Asia Pacific
AR-INV-20882,CUST-2005,EMP-133,2024-08-14,2024-09-13,2024-09-30,16574.12,0.0,0.0,16574.12,7784.11,Paid,North America
AR-INV-20883,CUST-2011,EMP-103,2024-08-14,2024-09-13,2024-10-13,10859.04,1085.9,0.1,9773.14,4814.36,Paid,North America
AR-INV-20884,CUST-2036,EMP-133,2024-08-14,2024-09-13,2024-10-08,7901.52,0.0,0.0,7901.52,3962.78,Paid,North America
AR-INV-20887,CUST-2038,EMP-103,2024-08-15,2024-09-14,2024-09-26,12031.17,962.49,0.08,11068.68,6513.18,Paid,North America
AR-INV-20885,CUST-2002,EMP-120,2024-08-15,2024-09-14,2024-09-28,4173.3,125.2,0.03,4048.1,2285.97,Paid,North America
AR-INV-20886,CUST-2023,EMP-125,2024-08-15,2024-09-14,2024-10-02,8914.01,0.0,0.0,8914.01,4268.69,Paid,Asia Pacific
AR-INV-20888,CUST-2049,EMP-125,2024-08-15,2024-09-14,2024-10-15,6301.36,0.0,0.0,6301.36,3432.28,Paid,Asia Pacific
AR-INV-20889,CUST-2033,EMP-103,2024-08-16,2024-09-15,2024-09-24,19397.85,1939.78,0.1,17458.07,8622.98,Paid,Asia Pacific
AR-INV-20890,CUST-2022,EMP-130,2024-08-16,2024-09-15,2024-10-10,8016.69,400.83,0.05,7615.86,4305.22,Paid,Latin America
AR-INV-20891,CUST-2018,EMP-129,2024-08-16,2024-09-15,2024-09-05,12516.91,0.0,0.0,12516.91,7089.57,Paid,Asia Pacific
AR-INV-20892,CUST-2040,EMP-120,2024-08-16,2024-09-15,2024-09-02,8208.11,0.0,0.0,8208.11,3736.64,Paid,North America
AR-INV-20893,CUST-2020,EMP-103,2024-08-16,2024-09-15,2024-10-06,15455.48,1545.55,0.1,13909.93,6972.26,Paid,North America
AR-INV-20895,CUST-2001,EMP-103,2024-08-17,2024-09-16,2024-10-17,22331.34,0.0,0.0,22331.34,9513.01,Paid,North America
AR-INV-20894,CUST-2010,EMP-120,2024-08-17,2024-09-16,2024-09-14,11199.4,335.98,0.03,10863.42,5160.95,Paid,North America
AR-INV-20896,CUST-2031,EMP-103,2024-08-17,2024-09-16,2024-09-11,11343.56,0.0,0.0,11343.56,6425.24,Paid,Asia Pacific
AR-INV-20901,CUST-2044,EMP-130,2024-08-18,2024-09-17,2024-10-10,12558.08,376.74,0.03,12181.34,6645.94,Paid,North America
AR-INV-20900,CUST-2022,EMP-130,2024-08-18,2024-09-17,2024-10-14,18742.6,937.13,0.05,17805.47,9451.4,Paid,Latin America
AR-INV-20902,CUST-2050,EMP-129,2024-08-18,2024-09-17,2024-10-02,13925.96,0.0,0.0,13925.96,5898.42,Paid,Asia Pacific
AR-INV-20898,CUST-2040,EMP-130,2024-08-18,2024-09-17,2024-09-18,11698.03,1169.8,0.1,10528.23,6505.22,Paid,North America
AR-INV-20897,CUST-2032,EMP-103,2024-08-18,2024-09-17,2024-09-23,13730.21,0.0,0.0,13730.21,6776.37,Paid,Europe
AR-INV-20899,CUST-2037,EMP-125,2024-08-18,2024-09-17,2024-10-19,5308.66,159.26,0.03,5149.4,2995.21,Paid,Asia Pacific
AR-INV-20903,CUST-2033,EMP-133,2024-08-19,2024-09-18,2024-09-28,17422.53,522.68,0.03,16899.85,9336.46,Paid,Asia Pacific
AR-INV-20904,CUST-2004,EMP-125,2024-08-19,2024-09-18,2024-09-09,17814.97,0.0,0.0,17814.97,9942.54,Paid,Europe
AR-INV-20905,CUST-2010,EMP-125,2024-08-19,2024-09-18,2024-09-18,5592.59,0.0,0.0,5592.59,3049.95,Paid,North America
AR-INV-20906,CUST-2010,EMP-103,2024-08-20,2024-09-19,2024-09-30,4964.48,248.22,0.05,4716.26,2486.88,Paid,North America
AR-INV-20907,CUST-2048,EMP-120,2024-08-20,2024-09-19,2024-09-09,6586.64,197.6,0.03,6389.04,3115.44,Paid,Latin America
AR-INV-20908,CUST-2016,EMP-129,2024-08-20,2024-09-19,2024-10-16,5052.49,151.57,0.03,4900.92,2888.8,Paid,Latin America
AR-INV-20909,CUST-2005,EMP-133,2024-08-20,2024-09-19,2024-09-29,8103.85,648.31,0.08,7455.54,3477.4,Paid,North America
AR-INV-20914,CUST-2039,EMP-133,2024-08-21,2024-09-20,2024-09-11,10589.92,317.7,0.03,10272.22,5893.42,Paid,Asia Pacific
AR-INV-20913,CUST-2019,EMP-129,2024-08-21,2024-09-20,2024-09-15,3924.89,117.75,0.03,3807.14,1752.0,Paid,Asia Pacific
AR-INV-20911,CUST-2008,EMP-133,2024-08-21,2024-09-20,2024-10-06,5568.15,0.0,0.0,5568.15,3121.82,Paid,Europe
AR-INV-20910,CUST-2010,EMP-120,2024-08-21,2024-09-20,2024-09-28,5367.03,161.01,0.03,5206.02,2280.43,Paid,North America
AR-INV-20912,CUST-2026,EMP-125,2024-08-21,2024-09-20,2024-09-20,12344.77,0.0,0.0,12344.77,6034.33,Paid,Europe
AR-INV-20915,CUST-2048,EMP-103,2024-08-22,2024-09-21,2024-09-11,16085.28,0.0,0.0,16085.28,7858.73,Paid,Latin America
AR-INV-20916,CUST-2045,EMP-130,2024-08-22,2024-09-21,2024-10-06,16017.18,0.0,0.0,16017.18,6858.83,Paid,Latin America
AR-INV-20917,CUST-2009,EMP-133,2024-08-23,2024-09-22,2024-10-20,14157.05,1415.7,0.1,12741.35,6776.74,Paid,North America
AR-INV-20918,CUST-2045,EMP-133,2024-08-23,2024-09-22,2024-09-17,15125.7,756.29,0.05,14369.41,6564.6,Paid,Latin America
AR-INV-20919,CUST-2020,EMP-133,2024-08-23,2024-09-22,2024-09-12,14656.67,0.0,0.0,14656.67,8492.23,Paid,North America
AR-INV-20925,CUST-2019,EMP-103,2024-08-24,2024-09-23,2024-09-18,11906.28,0.0,0.0,11906.28,5645.78,Paid,Asia Pacific
AR-INV-20924,CUST-2045,EMP-125,2024-08-24,2024-09-23,2024-10-22,7990.78,0.0,0.0,7990.78,4131.53,Paid,Latin America
AR-INV-20923,CUST-2030,EMP-125,2024-08-24,2024-09-23,2024-10-27,7946.86,635.75,0.08,7311.11,3537.81,Paid,Europe
AR-INV-20921,CUST-2026,EMP-120,2024-08-24,2024-09-23,2024-10-17,9072.83,0.0,0.0,9072.83,4671.96,Paid,Europe
AR-INV-20920,CUST-2040,EMP-103,2024-08-24,2024-09-23,2024-09-18,5492.73,274.64,0.05,5218.09,2475.9,Paid,North America
AR-INV-20922,CUST-2034,EMP-103,2024-08-24,2024-09-23,2024-09-12,14356.08,717.8,0.05,13638.28,6682.92,Paid,Asia Pacific
AR-INV-20926,CUST-2029,EMP-133,2024-08-25,2024-09-24,2024-10-20,24142.93,2414.29,0.1,21728.64,11323.61,Paid,Europe
AR-INV-20927,CUST-2046,EMP-120,2024-08-25,2024-09-24,2024-10-29,15741.51,472.25,0.03,15269.26,8955.02,Paid,North America
AR-INV-20928,CUST-2020,EMP-130,2024-08-25,2024-09-24,2024-09-18,3986.3,0.0,0.0,3986.3,1827.75,Paid,North America
AR-INV-20929,CUST-2046,EMP-129,2024-08-25,2024-09-24,2024-09-16,11253.19,0.0,0.0,11253.19,4832.12,Paid,North America
AR-INV-20930,CUST-2029,EMP-129,2024-08-26,2024-09-25,2024-10-29,5873.85,0.0,0.0,5873.85,2536.04,Paid,Europe
AR-INV-20931,CUST-2022,EMP-130,2024-08-26,2024-09-25,2024-10-10,16300.31,0.0,0.0,16300.31,7470.12,Paid,Latin America
AR-INV-20932,CUST-2028,EMP-120,2024-08-26,2024-09-25,2024-10-22,19668.75,0.0,0.0,19668.75,10288.52,Paid,Europe
AR-INV-20936,CUST-2025,EMP-129,2024-08-27,2024-09-26,2024-10-06,13736.91,686.85,0.05,13050.06,6788.24,Paid,Latin America
AR-INV-20935,CUST-2005,EMP-103,2024-08-27,2024-09-26,2024-09-27,13463.04,0.0,0.0,13463.04,7492.06,Paid,North America
AR-INV-20933,CUST-2038,EMP-133,2024-08-27,2024-09-26,2024-10-11,26252.71,2100.22,0.08,24152.49,11907.27,Paid,North America
AR-INV-20934,CUST-2042,EMP-103,2024-08-27,2024-09-26,2024-10-03,15969.65,0.0,0.0,15969.65,7705.79,Paid,Europe
AR-INV-20937,CUST-2021,EMP-120,2024-08-28,2024-09-27,2024-10-27,5804.16,0.0,0.0,5804.16,2741.34,Paid,Europe
AR-INV-20938,CUST-2028,EMP-130,2024-08-28,2024-09-27,2024-10-18,9989.19,0.0,0.0,9989.19,5658.67,Paid,Europe
AR-INV-20939,CUST-2045,EMP-129,2024-08-28,2024-09-27,2024-09-28,11410.56,0.0,0.0,11410.56,6222.33,Paid,Latin America
AR-INV-20940,CUST-2027,EMP-103,2024-08-28,2024-09-27,2024-09-21,7163.69,214.91,0.03,6948.78,4141.61,Paid,North America
AR-INV-20941,CUST-2003,EMP-129,2024-08-28,2024-09-27,2024-09-29,13168.04,0.0,0.0,13168.04,6802.97,Paid,North America
AR-INV-20947,CUST-2038,EMP-125,2024-08-29,2024-09-28,2024-11-01,11293.23,903.46,0.08,10389.77,5098.51,Paid,North America
AR-INV-20945,CUST-2013,EMP-129,2024-08-29,2024-09-28,2024-10-30,10161.31,0.0,0.0,10161.31,5373.88,Paid,Europe
AR-INV-20946,CUST-2048,EMP-125,2024-08-29,2024-09-28,2024-10-16,13353.25,0.0,0.0,13353.25,6443.08,Paid,Latin America
AR-INV-20943,CUST-2024,EMP-130,2024-08-29,2024-09-28,2024-10-04,3692.14,0.0,0.0,3692.14,1913.93,Paid,Asia Pacific
AR-INV-20942,CUST-2047,EMP-129,2024-08-29,2024-09-28,2024-10-23,28192.22,845.77,0.03,27346.45,15317.89,Paid,Asia Pacific
AR-INV-20944,CUST-2001,EMP-103,2024-08-29,2024-09-28,2024-10-15,14272.32,428.17,0.03,13844.15,7876.78,Paid,North America
AR-INV-20948,CUST-2003,EMP-120,2024-08-30,2024-09-29,2024-10-02,8913.32,891.33,0.1,8021.99,4586.4,Paid,North America
AR-INV-20949,CUST-2035,EMP-120,2024-08-30,2024-09-29,2024-10-10,4552.82,0.0,0.0,4552.82,2154.47,Paid,Europe
AR-INV-20950,CUST-2038,EMP-130,2024-08-30,2024-09-29,2024-10-10,14786.54,1478.65,0.1,13307.89,6358.92,Paid,North America
AR-INV-20951,CUST-2030,EMP-125,2024-08-30,2024-09-29,2024-10-21,13210.06,396.3,0.03,12813.76,7499.28,Paid,Europe
AR-INV-20952,CUST-2015,EMP-120,2024-08-30,2024-09-29,2024-09-16,13235.95,0.0,0.0,13235.95,7447.1,Paid,Latin America
AR-INV-20953,CUST-2015,EMP-130,2024-08-30,2024-09-29,2024-09-30,18800.85,1504.07,0.08,17296.78,8660.85,Paid,Latin America
AR-INV-20955,CUST-2026,EMP-103,2024-08-31,2024-09-30,2024-10-02,10148.51,304.46,0.03,9844.05,5818.97,Paid,Europe
AR-INV-20954,CUST-2015,EMP-103,2024-08-31,2024-09-30,2024-09-30,7871.95,0.0,0.0,7871.95,4340.92,Paid,Latin America
AR-INV-20956,CUST-2035,EMP-120,2024-09-01,2024-10-01,2024-11-01,6464.0,0.0,0.0,6464.0,3613.16,Paid,Europe
AR-INV-20957,CUST-2050,EMP-130,2024-09-01,2024-10-01,2024-10-28,7704.48,385.22,0.05,7319.26,4183.72,Paid,Asia Pacific
AR-INV-20958,CUST-2004,EMP-120,2024-09-01,2024-10-01,2024-10-28,4896.34,489.63,0.1,4406.71,2223.65,Paid,Europe
AR-INV-20959,CUST-2036,EMP-133,2024-09-01,2024-10-01,2024-10-10,6698.21,334.91,0.05,6363.3,3729.81,Paid,North America
AR-INV-20960,CUST-2022,EMP-129,2024-09-02,2024-10-02,2024-10-30,12588.92,377.67,0.03,12211.25,5690.71,Paid,Latin America
AR-INV-20961,CUST-2028,EMP-103,2024-09-02,2024-10-02,2024-10-17,26783.6,0.0,0.0,26783.6,12301.58,Paid,Europe
AR-INV-20962,CUST-2002,EMP-103,2024-09-02,2024-10-02,2024-10-03,5391.69,0.0,0.0,5391.69,2911.0,Paid,North America
AR-INV-20963,CUST-2011,EMP-130,2024-09-02,2024-10-02,2024-09-27,8859.15,0.0,0.0,8859.15,4085.26,Paid,North America
AR-INV-20969,CUST-2030,EMP-125,2024-09-03,2024-10-03,2024-10-05,7374.54,0.0,0.0,7374.54,3885.5,Paid,Europe
AR-INV-20967,CUST-2005,EMP-133,2024-09-03,2024-10-03,2024-10-16,6249.89,624.99,0.1,5624.9,2738.32,Paid,North America
AR-INV-20968,CUST-2022,EMP-103,2024-09-03,2024-10-03,2024-10-22,9350.06,280.5,0.03,9069.56,5176.48,Paid,Latin America
AR-INV-20965,CUST-2020,EMP-125,2024-09-03,2024-10-03,2024-09-22,13686.31,684.32,0.05,13001.99,7147.59,Paid,North America
AR-INV-20964,CUST-2014,EMP-130,2024-09-03,2024-10-03,2024-10-06,24255.52,0.0,0.0,24255.52,10566.11,Paid,North America
AR-INV-20966,CUST-2010,EMP-103,2024-09-03,2024-10-03,2024-10-03,12141.97,971.36,0.08,11170.61,5106.09,Paid,North America
AR-INV-20970,CUST-2023,EMP-103,2024-09-04,2024-10-04,2024-10-01,13033.35,0.0,0.0,13033.35,6282.87,Paid,Asia Pacific
AR-INV-20971,CUST-2035,EMP-133,2024-09-04,2024-10-04,2024-10-28,13196.91,659.85,0.05,12537.06,7466.11,Paid,Europe
AR-INV-20972,CUST-2050,EMP-103,2024-09-04,2024-10-04,2024-10-10,8118.9,811.89,0.1,7307.01,3620.76,Paid,Asia Pacific
AR-INV-20973,CUST-2011,EMP-125,2024-09-04,2024-10-04,2024-10-19,8978.12,448.91,0.05,8529.21,4539.06,Paid,North America
AR-INV-20974,CUST-2049,EMP-130,2024-09-04,2024-10-04,2024-10-13,18833.87,0.0,0.0,18833.87,8935.33,Paid,Asia Pacific
AR-INV-20978,CUST-2015,EMP-130,2024-09-05,2024-10-05,2024-10-25,5218.05,417.44,0.08,4800.61,2843.43,Paid,Latin America
AR-INV-20977,CUST-2038,EMP-130,2024-09-05,2024-10-05,2024-11-06,8674.33,433.72,0.05,8240.61,4997.99,Paid,North America
AR-INV-20979,CUST-2050,EMP-120,2024-09-05,2024-10-05,2024-10-02,8960.62,0.0,0.0,8960.62,4684.65,Paid,Asia Pacific
AR-INV-20975,CUST-2028,EMP-103,2024-09-05,2024-10-05,2024-10-15,19987.13,999.36,0.05,18987.77,10875.76,Paid,Europe
AR-INV-20976,CUST-2014,EMP-129,2024-09-05,2024-10-05,2024-11-08,8539.95,0.0,0.0,8539.95,4457.84,Paid,North America
AR-INV-20980,CUST-2003,EMP-120,2024-09-06,2024-10-06,2024-09-22,10614.98,0.0,0.0,10614.98,5427.97,Paid,North America
AR-INV-20981,CUST-2043,EMP-133,2024-09-06,2024-10-06,2024-09-21,4111.82,123.35,0.03,3988.47,2000.34,Paid,Europe
AR-INV-20982,CUST-2021,EMP-120,2024-09-06,2024-10-06,2024-10-29,12703.36,0.0,0.0,12703.36,7048.89,Paid,Europe
AR-INV-20983,CUST-2034,EMP-125,2024-09-06,2024-10-06,2024-10-21,9145.65,457.28,0.05,8688.37,4708.74,Paid,Asia Pacific
AR-INV-20984,CUST-2032,EMP-125,2024-09-06,2024-10-06,2024-10-12,20761.2,2076.12,0.1,18685.08,11131.01,Paid,Europe
AR-INV-20985,CUST-2003,EMP-130,2024-09-07,2024-10-07,2024-10-19,21319.14,0.0,0.0,21319.14,10018.49,Paid,North America
AR-INV-20986,CUST-2019,EMP-103,2024-09-07,2024-10-07,2024-10-11,27151.18,2172.09,0.08,24979.09,11642.05,Paid,Asia Pacific
AR-INV-20987,CUST-2043,EMP-129,2024-09-07,2024-10-07,2024-10-01,12686.26,634.31,0.05,12051.95,6983.92,Paid,Europe
AR-INV-20988,CUST-2027,EMP-103,2024-09-08,2024-10-08,2024-10-24,8928.62,892.86,0.1,8035.76,4269.72,Paid,North America
AR-INV-20989,CUST-2020,EMP-130,2024-09-08,2024-10-08,2024-10-11,12188.77,0.0,0.0,12188.77,5163.62,Paid,North America
AR-INV-20990,CUST-2021,EMP-129,2024-09-08,2024-10-08,2024-10-26,9268.48,463.42,0.05,8805.06,5182.2,Paid,Europe
AR-INV-20994,CUST-2036,EMP-125,2024-09-09,2024-10-09,2024-11-08,14932.04,1194.56,0.08,13737.48,6461.78,Paid,North America
AR-INV-20993,CUST-2038,EMP-103,2024-09-09,2024-10-09,2024-11-11,8081.29,0.0,0.0,8081.29,3751.68,Paid,North America
AR-INV-20991,CUST-2007,EMP-133,2024-09-09,2024-10-09,2024-11-12,18897.44,0.0,0.0,18897.44,10883.83,Paid,Asia Pacific
AR-INV-20992,CUST-2022,EMP-133,2024-09-09,2024-10-09,2024-10-07,14797.43,1183.79,0.08,13613.64,6647.29,Paid,Latin America
AR-INV-20995,CUST-2037,EMP-130,2024-09-10,2024-10-10,2024-11-06,3644.42,109.33,0.03,3535.09,2059.14,Paid,Asia Pacific
AR-INV-20996,CUST-2020,EMP-103,2024-09-10,2024-10-10,2024-09-27,22073.99,1765.92,0.08,20308.07,11928.08,Paid,North America
AR-INV-20997,CUST-2020,EMP-120,2024-09-10,2024-10-10,2024-11-11,7109.95,0.0,0.0,7109.95,3365.3,Paid,North America
AR-INV-20998,CUST-2004,EMP-129,2024-09-10,2024-10-10,2024-11-01,20539.83,0.0,0.0,20539.83,11745.44,Paid,Europe
AR-INV-20999,CUST-2031,EMP-103,2024-09-11,2024-10-11,2024-10-30,8076.26,242.29,0.03,7833.97,3858.68,Paid,Asia Pacific
AR-INV-21000,CUST-2007,EMP-133,2024-09-11,2024-10-11,2024-11-15,10959.37,0.0,0.0,10959.37,6250.62,Paid,Asia Pacific
AR-INV-21001,CUST-2022,EMP-129,2024-09-12,2024-10-12,2024-11-10,8739.76,0.0,0.0,8739.76,4954.62,Paid,Latin America
AR-INV-21002,CUST-2007,EMP-130,2024-09-12,2024-10-12,2024-11-12,13304.56,665.23,0.05,12639.33,6589.09,Paid,Asia Pacific
AR-INV-21003,CUST-2046,EMP-129,2024-09-12,2024-10-12,2024-11-09,5376.47,0.0,0.0,5376.47,3081.61,Paid,North America
AR-INV-21005,CUST-2047,EMP-129,2024-09-13,2024-10-13,2024-10-25,19757.74,592.73,0.03,19165.01,9050.35,Paid,Asia Pacific
AR-INV-21004,CUST-2027,EMP-103,2024-09-13,2024-10-13,2024-11-03,2678.66,133.93,0.05,2544.73,1500.08,Paid,North America
AR-INV-21006,CUST-2014,EMP-125,2024-09-13,2024-10-13,2024-10-31,21961.48,1098.07,0.05,20863.41,9900.14,Paid,North America
AR-INV-21007,CUST-2019,EMP-133,2024-09-13,2024-10-13,2024-10-24,8068.6,0.0,0.0,8068.6,4645.86,Paid,Asia Pacific
AR-INV-21012,CUST-2043,EMP-129,2024-09-14,2024-10-14,2024-10-14,8556.43,0.0,0.0,8556.43,3648.74,Paid,Europe
AR-INV-21011,CUST-2009,EMP-125,2024-09-14,2024-10-14,2024-10-06,12643.08,0.0,0.0,12643.08,6606.4,Paid,North America
AR-INV-21013,CUST-2048,EMP-103,2024-09-14,2024-10-14,2024-10-07,7923.89,396.19,0.05,7527.7,4195.31,Paid,Latin America
AR-INV-21009,CUST-2046,EMP-120,2024-09-14,2024-10-14,2024-09-29,9306.83,0.0,0.0,9306.83,4810.15,Paid,North America
AR-INV-21008,CUST-2019,EMP-133,2024-09-14,2024-10-14,2024-10-06,6506.64,0.0,0.0,6506.64,3624.08,Paid,Asia Pacific
AR-INV-21010,CUST-2008,EMP-120,2024-09-14,2024-10-14,2024-11-12,5441.0,163.23,0.03,5277.77,2935.34,Paid,Europe
AR-INV-21019,CUST-2010,EMP-129,2024-09-15,2024-10-15,2024-11-11,17532.95,0.0,0.0,17532.95,7891.23,Paid,North America
AR-INV-21018,CUST-2044,EMP-133,2024-09-15,2024-10-15,2024-11-09,7175.44,215.26,0.03,6960.18,3245.08,Paid,North America
AR-INV-21017,CUST-2024,EMP-133,2024-09-15,2024-10-15,2024-11-02,10075.1,1007.51,0.1,9067.59,4842.05,Paid,Asia Pacific
AR-INV-21014,CUST-2018,EMP-103,2024-09-15,2024-10-15,2024-11-14,7533.77,226.01,0.03,7307.76,3949.93,Paid,Asia Pacific
AR-INV-21015,CUST-2008,EMP-130,2024-09-15,2024-10-15,2024-10-13,9939.3,0.0,0.0,9939.3,4344.59,Paid,Europe
AR-INV-21016,CUST-2029,EMP-129,2024-09-15,2024-10-15,2024-10-07,8629.31,0.0,0.0,8629.31,4518.95,Paid,Europe
AR-INV-21020,CUST-2043,EMP-129,2024-09-16,2024-10-16,2024-10-28,12643.26,379.3,0.03,12263.96,7230.21,Paid,Europe
AR-INV-21021,CUST-2004,EMP-133,2024-09-16,2024-10-16,2024-10-04,10114.7,0.0,0.0,10114.7,4998.41,Paid,Europe
AR-INV-21022,CUST-2004,EMP-130,2024-09-16,2024-10-16,2024-10-27,5834.88,175.05,0.03,5659.83,2720.52,Paid,Europe
AR-INV-21023,CUST-2008,EMP-133,2024-09-16,2024-10-16,2024-10-28,16957.48,0.0,0.0,16957.48,7880.01,Paid,Europe
AR-INV-21024,CUST-2050,EMP-103,2024-09-16,2024-10-16,2024-10-05,7374.84,221.25,0.03,7153.59,3997.32,Paid,Asia Pacific
AR-INV-21025,CUST-2023,EMP-133,2024-09-17,2024-10-17,2024-11-15,10938.74,328.16,0.03,10610.58,5380.71,Paid,Asia Pacific
AR-INV-21026,CUST-2018,EMP-120,2024-09-17,2024-10-17,2024-11-01,7547.4,754.74,0.1,6792.66,3495.52,Paid,Asia Pacific
AR-INV-21027,CUST-2015,EMP-120,2024-09-17,2024-10-17,2024-10-17,14800.1,1184.01,0.08,13616.09,6256.64,Paid,Latin America
AR-INV-21028,CUST-2042,EMP-120,2024-09-17,2024-10-17,2024-11-06,3163.24,0.0,0.0,3163.24,1827.84,Paid,Europe
AR-INV-21031,CUST-2048,EMP-120,2024-09-18,2024-10-18,2024-10-09,6767.48,0.0,0.0,6767.48,3456.46,Paid,Latin America
AR-INV-21029,CUST-2010,EMP-103,2024-09-18,2024-10-18,2024-10-19,7462.89,0.0,0.0,7462.89,3577.21,Paid,North America
AR-INV-21030,CUST-2045,EMP-103,2024-09-18,2024-10-18,2024-10-22,14964.72,0.0,0.0,14964.72,7861.37,Paid,Latin America
AR-INV-21032,CUST-2016,EMP-133,2024-09-18,2024-10-18,2024-11-14,3272.96,0.0,0.0,3272.96,1502.57,Paid,Latin America
AR-INV-21038,CUST-2013,EMP-130,2024-09-19,2024-10-19,2024-11-11,23991.54,719.75,0.03,23271.79,13308.24,Paid,Europe
AR-INV-21036,CUST-2001,EMP-120,2024-09-19,2024-10-19,2024-10-23,9584.66,0.0,0.0,9584.66,4191.9,Paid,North America
AR-INV-21037,CUST-2047,EMP-120,2024-09-19,2024-10-19,2024-11-10,9596.8,0.0,0.0,9596.8,5266.1,Paid,Asia Pacific
AR-INV-21034,CUST-2041,EMP-120,2024-09-19,2024-10-19,2024-10-05,12050.05,1205.0,0.1,10845.05,5067.52,Paid,Europe
AR-INV-21035,CUST-2021,EMP-130,2024-09-19,2024-10-19,2024-10-25,5263.15,263.16,0.05,4999.99,2563.98,Paid,Europe
AR-INV-21033,CUST-2040,EMP-125,2024-09-19,2024-10-19,2024-10-15,7180.49,359.02,0.05,6821.47,3624.62,Paid,North America
AR-INV-21039,CUST-2023,EMP-103,2024-09-20,2024-10-20,2024-10-20,6410.72,0.0,0.0,6410.72,3333.18,Paid,Asia Pacific
AR-INV-21040,CUST-2021,EMP-103,2024-09-20,2024-10-20,2024-11-22,22667.59,1813.41,0.08,20854.18,10814.73,Paid,Europe
AR-INV-21041,CUST-2016,EMP-125,2024-09-20,2024-10-20,2024-11-09,6432.34,0.0,0.0,6432.34,2935.8,Paid,Latin America
AR-INV-21042,CUST-2002,EMP-130,2024-09-20,2024-10-20,2024-10-13,13855.77,0.0,0.0,13855.77,7072.34,Paid,North America
AR-INV-21043,CUST-2003,EMP-129,2024-09-21,2024-10-21,2024-11-22,8793.38,263.8,0.03,8529.58,4445.91,Paid,North America
AR-INV-21044,CUST-2005,EMP-103,2024-09-21,2024-10-21,2024-11-03,8100.55,405.03,0.05,7695.52,4667.12,Paid,North America
AR-INV-21045,CUST-2046,EMP-129,2024-09-21,2024-10-21,2024-10-29,4519.1,0.0,0.0,4519.1,2053.14,Paid,North America
AR-INV-21047,CUST-2042,EMP-125,2024-09-22,2024-10-22,2024-10-12,17272.1,1381.77,0.08,15890.33,9722.4,Paid,Europe
AR-INV-21046,CUST-2017,EMP-103,2024-09-22,2024-10-22,2024-10-24,13807.67,1104.61,0.08,12703.06,6703.1,Paid,Latin America
AR-INV-21048,CUST-2016,EMP-125,2024-09-23,2024-10-23,2024-11-27,13566.64,0.0,0.0,13566.64,7446.27,Paid,Latin America
AR-INV-21049,CUST-2039,EMP-125,2024-09-23,2024-10-23,2024-10-23,7094.33,354.72,0.05,6739.61,4044.64,Paid,Asia Pacific
AR-INV-21050,CUST-2003,EMP-120,2024-09-23,2024-10-23,2024-11-19,8541.62,427.08,0.05,8114.54,4326.95,Paid,North America
AR-INV-21051,CUST-2047,EMP-103,2024-09-24,2024-10-24,2024-10-22,9403.11,752.25,0.08,8650.86,4685.83,Paid,Asia Pacific
AR-INV-21052,CUST-2027,EMP-133,2024-09-24,2024-10-24,2024-11-14,14437.42,5197.47,0.36,9239.95,6593.46,Paid,North America
AR-INV-21053,CUST-2018,EMP-103,2024-09-24,2024-10-24,2024-10-31,18470.29,554.11,0.03,17916.18,8788.78,Paid,Asia Pacific
AR-INV-21054,CUST-2049,EMP-120,2024-09-24,2024-10-24,2024-11-25,9021.36,270.64,0.03,8750.72,4026.12,Paid,Asia Pacific
AR-INV-21055,CUST-2007,EMP-130,2024-09-24,2024-10-24,2024-10-21,3503.59,105.11,0.03,3398.48,1845.58,Paid,Asia Pacific
AR-INV-21057,CUST-2014,EMP-129,2024-09-25,2024-10-25,2024-11-21,6729.27,0.0,0.0,6729.27,3322.49,Paid,North America
AR-INV-21058,CUST-2029,EMP-129,2024-09-25,2024-10-25,2024-11-25,16905.81,507.17,0.03,16398.64,7185.62,Paid,Europe
AR-INV-21056,CUST-2011,EMP-129,2024-09-25,2024-10-25,2024-10-22,3480.98,174.05,0.05,3306.93,1869.95,Paid,North America
AR-INV-21059,CUST-2014,EMP-133,2024-09-26,2024-10-26,2024-11-23,13992.33,5736.86,0.41,8255.47,6547.5,Paid,North America
AR-INV-21060,CUST-2028,EMP-129,2024-09-26,2024-10-26,2024-10-21,14861.96,743.1,0.05,14118.86,8224.3,Paid,Europe
AR-INV-21061,CUST-2031,EMP-120,2024-09-26,2024-10-26,2024-11-14,6975.72,0.0,0.0,6975.72,3347.83,Paid,Asia Pacific
AR-INV-21062,CUST-2012,EMP-130,2024-09-26,2024-10-26,2024-10-16,8175.76,408.79,0.05,7766.97,3983.7,Paid,North America
AR-INV-21063,CUST-2049,EMP-129,2024-09-26,2024-10-26,2024-10-17,16637.91,0.0,0.0,16637.91,7397.19,Paid,Asia Pacific
AR-INV-21064,CUST-2028,EMP-129,2024-09-26,2024-10-26,2024-11-25,23224.74,1161.24,0.05,22063.5,10371.94,Paid,Europe
AR-INV-21067,CUST-2043,EMP-125,2024-09-27,2024-10-27,2024-10-23,6804.72,0.0,0.0,6804.72,3346.9,Paid,Europe
AR-INV-21065,CUST-2036,EMP-130,2024-09-27,2024-10-27,2024-11-18,16819.21,504.58,0.03,16314.63,9488.49,Paid,North America
AR-INV-21066,CUST-2038,EMP-133,2024-09-27,2024-10-27,2024-11-15,16824.47,5383.83,0.32,11440.64,9750.7,Paid,North America
AR-INV-21068,CUST-2040,EMP-120,2024-09-27,2024-10-27,2024-10-25,14534.38,0.0,0.0,14534.38,6709.6,Paid,North America
AR-INV-21074,CUST-2012,EMP-125,2024-09-28,2024-10-28,2024-10-28,8837.41,706.99,0.08,8130.42,4841.41,Paid,North America
AR-INV-21073,CUST-2038,EMP-130,2024-09-28,2024-10-28,2024-11-15,2913.09,145.65,0.05,2767.44,1286.52,Paid,North America
AR-INV-21072,CUST-2035,EMP-103,2024-09-28,2024-10-28,2024-11-23,8991.42,269.74,0.03,8721.68,4344.09,Paid,Europe
AR-INV-21069,CUST-2050,EMP-103,2024-09-28,2024-10-28,2024-12-01,4850.52,0.0,0.0,4850.52,2266.58,Paid,Asia Pacific
AR-INV-21070,CUST-2035,EMP-120,2024-09-28,2024-10-28,2024-10-20,18106.36,1448.51,0.08,16657.85,10138.76,Paid,Europe
AR-INV-21071,CUST-2045,EMP-129,2024-09-28,2024-10-28,2024-11-26,12519.66,1001.57,0.08,11518.09,5718.46,Paid,Latin America
AR-INV-21078,CUST-2014,EMP-129,2024-09-29,2024-10-29,2024-11-23,7748.27,387.41,0.05,7360.86,3527.64,Paid,North America
AR-INV-21077,CUST-2017,EMP-133,2024-09-29,2024-10-29,2024-11-14,9059.9,3623.96,0.4,5435.94,3868.97,Paid,Latin America
AR-INV-21079,CUST-2006,EMP-125,2024-09-29,2024-10-29,2024-11-10,6390.66,0.0,0.0,6390.66,3136.38,Paid,North America
AR-INV-21075,CUST-2033,EMP-125,2024-09-29,2024-10-29,2024-11-17,10404.88,312.15,0.03,10092.73,4493.53,Paid,Asia Pacific
AR-INV-21076,CUST-2036,EMP-103,2024-09-29,2024-10-29,2024-10-30,10973.76,0.0,0.0,10973.76,5552.84,Paid,North America
AR-INV-21080,CUST-2047,EMP-130,2024-09-29,2024-10-29,2024-11-03,23213.9,696.42,0.03,22517.48,12489.97,Paid,Asia Pacific
AR-INV-21084,CUST-2038,EMP-103,2024-09-30,2024-10-30,2024-10-21,5664.51,0.0,0.0,5664.51,2551.68,Paid,North America
AR-INV-21083,CUST-2002,EMP-103,2024-09-30,2024-10-30,2024-11-24,6675.73,0.0,0.0,6675.73,3612.97,Paid,North America
AR-INV-21081,CUST-2044,EMP-133,2024-09-30,2024-10-30,2024-10-15,26716.13,9083.48,0.34,17632.65,11362.29,Paid,North America
AR-INV-21082,CUST-2050,EMP-103,2024-09-30,2024-10-30,2024-11-30,11700.87,585.04,0.05,11115.83,6207.8,Paid,Asia Pacific
AR-INV-21085,CUST-2035,EMP-130,2024-10-01,2024-10-31,2024-12-02,9024.92,0.0,0.0,9024.92,4927.56,Paid,Europe
AR-INV-21086,CUST-2039,EMP-103,2024-10-01,2024-10-31,2024-11-05,26166.05,1308.3,0.05,24857.75,15127.76,Paid,Asia Pacific
AR-INV-21087,CUST-2025,EMP-130,2024-10-01,2024-10-31,2024-11-26,12003.68,0.0,0.0,12003.68,6797.46,Paid,Latin America
AR-INV-21088,CUST-2019,EMP-133,2024-10-01,2024-10-31,2024-10-25,19052.16,0.0,0.0,19052.16,8261.14,Paid,Asia Pacific
AR-INV-21089,CUST-2037,EMP-125,2024-10-02,2024-11-01,2024-12-05,18863.17,565.9,0.03,18297.27,9404.84,Paid,Asia Pacific
AR-INV-21090,CUST-2005,EMP-129,2024-10-02,2024-11-01,2024-11-18,14782.52,0.0,0.0,14782.52,8013.85,Paid,North America
AR-INV-21091,CUST-2040,EMP-103,2024-10-02,2024-11-01,2024-11-18,5424.07,0.0,0.0,5424.07,2685.02,Paid,North America
AR-INV-21092,CUST-2028,EMP-120,2024-10-02,2024-11-01,2024-10-17,18901.09,0.0,0.0,18901.09,9750.58,Paid,Europe
AR-INV-21096,CUST-2033,EMP-129,2024-10-03,2024-11-02,2024-10-21,8537.46,853.75,0.1,7683.71,4090.56,Paid,Asia Pacific
AR-INV-21095,CUST-2037,EMP-103,2024-10-03,2024-11-02,2024-11-04,12272.5,0.0,0.0,12272.5,5447.56,Paid,Asia Pacific
AR-INV-21094,CUST-2047,EMP-125,2024-10-03,2024-11-02,2024-11-11,6827.82,0.0,0.0,6827.82,3031.51,Paid,Asia Pacific
AR-INV-21093,CUST-2016,EMP-120,2024-10-03,2024-11-02,2024-11-10,5070.85,0.0,0.0,5070.85,2406.82,Paid,Latin America
AR-INV-21097,CUST-2011,EMP-125,2024-10-04,2024-11-03,2024-12-03,12205.96,0.0,0.0,12205.96,5208.28,Paid,North America
AR-INV-21098,CUST-2003,EMP-130,2024-10-04,2024-11-03,2024-11-03,4908.17,147.25,0.03,4760.92,2380.84,Paid,North America
AR-INV-21099,CUST-2027,EMP-125,2024-10-04,2024-11-03,2024-11-27,6837.34,546.99,0.08,6290.35,3482.41,Paid,North America
AR-INV-21100,CUST-2002,EMP-125,2024-10-05,2024-11-04,2024-11-22,14460.4,723.02,0.05,13737.38,8278.53,Paid,North America
AR-INV-21101,CUST-2012,EMP-129,2024-10-05,2024-11-04,2024-10-23,36947.81,0.0,0.0,36947.81,17101.28,Paid,North America
AR-INV-21102,CUST-2008,EMP-120,2024-10-05,2024-11-04,2024-11-24,21212.34,0.0,0.0,21212.34,10703.16,Paid,Europe
AR-INV-21108,CUST-2047,EMP-129,2024-10-06,2024-11-05,2024-12-02,7675.87,230.28,0.03,7445.59,4016.24,Paid,Asia Pacific
AR-INV-21107,CUST-2005,EMP-129,2024-10-06,2024-11-05,2024-11-08,12193.32,609.67,0.05,11583.65,6328.97,Paid,North America
AR-INV-21106,CUST-2042,EMP-103,2024-10-06,2024-11-05,2024-12-03,10354.38,0.0,0.0,10354.38,4750.14,Paid,Europe
AR-INV-21105,CUST-2034,EMP-129,2024-10-06,2024-11-05,2024-11-23,7423.33,0.0,0.0,7423.33,4025.05,Paid,Asia Pacific
AR-INV-21104,CUST-2012,EMP-125,2024-10-06,2024-11-05,2024-11-05,9008.07,720.65,0.08,8287.42,4501.8,Paid,North America
AR-INV-21103,CUST-2048,EMP-103,2024-10-06,2024-11-05,2024-12-01,4079.17,0.0,0.0,4079.17,2191.84,Paid,Latin America
AR-INV-21109,CUST-2027,EMP-133,2024-10-07,2024-11-06,2024-11-17,17616.52,0.0,0.0,17616.52,8083.07,Paid,North America
AR-INV-21110,CUST-2049,EMP-130,2024-10-07,2024-11-06,2024-11-24,19261.89,0.0,0.0,19261.89,10315.9,Paid,Asia Pacific
AR-INV-21111,CUST-2028,EMP-129,2024-10-07,2024-11-06,2024-11-07,18698.88,0.0,0.0,18698.88,10727.99,Paid,Europe
AR-INV-21112,CUST-2006,EMP-120,2024-10-07,2024-11-06,2024-11-09,6212.34,496.99,0.08,5715.35,3426.27,Paid,North America
AR-INV-21113,CUST-2041,EMP-120,2024-10-07,2024-11-06,2024-11-14,12527.38,0.0,0.0,12527.38,7157.93,Paid,Europe
AR-INV-21118,CUST-2033,EMP-103,2024-10-08,2024-11-07,2024-11-15,8145.47,407.27,0.05,7738.2,4373.5,Paid,Asia Pacific
AR-INV-21116,CUST-2047,EMP-103,2024-10-08,2024-11-07,2024-11-11,15471.95,773.6,0.05,14698.35,7661.29,Paid,Asia Pacific
AR-INV-21117,CUST-2027,EMP-133,2024-10-08,2024-11-07,2024-11-25,21414.55,1713.16,0.08,19701.39,10751.75,Paid,North America
AR-INV-21114,CUST-2003,EMP-129,2024-10-08,2024-11-07,2024-12-05,17792.7,533.78,0.03,17258.92,8125.08,Paid,North America
AR-INV-21115,CUST-2024,EMP-133,2024-10-08,2024-11-07,2024-11-04,16046.14,481.38,0.03,15564.76,7219.36,Paid,Asia Pacific
AR-INV-21119,CUST-2045,EMP-125,2024-10-09,2024-11-08,2024-11-10,3706.91,111.21,0.03,3595.7,2049.43,Paid,Latin America
AR-INV-21120,CUST-2022,EMP-130,2024-10-09,2024-11-08,2024-12-07,8941.48,894.15,0.1,8047.33,4421.64,Paid,Latin America
AR-INV-21121,CUST-2004,EMP-130,2024-10-09,2024-11-08,2024-12-06,9226.93,461.35,0.05,8765.58,3930.73,Paid,Europe
AR-INV-21122,CUST-2019,EMP-129,2024-10-10,2024-11-09,2024-12-12,34072.27,0.0,0.0,34072.27,15488.62,Paid,Asia Pacific
AR-INV-21123,CUST-2023,EMP-129,2024-10-10,2024-11-09,2024-11-14,7323.01,366.15,0.05,6956.86,3377.63,Paid,Asia Pacific
AR-INV-21124,CUST-2046,EMP-103,2024-10-10,2024-11-09,2024-11-03,19036.81,0.0,0.0,19036.81,8671.28,Paid,North America
AR-INV-21125,CUST-2007,EMP-103,2024-10-10,2024-11-09,2024-11-27,30550.67,0.0,0.0,30550.67,15763.44,Paid,Asia Pacific
AR-INV-21129,CUST-2027,EMP-103,2024-10-11,2024-11-10,2024-12-13,11965.98,598.3,0.05,11367.68,6856.43,Paid,North America
AR-INV-21128,CUST-2009,EMP-120,2024-10-11,2024-11-10,2024-10-28,16175.81,485.27,0.03,15690.54,9380.53,Paid,North America
AR-INV-21126,CUST-2008,EMP-125,2024-10-11,2024-11-10,2024-11-10,26937.15,0.0,0.0,26937.15,15518.34,Paid,Europe
AR-INV-21127,CUST-2038,EMP-103,2024-10-11,2024-11-10,2024-11-08,10422.5,312.68,0.03,10109.82,4707.62,Paid,North America
AR-INV-21130,CUST-2033,EMP-120,2024-10-12,2024-11-11,2024-11-20,6658.36,332.92,0.05,6325.44,3145.35,Paid,Asia Pacific
AR-INV-21131,CUST-2007,EMP-120,2024-10-12,2024-11-11,2024-12-15,20721.4,2072.14,0.1,18649.26,11548.88,Paid,Asia Pacific
AR-INV-21132,CUST-2036,EMP-130,2024-10-12,2024-11-11,2024-10-27,14390.69,1151.26,0.08,13239.43,8097.52,Paid,North America
AR-INV-21133,CUST-2012,EMP-129,2024-10-12,2024-11-11,2024-10-28,6199.85,309.99,0.05,5889.86,3593.2,Paid,North America
AR-INV-21137,CUST-2008,EMP-130,2024-10-13,2024-11-12,2024-12-06,5300.13,424.01,0.08,4876.12,3003.41,Paid,Europe
AR-INV-21134,CUST-2022,EMP-120,2024-10-13,2024-11-12,2024-12-05,8553.9,0.0,0.0,8553.9,3767.69,Paid,Latin America
AR-INV-21135,CUST-2034,EMP-103,2024-10-13,2024-11-12,2024-11-27,9672.14,0.0,0.0,9672.14,4646.17,Paid,Asia Pacific
AR-INV-21136,CUST-2041,EMP-130,2024-10-13,2024-11-12,2024-12-05,19419.93,582.6,0.03,18837.33,10422.32,Paid,Europe
AR-INV-21141,CUST-2015,EMP-120,2024-10-14,2024-11-13,2024-10-30,9534.54,286.04,0.03,9248.5,4527.69,Paid,Latin America
AR-INV-21140,CUST-2041,EMP-125,2024-10-14,2024-11-13,2024-11-12,5982.26,0.0,0.0,5982.26,3028.68,Paid,Europe
AR-INV-21139,CUST-2005,EMP-133,2024-10-14,2024-11-13,2024-12-01,11835.73,355.07,0.03,11480.66,6502.1,Paid,North America
AR-INV-21138,CUST-2026,EMP-133,2024-10-14,2024-11-13,2024-11-01,5288.25,158.65,0.03,5129.6,2513.65,Paid,Europe
AR-INV-21145,CUST-2017,EMP-103,2024-10-15,2024-11-14,2024-11-17,9366.38,468.32,0.05,8898.06,5218.61,Paid,Latin America
AR-INV-21142,CUST-2049,EMP-120,2024-10-15,2024-11-14,2024-11-09,7983.39,0.0,0.0,7983.39,4393.99,Paid,Asia Pacific
AR-INV-21143,CUST-2014,EMP-125,2024-10-15,2024-11-14,2024-11-14,3006.88,90.21,0.03,2916.67,1334.04,Paid,North America
AR-INV-21144,CUST-2029,EMP-133,2024-10-15,2024-11-14,2024-11-04,7135.93,0.0,0.0,7135.93,3474.65,Paid,Europe
AR-INV-21147,CUST-2041,EMP-103,2024-10-16,2024-11-15,2024-12-01,27184.85,1359.24,0.05,25825.61,12885.58,Paid,Europe
AR-INV-21148,CUST-2026,EMP-120,2024-10-16,2024-11-15,2024-11-02,6750.24,202.51,0.03,6547.73,3689.12,Paid,Europe
AR-INV-21146,CUST-2035,EMP-120,2024-10-16,2024-11-15,2024-11-23,17165.27,1373.22,0.08,15792.05,7327.11,Paid,Europe
AR-INV-21152,CUST-2002,EMP-120,2024-10-17,2024-11-16,2024-11-21,7764.35,0.0,0.0,7764.35,3827.05,Paid,North America
AR-INV-21151,CUST-2024,EMP-120,2024-10-17,2024-11-16,2024-12-19,32636.94,0.0,0.0,32636.94,16879.45,Paid,Asia Pacific
AR-INV-21149,CUST-2007,EMP-103,2024-10-17,2024-11-16,2024-11-02,11554.54,577.73,0.05,10976.81,5641.42,Paid,Asia Pacific
AR-INV-21150,CUST-2003,EMP-129,2024-10-17,2024-11-16,2024-11-14,13768.22,1101.46,0.08,12666.76,5904.67,Paid,North America
AR-INV-21153,CUST-2014,EMP-103,2024-10-18,2024-11-17,2024-11-18,6534.53,653.45,0.1,5881.08,3547.04,Paid,North America
AR-INV-21154,CUST-2022,EMP-133,2024-10-18,2024-11-17,2024-12-07,8615.47,0.0,0.0,8615.47,4210.96,Paid,Latin America
AR-INV-21155,CUST-2012,EMP-120,2024-10-18,2024-11-17,2024-12-03,6506.95,195.21,0.03,6311.74,3238.26,Paid,North America
AR-INV-21156,CUST-2028,EMP-125,2024-10-18,2024-11-17,2024-11-15,14957.93,448.74,0.03,14509.19,6623.6,Paid,Europe
AR-INV-21157,CUST-2034,EMP-133,2024-10-18,2024-11-17,2024-11-09,17460.67,0.0,0.0,17460.67,10024.18,Paid,Asia Pacific
AR-INV-21158,CUST-2016,EMP-133,2024-10-18,2024-11-17,2024-12-05,12067.94,965.44,0.08,11102.5,5078.11,Paid,Latin America
AR-INV-21159,CUST-2050,EMP-129,2024-10-19,2024-11-18,2024-12-15,11630.31,0.0,0.0,11630.31,5326.54,Paid,Asia Pacific
AR-INV-21160,CUST-2036,EMP-130,2024-10-19,2024-11-18,2024-11-05,20952.05,1676.16,0.08,19275.89,9257.44,Paid,North America
AR-INV-21161,CUST-2014,EMP-129,2024-10-19,2024-11-18,2024-11-10,9413.7,282.41,0.03,9131.29,4879.32,Paid,North America
AR-INV-21162,CUST-2004,EMP-103,2024-10-19,2024-11-18,2024-12-17,15923.36,796.17,0.05,15127.19,7838.2,Paid,Europe
AR-INV-21163,CUST-2002,EMP-125,2024-10-19,2024-11-18,2024-12-09,9322.75,466.14,0.05,8856.61,4672.41,Paid,North America
AR-INV-21164,CUST-2038,EMP-130,2024-10-19,2024-11-18,2024-12-09,5384.83,0.0,0.0,5384.83,2510.92,Paid,North America
AR-INV-21166,CUST-2011,EMP-120,2024-10-20,2024-11-19,2024-12-13,12465.86,623.29,0.05,11842.57,6644.13,Paid,North America
AR-INV-21165,CUST-2002,EMP-130,2024-10-20,2024-11-19,2024-12-11,19231.03,1923.1,0.1,17307.93,11129.06,Paid,North America
AR-INV-21167,CUST-2041,EMP-120,2024-10-20,2024-11-19,2024-11-28,18296.24,914.81,0.05,17381.43,9360.99,Paid,Europe
AR-INV-21171,CUST-2038,EMP-120,2024-10-21,2024-11-20,2024-11-14,13914.32,417.43,0.03,13496.89,7110.24,Paid,North America
AR-INV-21170,CUST-2006,EMP-125,2024-10-21,2024-11-20,2024-11-28,6613.02,0.0,0.0,6613.02,3343.82,Paid,North America
AR-INV-21172,CUST-2022,EMP-125,2024-10-21,2024-11-20,2024-12-07,20843.25,0.0,0.0,20843.25,8825.11,Paid,Latin America
AR-INV-21168,CUST-2043,EMP-133,2024-10-21,2024-11-20,2024-12-23,13236.74,661.84,0.05,12574.9,6918.58,Paid,Europe
AR-INV-21169,CUST-2039,EMP-130,2024-10-21,2024-11-20,2024-12-04,14110.81,705.54,0.05,13405.27,7457.91,Paid,Asia Pacific
AR-INV-21173,CUST-2037,EMP-125,2024-10-22,2024-11-21,2024-11-17,10064.84,503.24,0.05,9561.6,5607.06,Paid,Asia Pacific
AR-INV-21174,CUST-2013,EMP-103,2024-10-22,2024-11-21,2024-11-20,7551.42,0.0,0.0,7551.42,4114.42,Paid,Europe
AR-INV-21175,CUST-2019,EMP-129,2024-10-22,2024-11-21,2024-12-12,16238.2,811.91,0.05,15426.29,7936.91,Paid,Asia Pacific
AR-INV-21176,CUST-2036,EMP-103,2024-10-22,2024-11-21,2024-12-11,5010.48,150.31,0.03,4860.17,2665.32,Paid,North America
AR-INV-21177,CUST-2031,EMP-129,2024-10-22,2024-11-21,2024-12-24,22286.45,0.0,0.0,22286.45,9780.07,Paid,Asia Pacific
AR-INV-21180,CUST-2043,EMP-130,2024-10-23,2024-11-22,2024-11-22,12522.28,375.67,0.03,12146.61,5984.25,Paid,Europe
AR-INV-21181,CUST-2034,EMP-129,2024-10-23,2024-11-22,2024-11-08,19283.13,964.16,0.05,18318.97,9830.24,Paid,Asia Pacific
AR-INV-21178,CUST-2002,EMP-130,2024-10-23,2024-11-22,2024-11-26,9257.04,277.71,0.03,8979.33,4997.73,Paid,North America
AR-INV-21179,CUST-2036,EMP-130,2024-10-23,2024-11-22,2024-11-27,15950.68,0.0,0.0,15950.68,8247.73,Paid,North America
AR-INV-21182,CUST-2019,EMP-103,2024-10-24,2024-11-23,2024-12-20,19828.81,1586.3,0.08,18242.51,11373.87,Paid,Asia Pacific
AR-INV-21183,CUST-2008,EMP-129,2024-10-24,2024-11-23,2024-12-05,11804.12,944.33,0.08,10859.79,6027.22,Paid,Europe
AR-INV-21184,CUST-2022,EMP-103,2024-10-24,2024-11-23,2024-11-17,4258.16,127.74,0.03,4130.42,2366.84,Paid,Latin America
AR-INV-21185,CUST-2026,EMP-125,2024-10-24,2024-11-23,2024-11-17,24499.45,1224.97,0.05,23274.48,12424.16,Paid,Europe
AR-INV-21186,CUST-2028,EMP-130,2024-10-24,2024-11-23,2024-12-02,4766.28,0.0,0.0,4766.28,2599.42,Paid,Europe
AR-INV-21187,CUST-2023,EMP-120,2024-10-25,2024-11-24,2024-11-22,13729.67,411.89,0.03,13317.78,7795.07,Paid,Asia Pacific
AR-INV-21188,CUST-2001,EMP-125,2024-10-25,2024-11-24,2024-12-22,21043.27,631.3,0.03,20411.97,10272.33,Paid,North America
AR-INV-21189,CUST-2044,EMP-129,2024-10-25,2024-11-24,2024-11-29,14072.86,703.64,0.05,13369.22,7728.21,Paid,North America
AR-INV-21190,CUST-2037,EMP-133,2024-10-25,2024-11-24,2024-11-25,7539.93,753.99,0.1,6785.94,4072.07,Paid,Asia Pacific
AR-INV-21195,CUST-2005,EMP-103,2024-10-26,2024-11-25,2024-12-04,2298.04,0.0,0.0,2298.04,1325.38,Paid,North America
AR-INV-21194,CUST-2043,EMP-125,2024-10-26,2024-11-25,2024-12-04,12266.49,367.99,0.03,11898.5,5918.68,Paid,Europe
AR-INV-21192,CUST-2050,EMP-133,2024-10-26,2024-11-25,2024-11-12,7878.46,393.92,0.05,7484.54,3651.7,Paid,Asia Pacific
AR-INV-21191,CUST-2050,EMP-133,2024-10-26,2024-11-25,2024-12-17,11941.79,0.0,0.0,11941.79,5300.15,Paid,Asia Pacific
AR-INV-21193,CUST-2002,EMP-129,2024-10-26,2024-11-25,2024-11-10,7737.79,232.13,0.03,7505.66,3526.87,Paid,North America
AR-INV-21196,CUST-2005,EMP-103,2024-10-27,2024-11-26,2024-12-02,9448.01,472.4,0.05,8975.61,5199.15,Paid,North America
AR-INV-21197,CUST-2002,EMP-103,2024-10-27,2024-11-26,2024-11-14,11656.45,932.52,0.08,10723.93,5595.45,Paid,North America
AR-INV-21198,CUST-2040,EMP-130,2024-10-27,2024-11-26,2024-12-19,11275.31,0.0,0.0,11275.31,5264.28,Paid,North America
AR-INV-21199,CUST-2005,EMP-130,2024-10-27,2024-11-26,2024-12-30,6933.03,0.0,0.0,6933.03,3414.53,Paid,North America
AR-INV-21200,CUST-2041,EMP-125,2024-10-28,2024-11-27,2024-12-10,14021.49,0.0,0.0,14021.49,7195.74,Paid,Europe
AR-INV-21201,CUST-2042,EMP-120,2024-10-28,2024-11-27,2024-12-05,10932.38,327.97,0.03,10604.41,4679.58,Paid,Europe
AR-INV-21202,CUST-2015,EMP-130,2024-10-28,2024-11-27,2024-12-13,28458.86,0.0,0.0,28458.86,12029.3,Paid,Latin America
AR-INV-21203,CUST-2039,EMP-133,2024-10-29,2024-11-28,2024-12-11,14373.84,0.0,0.0,14373.84,6170.82,Paid,Asia Pacific
AR-INV-21204,CUST-2009,EMP-130,2024-10-29,2024-11-28,2024-12-25,8012.82,240.38,0.03,7772.44,4471.82,Paid,North America
AR-INV-21205,CUST-2009,EMP-125,2024-10-29,2024-11-28,2024-11-18,16055.79,0.0,0.0,16055.79,6793.43,Paid,North America
AR-INV-21206,CUST-2048,EMP-120,2024-10-29,2024-11-28,2024-12-07,3953.73,197.69,0.05,3756.04,2183.1,Paid,Latin America
AR-INV-21211,CUST-2023,EMP-130,2024-10-30,2024-11-29,2024-12-09,11128.98,890.32,0.08,10238.66,5034.96,Paid,Asia Pacific
AR-INV-21210,CUST-2030,EMP-129,2024-10-30,2024-11-29,2024-12-04,6709.71,0.0,0.0,6709.71,2960.5,Paid,Europe
AR-INV-21212,CUST-2007,EMP-120,2024-10-30,2024-11-29,2024-11-14,5506.02,165.18,0.03,5340.84,2382.26,Paid,Asia Pacific
AR-INV-21208,CUST-2050,EMP-133,2024-10-30,2024-11-29,2024-12-27,12478.91,0.0,0.0,12478.91,7111.13,Paid,Asia Pacific
AR-INV-21207,CUST-2011,EMP-125,2024-10-30,2024-11-29,2025-01-02,11233.73,561.69,0.05,10672.04,5799.84,Paid,North America
AR-INV-21209,CUST-2035,EMP-133,2024-10-30,2024-11-29,2024-11-26,11302.39,0.0,0.0,11302.39,5100.12,Paid,Europe
AR-INV-21214,CUST-2025,EMP-103,2024-10-31,2024-11-30,2024-12-17,11178.59,0.0,0.0,11178.59,5449.61,Paid,Latin America
AR-INV-21215,CUST-2043,EMP-133,2024-10-31,2024-11-30,2024-12-21,13744.25,0.0,0.0,13744.25,6862.77,Paid,Europe
AR-INV-21213,CUST-2011,EMP-130,2024-10-31,2024-11-30,2024-11-15,24746.74,0.0,0.0,24746.74,12780.91,Paid,North America
AR-INV-21216,CUST-2025,EMP-103,2024-11-01,2024-12-01,2024-12-28,4618.53,0.0,0.0,4618.53,2270.46,Paid,Latin America
AR-INV-21217,CUST-2035,EMP-133,2024-11-01,2024-12-01,2025-01-01,7657.15,0.0,0.0,7657.15,3941.97,Paid,Europe
AR-INV-21218,CUST-2011,EMP-125,2024-11-01,2024-12-01,2024-12-11,14549.74,0.0,0.0,14549.74,6438.79,Paid,North America
AR-INV-21219,CUST-2019,EMP-125,2024-11-01,2024-12-01,2024-12-13,17830.17,0.0,0.0,17830.17,9820.75,Paid,Asia Pacific
AR-INV-21220,CUST-2018,EMP-133,2024-11-01,2024-12-01,2024-11-29,6286.09,628.61,0.1,5657.48,2878.03,Paid,Asia Pacific
AR-INV-21221,CUST-2044,EMP-133,2024-11-01,2024-12-01,2024-12-20,13711.52,685.58,0.05,13025.94,6632.78,Paid,North America
AR-INV-21222,CUST-2010,EMP-120,2024-11-02,2024-12-02,2024-12-19,8680.84,434.04,0.05,8246.8,4339.95,Paid,North America
AR-INV-21223,CUST-2011,EMP-129,2024-11-02,2024-12-02,2024-12-27,3793.49,0.0,0.0,3793.49,2099.44,Paid,North America
AR-INV-21224,CUST-2006,EMP-120,2024-11-02,2024-12-02,2024-11-28,7518.25,601.46,0.08,6916.79,3866.18,Paid,North America
AR-INV-21227,CUST-2047,EMP-130,2024-11-03,2024-12-03,2024-12-15,12245.71,367.37,0.03,11878.34,5601.41,Paid,Asia Pacific
AR-INV-21226,CUST-2037,EMP-125,2024-11-03,2024-12-03,2025-01-07,19218.07,0.0,0.0,19218.07,10622.97,Paid,Asia Pacific
AR-INV-21225,CUST-2013,EMP-133,2024-11-03,2024-12-03,2024-11-28,18148.99,544.47,0.03,17604.52,10449.98,Paid,Europe
AR-INV-21228,CUST-2015,EMP-125,2024-11-04,2024-12-04,2024-12-21,11476.28,0.0,0.0,11476.28,5031.17,Paid,Latin America
AR-INV-21229,CUST-2012,EMP-125,2024-11-04,2024-12-04,2024-11-20,8592.68,429.63,0.05,8163.05,4046.73,Paid,North America
AR-INV-21230,CUST-2022,EMP-129,2024-11-04,2024-12-04,2025-01-05,2743.34,82.3,0.03,2661.04,1349.57,Paid,Latin America
AR-INV-21231,CUST-2002,EMP-120,2024-11-04,2024-12-04,2025-01-04,13000.9,650.05,0.05,12350.85,6684.77,Paid,North America
AR-INV-21232,CUST-2041,EMP-120,2024-11-04,2024-12-04,2024-11-26,6554.14,196.62,0.03,6357.52,3724.96,Paid,Europe
AR-INV-21233,CUST-2045,EMP-103,2024-11-05,2024-12-05,2024-12-05,20739.58,622.19,0.03,20117.39,11823.86,Paid,Latin America
AR-INV-21234,CUST-2026,EMP-125,2024-11-05,2024-12-05,2025-01-09,5320.31,266.02,0.05,5054.29,2359.28,Paid,Europe
AR-INV-21236,CUST-2006,EMP-130,2024-11-05,2024-12-05,2024-12-30,3720.18,186.01,0.05,3534.17,1669.88,Paid,North America
AR-INV-21235,CUST-2001,EMP-133,2024-11-05,2024-12-05,2024-11-29,18706.24,935.31,0.05,17770.93,8982.34,Paid,North America
AR-INV-21239,CUST-2007,EMP-130,2024-11-06,2024-12-06,2025-01-06,19250.52,0.0,0.0,19250.52,9839.12,Paid,Asia Pacific
AR-INV-21237,CUST-2044,EMP-129,2024-11-06,2024-12-06,2025-01-02,34274.06,0.0,0.0,34274.06,16552.21,Paid,North America
AR-INV-21238,CUST-2024,EMP-103,2024-11-06,2024-12-06,2024-12-19,4723.81,236.19,0.05,4487.62,2391.44,Paid,Asia Pacific
AR-INV-21240,CUST-2042,EMP-129,2024-11-07,2024-12-07,2024-12-12,7401.43,0.0,0.0,7401.43,3784.34,Paid,Europe
AR-INV-21241,CUST-2037,EMP-120,2024-11-07,2024-12-07,2024-11-24,14506.93,1450.69,0.1,13056.24,7845.26,Paid,Asia Pacific
AR-INV-21242,CUST-2035,EMP-130,2024-11-08,2024-12-08,2024-12-31,24836.76,0.0,0.0,24836.76,12140.05,Paid,Europe
AR-INV-21243,CUST-2035,EMP-133,2024-11-08,2024-12-08,2024-12-03,9113.79,455.69,0.05,8658.1,5093.63,Paid,Europe
AR-INV-21244,CUST-2009,EMP-103,2024-11-08,2024-12-08,2024-12-31,32597.42,2607.79,0.08,29989.63,17854.96,Paid,North America
AR-INV-21245,CUST-2045,EMP-130,2024-11-08,2024-12-08,2024-12-20,25165.97,0.0,0.0,25165.97,13959.12,Paid,Latin America
AR-INV-21247,CUST-2042,EMP-129,2024-11-09,2024-12-09,2025-01-10,10523.41,0.0,0.0,10523.41,5439.5,Paid,Europe
AR-INV-21246,CUST-2039,EMP-130,2024-11-09,2024-12-09,2024-12-12,4388.63,219.43,0.05,4169.2,2199.48,Paid,Asia Pacific
AR-INV-21248,CUST-2040,EMP-125,2024-11-09,2024-12-09,2024-11-29,9290.49,278.71,0.03,9011.78,4000.14,Paid,North America
AR-INV-21249,CUST-2019,EMP-133,2024-11-09,2024-12-09,2024-12-23,10904.9,327.15,0.03,10577.75,5532.17,Paid,Asia Pacific
AR-INV-21250,CUST-2049,EMP-103,2024-11-09,2024-12-09,2024-12-16,8622.74,431.14,0.05,8191.6,4230.53,Paid,Asia Pacific
AR-INV-21251,CUST-2012,EMP-129,2024-11-09,2024-12-09,2024-12-18,6310.05,504.8,0.08,5805.25,3055.73,Paid,North America
AR-INV-21254,CUST-2047,EMP-130,2024-11-10,2024-12-10,2025-01-03,2281.19,114.06,0.05,2167.13,1126.51,Paid,Asia Pacific
AR-INV-21255,CUST-2035,EMP-120,2024-11-10,2024-12-10,2025-01-03,16971.92,0.0,0.0,16971.92,7535.31,Paid,Europe
AR-INV-21252,CUST-2035,EMP-130,2024-11-10,2024-12-10,2024-12-23,10184.33,0.0,0.0,10184.33,5799.21,Paid,Europe
AR-INV-21253,CUST-2018,EMP-120,2024-11-10,2024-12-10,2024-11-29,14252.11,712.61,0.05,13539.5,8183.05,Paid,Asia Pacific
AR-INV-21258,CUST-2003,EMP-130,2024-11-11,2024-12-11,2024-11-26,8243.57,247.31,0.03,7996.26,4361.26,Paid,North America
AR-INV-21259,CUST-2026,EMP-130,2024-11-11,2024-12-11,2024-12-11,7630.07,0.0,0.0,7630.07,3967.88,Paid,Europe
AR-INV-21256,CUST-2028,EMP-125,2024-11-11,2024-12-11,2024-12-04,11629.96,348.9,0.03,11281.06,6457.91,Paid,Europe
AR-INV-21257,CUST-2021,EMP-125,2024-11-11,2024-12-11,2025-01-12,22578.1,677.34,0.03,21900.76,11267.04,Paid,Europe
AR-INV-21262,CUST-2030,EMP-125,2024-11-12,2024-12-12,2024-12-07,3483.81,0.0,0.0,3483.81,1838.34,Paid,Europe
AR-INV-21261,CUST-2049,EMP-120,2024-11-12,2024-12-12,2025-01-09,13849.93,0.0,0.0,13849.93,7189.86,Paid,Asia Pacific
AR-INV-21260,CUST-2045,EMP-133,2024-11-12,2024-12-12,2024-12-20,6707.03,536.56,0.08,6170.47,3529.05,Paid,Latin America
AR-INV-21263,CUST-2035,EMP-129,2024-11-13,2024-12-13,2024-12-21,6972.19,348.61,0.05,6623.58,3310.54,Paid,Europe
AR-INV-21264,CUST-2018,EMP-133,2024-11-13,2024-12-13,2024-12-27,11723.82,0.0,0.0,11723.82,5906.15,Paid,Asia Pacific
AR-INV-21265,CUST-2038,EMP-120,2024-11-13,2024-12-13,2025-01-06,4347.16,0.0,0.0,4347.16,2071.35,Paid,North America
AR-INV-21266,CUST-2041,EMP-129,2024-11-14,2024-12-14,2025-01-02,11081.7,332.45,0.03,10749.25,4890.31,Paid,Europe
AR-INV-21267,CUST-2048,EMP-125,2024-11-14,2024-12-14,2024-12-13,20449.41,1022.47,0.05,19426.94,11172.04,Paid,Latin America
AR-INV-21268,CUST-2013,EMP-125,2024-11-14,2024-12-14,2024-12-05,19055.08,1905.51,0.1,17149.57,10819.54,Paid,Europe
AR-INV-21270,CUST-2012,EMP-125,2024-11-15,2024-12-15,2024-12-30,17490.04,874.5,0.05,16615.54,9367.44,Paid,North America
AR-INV-21271,CUST-2012,EMP-133,2024-11-15,2024-12-15,2024-12-10,13552.13,0.0,0.0,13552.13,7792.21,Paid,North America
AR-INV-21269,CUST-2011,EMP-133,2024-11-15,2024-12-15,2024-12-20,9933.1,0.0,0.0,9933.1,5253.46,Paid,North America
AR-INV-21272,CUST-2038,EMP-129,2024-11-16,2024-12-16,2025-01-03,11717.23,937.38,0.08,10779.85,5337.94,Paid,North America
AR-INV-21273,CUST-2039,EMP-130,2024-11-16,2024-12-16,2025-01-02,14759.42,0.0,0.0,14759.42,6726.88,Paid,Asia Pacific
AR-INV-21274,CUST-2007,EMP-125,2024-11-16,2024-12-16,2024-12-02,8604.05,430.2,0.05,8173.85,4122.0,Paid,Asia Pacific
AR-INV-21275,CUST-2042,EMP-120,2024-11-16,2024-12-16,2025-01-05,9039.83,271.19,0.03,8768.64,5179.84,Paid,Europe
AR-INV-21276,CUST-2040,EMP-133,2024-11-17,2024-12-17,2024-12-20,13354.86,667.74,0.05,12687.12,7260.78,Paid,North America
AR-INV-21277,CUST-2017,EMP-129,2024-11-17,2024-12-17,2025-01-10,10534.4,0.0,0.0,10534.4,4941.26,Paid,Latin America
AR-INV-21278,CUST-2008,EMP-130,2024-11-17,2024-12-17,2024-12-06,18775.07,1502.01,0.08,17273.06,10361.82,Paid,Europe
AR-INV-21284,CUST-2014,EMP-120,2024-11-18,2024-12-18,2025-01-05,17949.94,538.5,0.03,17411.44,9968.32,Paid,North America
AR-INV-21283,CUST-2013,EMP-103,2024-11-18,2024-12-18,2025-01-11,15586.71,0.0,0.0,15586.71,6979.13,Paid,Europe
AR-INV-21282,CUST-2006,EMP-133,2024-11-18,2024-12-18,2024-12-23,11646.76,0.0,0.0,11646.76,5092.01,Paid,North America
AR-INV-21280,CUST-2034,EMP-130,2024-11-18,2024-12-18,2025-01-22,15783.56,0.0,0.0,15783.56,7225.13,Paid,Asia Pacific
AR-INV-21279,CUST-2008,EMP-120,2024-11-18,2024-12-18,2024-12-15,15829.66,474.89,0.03,15354.77,7065.89,Paid,Europe
AR-INV-21281,CUST-2003,EMP-103,2024-11-18,2024-12-18,2024-12-22,14111.68,705.58,0.05,13406.1,6401.48,Paid,North America
AR-INV-21285,CUST-2028,EMP-120,2024-11-19,2024-12-19,2025-01-12,12891.09,1031.29,0.08,11859.8,5508.71,Paid,Europe
AR-INV-21286,CUST-2018,EMP-129,2024-11-19,2024-12-19,2024-12-10,6581.52,329.08,0.05,6252.44,3441.67,Paid,Asia Pacific
AR-INV-21287,CUST-2050,EMP-103,2024-11-20,2024-12-20,2025-01-03,10660.82,0.0,0.0,10660.82,5081.13,Paid,Asia Pacific
AR-INV-21288,CUST-2025,EMP-125,2024-11-20,2024-12-20,2025-01-18,4425.95,132.78,0.03,4293.17,2565.35,Paid,Latin America
AR-INV-21289,CUST-2038,EMP-125,2024-11-20,2024-12-20,2025-01-20,20020.54,600.62,0.03,19419.92,8601.28,Paid,North America
AR-INV-21292,CUST-2011,EMP-129,2024-11-21,2024-12-21,2025-01-24,7339.93,587.19,0.08,6752.74,3737.38,Paid,North America
AR-INV-21294,CUST-2038,EMP-125,2024-11-21,2024-12-21,2025-01-09,7107.41,213.22,0.03,6894.19,3842.88,Paid,North America
AR-INV-21293,CUST-2028,EMP-120,2024-11-21,2024-12-21,2025-01-24,20491.22,0.0,0.0,20491.22,9670.07,Paid,Europe
AR-INV-21290,CUST-2049,EMP-120,2024-11-21,2024-12-21,2024-12-21,15617.14,0.0,0.0,15617.14,7461.21,Paid,Asia Pacific
AR-INV-21291,CUST-2033,EMP-125,2024-11-21,2024-12-21,2024-12-31,6534.83,196.04,0.03,6338.79,3546.57,Paid,Asia Pacific
AR-INV-21298,CUST-2021,EMP-130,2024-11-22,2024-12-22,2025-01-08,8171.39,408.57,0.05,7762.82,3808.56,Paid,Europe
AR-INV-21295,CUST-2020,EMP-129,2024-11-22,2024-12-22,2025-01-08,4294.73,0.0,0.0,4294.73,2288.99,Paid,North America
AR-INV-21296,CUST-2022,EMP-130,2024-11-22,2024-12-22,2025-01-16,5359.41,428.75,0.08,4930.66,2490.72,Paid,Latin America
AR-INV-21297,CUST-2022,EMP-130,2024-11-22,2024-12-22,2025-01-26,8961.87,268.86,0.03,8693.01,5147.03,Paid,Latin America
AR-INV-21300,CUST-2022,EMP-103,2024-11-23,2024-12-23,2024-12-10,15262.49,0.0,0.0,15262.49,8488.42,Paid,Latin America
AR-INV-21301,CUST-2003,EMP-129,2024-11-23,2024-12-23,2024-12-22,7662.28,383.11,0.05,7279.17,3674.83,Paid,North America
AR-INV-21299,CUST-2040,EMP-103,2024-11-23,2024-12-23,2025-01-04,8538.5,853.85,0.1,7684.65,4696.06,Paid,North America
AR-INV-21305,CUST-2036,EMP-130,2024-11-24,2024-12-24,2024-12-28,5739.31,0.0,0.0,5739.31,2502.68,Paid,North America
AR-INV-21304,CUST-2031,EMP-103,2024-11-24,2024-12-24,2025-01-05,19474.12,584.22,0.03,18889.9,10152.77,Paid,Asia Pacific
AR-INV-21302,CUST-2015,EMP-103,2024-11-24,2024-12-24,2024-12-16,13167.17,1316.72,0.1,11850.45,5806.46,Paid,Latin America
AR-INV-21303,CUST-2021,EMP-133,2024-11-24,2024-12-24,2024-12-30,5435.17,0.0,0.0,5435.17,2287.61,Paid,Europe
AR-INV-21306,CUST-2034,EMP-125,2024-11-25,2024-12-25,2025-01-18,10700.66,321.02,0.03,10379.64,5154.85,Paid,Asia Pacific
AR-INV-21307,CUST-2046,EMP-120,2024-11-25,2024-12-25,2025-01-23,9815.83,0.0,0.0,9815.83,5635.22,Paid,North America
AR-INV-21308,CUST-2015,EMP-120,2024-11-25,2024-12-25,2025-01-07,12618.86,378.57,0.03,12240.29,6586.69,Paid,Latin America
AR-INV-21313,CUST-2009,EMP-129,2024-11-26,2024-12-26,2025-01-18,9416.69,470.83,0.05,8945.86,4145.3,Paid,North America
AR-INV-21311,CUST-2019,EMP-129,2024-11-26,2024-12-26,2024-12-24,16247.97,1299.84,0.08,14948.13,7005.07,Paid,Asia Pacific
AR-INV-21312,CUST-2012,EMP-130,2024-11-26,2024-12-26,2025-01-27,18780.41,563.41,0.03,18217.0,10340.81,Paid,North America
AR-INV-21309,CUST-2019,EMP-130,2024-11-26,2024-12-26,2024-12-19,16023.88,480.72,0.03,15543.16,8644.95,Paid,Asia Pacific
AR-INV-21310,CUST-2024,EMP-125,2024-11-26,2024-12-26,2025-01-03,8302.85,830.29,0.1,7472.56,4422.01,Paid,Asia Pacific
AR-INV-21314,CUST-2042,EMP-103,2024-11-27,2024-12-27,2024-12-15,25133.85,754.02,0.03,24379.83,13065.85,Paid,Europe
AR-INV-21315,CUST-2025,EMP-130,2024-11-27,2024-12-27,2024-12-27,12607.34,0.0,0.0,12607.34,5476.33,Paid,Latin America
AR-INV-21316,CUST-2027,EMP-133,2024-11-27,2024-12-27,2025-01-16,8750.88,262.53,0.03,8488.35,3960.94,Paid,North America
AR-INV-21319,CUST-2023,EMP-120,2024-11-28,2024-12-28,2025-01-05,12870.14,386.1,0.03,12484.04,5941.56,Paid,Asia Pacific
AR-INV-21317,CUST-2002,EMP-125,2024-11-28,2024-12-28,2025-01-15,11063.76,0.0,0.0,11063.76,5481.71,Paid,North America
AR-INV-21318,CUST-2046,EMP-103,2024-11-28,2024-12-28,2024-12-24,25134.05,1256.7,0.05,23877.35,11267.86,Paid,North America
AR-INV-21320,CUST-2036,EMP-130,2024-11-28,2024-12-28,2024-12-22,12863.64,0.0,0.0,12863.64,5681.96,Paid,North America
AR-INV-21325,CUST-2005,EMP-120,2024-11-29,2024-12-29,2025-02-02,10955.19,547.76,0.05,10407.43,4948.8,Paid,North America
AR-INV-21323,CUST-2016,EMP-130,2024-11-29,2024-12-29,2024-12-25,12755.13,0.0,0.0,12755.13,5465.51,Paid,Latin America
AR-INV-21324,CUST-2046,EMP-120,2024-11-29,2024-12-29,2024-12-25,14459.11,1445.91,0.1,13013.2,7565.98,Paid,North America
AR-INV-21321,CUST-2003,EMP-133,2024-11-29,2024-12-29,2025-02-01,13506.52,0.0,0.0,13506.52,5867.74,Paid,North America
AR-INV-21322,CUST-2043,EMP-130,2024-11-29,2024-12-29,2025-01-18,16980.99,509.43,0.03,16471.56,9576.33,Paid,Europe
AR-INV-21326,CUST-2014,EMP-125,2024-11-30,2024-12-30,2024-12-16,11645.26,582.26,0.05,11063.0,6692.06,Paid,North America
AR-INV-21327,CUST-2021,EMP-129,2024-11-30,2024-12-30,2025-01-20,17466.07,0.0,0.0,17466.07,8947.23,Paid,Europe
AR-INV-21328,CUST-2040,EMP-129,2024-11-30,2024-12-30,2024-12-21,6953.26,347.66,0.05,6605.6,3901.12,Paid,North America
AR-INV-21329,CUST-2047,EMP-120,2024-11-30,2024-12-30,2025-01-21,10670.57,533.53,0.05,10137.04,5603.75,Paid,Asia Pacific
AR-INV-21330,CUST-2005,EMP-130,2024-11-30,2024-12-30,2024-12-24,9103.42,0.0,0.0,9103.42,4629.11,Paid,North America
AR-INV-21332,CUST-2037,EMP-125,2024-12-01,2024-12-31,2025-01-04,5046.42,0.0,0.0,5046.42,2568.38,Paid,Asia Pacific
AR-INV-21331,CUST-2011,EMP-133,2024-12-01,2024-12-31,2024-12-31,4693.87,234.69,0.05,4459.18,2498.99,Paid,North America
AR-INV-21333,CUST-2018,EMP-120,2024-12-01,2024-12-31,2025-01-14,10620.63,0.0,0.0,10620.63,5692.29,Paid,Asia Pacific
AR-INV-21338,CUST-2001,EMP-129,2024-12-02,2025-01-01,2024-12-27,8516.17,255.49,0.03,8260.68,4176.52,Paid,North America
AR-INV-21337,CUST-2029,EMP-125,2024-12-02,2025-01-01,2025-01-14,21032.72,1051.64,0.05,19981.08,11729.91,Paid,Europe
AR-INV-21334,CUST-2032,EMP-129,2024-12-02,2025-01-01,2025-01-01,17894.62,0.0,0.0,17894.62,8641.19,Paid,Europe
AR-INV-21335,CUST-2002,EMP-125,2024-12-02,2025-01-01,2025-01-22,11815.8,0.0,0.0,11815.8,6598.76,Paid,North America
AR-INV-21336,CUST-2050,EMP-120,2024-12-02,2025-01-01,2024-12-28,7676.6,230.3,0.03,7446.3,4114.69,Paid,Asia Pacific
AR-INV-21340,CUST-2032,EMP-130,2024-12-03,2025-01-02,2025-01-07,25356.68,0.0,0.0,25356.68,12639.1,Paid,Europe
AR-INV-21339,CUST-2016,EMP-130,2024-12-03,2025-01-02,2025-01-20,5921.8,473.74,0.08,5448.06,2931.06,Paid,Latin America
AR-INV-21342,CUST-2049,EMP-103,2024-12-04,2025-01-03,2025-02-03,23509.34,0.0,0.0,23509.34,11244.26,Paid,Asia Pacific
AR-INV-21343,CUST-2047,EMP-103,2024-12-04,2025-01-03,2024-12-21,10517.62,315.53,0.03,10202.09,4708.98,Paid,Asia Pacific
AR-INV-21341,CUST-2036,EMP-125,2024-12-04,2025-01-03,2025-01-31,11023.63,0.0,0.0,11023.63,4893.15,Paid,North America
AR-INV-21345,CUST-2034,EMP-125,2024-12-05,2025-01-04,2025-01-11,4574.03,137.22,0.03,4436.81,2337.45,Paid,Asia Pacific
AR-INV-21346,CUST-2044,EMP-129,2024-12-05,2025-01-04,2025-01-12,8387.18,419.36,0.05,7967.82,4491.56,Paid,North America
AR-INV-21344,CUST-2036,EMP-120,2024-12-05,2025-01-04,2025-01-18,10654.22,319.63,0.03,10334.59,6076.7,Paid,North America
AR-INV-21349,CUST-2016,EMP-120,2024-12-06,2025-01-05,2025-02-09,11413.65,342.41,0.03,11071.24,6281.48,Paid,Latin America
AR-INV-21350,CUST-2037,EMP-133,2024-12-06,2025-01-05,2024-12-31,8980.16,0.0,0.0,8980.16,3867.08,Paid,Asia Pacific
AR-INV-21347,CUST-2023,EMP-129,2024-12-06,2025-01-05,2024-12-24,13546.2,0.0,0.0,13546.2,6848.94,Paid,Asia Pacific
AR-INV-21348,CUST-2049,EMP-103,2024-12-06,2025-01-05,2025-01-09,14981.14,0.0,0.0,14981.14,6958.75,Paid,Asia Pacific
AR-INV-21351,CUST-2047,EMP-125,2024-12-07,2025-01-06,2024-12-23,10728.44,858.28,0.08,9870.16,5995.21,Paid,Asia Pacific
AR-INV-21352,CUST-2050,EMP-129,2024-12-07,2025-01-06,2025-02-06,5755.26,172.66,0.03,5582.6,2571.43,Paid,Asia Pacific
AR-INV-21353,CUST-2038,EMP-130,2024-12-07,2025-01-06,2025-01-10,21569.32,0.0,0.0,21569.32,9142.04,Paid,North America
AR-INV-21354,CUST-2013,EMP-120,2024-12-07,2025-01-06,2025-01-23,15950.81,0.0,0.0,15950.81,8914.22,Paid,Europe
AR-INV-21355,CUST-2013,EMP-103,2024-12-07,2025-01-06,2024-12-22,9937.84,298.14,0.03,9639.7,4486.07,Paid,Europe
AR-INV-21356,CUST-2037,EMP-120,2024-12-07,2025-01-06,2025-02-03,8172.52,817.25,0.1,7355.27,3540.53,Paid,Asia Pacific
AR-INV-21359,CUST-2008,EMP-130,2024-12-08,2025-01-07,2025-01-18,9371.09,749.69,0.08,8621.4,5375.43,Paid,Europe
AR-INV-21360,CUST-2030,EMP-130,2024-12-08,2025-01-07,2025-02-10,22040.58,0.0,0.0,22040.58,9663.18,Paid,Europe
AR-INV-21357,CUST-2006,EMP-125,2024-12-08,2025-01-07,2024-12-26,26197.72,2619.77,0.1,23577.95,11611.6,Paid,North America
AR-INV-21358,CUST-2041,EMP-129,2024-12-08,2025-01-07,2025-01-02,7483.2,374.16,0.05,7109.04,3281.3,Paid,Europe
AR-INV-21362,CUST-2012,EMP-103,2024-12-09,2025-01-08,2025-01-21,3984.26,0.0,0.0,3984.26,2133.44,Paid,North America
AR-INV-21363,CUST-2009,EMP-130,2024-12-09,2025-01-08,2025-01-26,12280.69,0.0,0.0,12280.69,6616.99,Paid,North America
AR-INV-21364,CUST-2049,EMP-120,2024-12-09,2025-01-08,2025-02-01,7672.53,613.8,0.08,7058.73,3465.47,Paid,Asia Pacific
AR-INV-21365,CUST-2048,EMP-130,2024-12-09,2025-01-08,2025-01-05,4539.21,0.0,0.0,4539.21,2119.71,Paid,Latin America
AR-INV-21361,CUST-2006,EMP-103,2024-12-09,2025-01-08,2025-01-01,12025.47,0.0,0.0,12025.47,5825.52,Paid,North America
AR-INV-21366,CUST-2022,EMP-129,2024-12-10,2025-01-09,2025-01-23,7878.67,236.36,0.03,7642.31,4141.45,Paid,Latin America
AR-INV-21367,CUST-2042,EMP-130,2024-12-10,2025-01-09,2024-12-31,5677.96,283.9,0.05,5394.06,3090.31,Paid,Europe
AR-INV-21368,CUST-2010,EMP-133,2024-12-10,2025-01-09,2024-12-26,6707.7,0.0,0.0,6707.7,2913.93,Paid,North America
AR-INV-21369,CUST-2036,EMP-130,2024-12-10,2025-01-09,2025-01-15,11944.37,0.0,0.0,11944.37,6019.61,Paid,North America
AR-INV-21373,CUST-2047,EMP-120,2024-12-11,2025-01-10,2025-02-11,6983.93,349.2,0.05,6634.73,3007.02,Paid,Asia Pacific
AR-INV-21374,CUST-2048,EMP-130,2024-12-11,2025-01-10,2025-02-09,8861.33,0.0,0.0,8861.33,5041.32,Paid,Latin America
AR-INV-21371,CUST-2019,EMP-120,2024-12-11,2025-01-10,2025-02-01,16840.94,0.0,0.0,16840.94,9336.59,Paid,Asia Pacific
AR-INV-21370,CUST-2037,EMP-130,2024-12-11,2025-01-10,2025-02-02,4821.48,0.0,0.0,4821.48,2128.88,Paid,Asia Pacific
AR-INV-21372,CUST-2013,EMP-130,2024-12-11,2025-01-10,2025-01-17,8914.68,445.73,0.05,8468.95,5162.77,Paid,Europe
AR-INV-21375,CUST-2039,EMP-133,2024-12-12,2025-01-11,2025-01-27,5704.15,0.0,0.0,5704.15,3029.64,Paid,Asia Pacific
AR-INV-21376,CUST-2002,EMP-103,2024-12-12,2025-01-11,2025-01-05,5696.5,0.0,0.0,5696.5,2806.08,Paid,North America
AR-INV-21377,CUST-2018,EMP-129,2024-12-12,2025-01-11,2025-01-16,8502.27,255.07,0.03,8247.2,4059.35,Paid,Asia Pacific
AR-INV-21378,CUST-2035,EMP-133,2024-12-12,2025-01-11,2025-01-04,12282.11,0.0,0.0,12282.11,6657.05,Paid,Europe
AR-INV-21379,CUST-2002,EMP-133,2024-12-13,2025-01-12,2025-02-15,13588.83,1087.11,0.08,12501.72,7638.23,Paid,North America
AR-INV-21380,CUST-2010,EMP-103,2024-12-13,2025-01-12,2024-12-31,8106.71,0.0,0.0,8106.71,4029.82,Paid,North America
AR-INV-21381,CUST-2028,EMP-103,2024-12-13,2025-01-12,2025-01-11,9420.94,0.0,0.0,9420.94,4200.92,Paid,Europe
AR-INV-21385,CUST-2034,EMP-130,2024-12-14,2025-01-13,2025-01-18,7335.81,586.86,0.08,6748.95,3206.68,Paid,Asia Pacific
AR-INV-21384,CUST-2002,EMP-120,2024-12-14,2025-01-13,2025-01-16,10931.15,0.0,0.0,10931.15,4812.3,Paid,North America
AR-INV-21383,CUST-2047,EMP-130,2024-12-14,2025-01-13,2025-02-04,22688.21,2268.82,0.1,20419.39,11094.43,Paid,Asia Pacific
AR-INV-21382,CUST-2018,EMP-103,2024-12-14,2025-01-13,2025-01-26,11850.25,0.0,0.0,11850.25,6151.56,Paid,Asia Pacific
AR-INV-21386,CUST-2011,EMP-130,2024-12-15,2025-01-14,2025-02-12,6311.31,189.34,0.03,6121.97,2658.4,Paid,North America
AR-INV-21387,CUST-2046,EMP-133,2024-12-15,2025-01-14,2024-12-31,16943.84,0.0,0.0,16943.84,7275.41,Paid,North America
AR-INV-21388,CUST-2040,EMP-133,2024-12-15,2025-01-14,2025-01-30,2703.68,216.29,0.08,2487.39,1310.98,Paid,North America
AR-INV-21389,CUST-2050,EMP-130,2024-12-16,2025-01-15,2025-02-19,7900.33,237.01,0.03,7663.32,3853.07,Paid,Asia Pacific
AR-INV-21390,CUST-2020,EMP-125,2024-12-16,2025-01-15,2025-02-12,6284.2,0.0,0.0,6284.2,3084.6,Paid,North America
AR-INV-21391,CUST-2050,EMP-133,2024-12-16,2025-01-15,2025-01-11,15818.73,0.0,0.0,15818.73,7719.97,Paid,Asia Pacific
AR-INV-21392,CUST-2016,EMP-133,2024-12-16,2025-01-15,2025-01-16,20114.34,603.43,0.03,19510.91,8790.53,Paid,Latin America
AR-INV-21396,CUST-2049,EMP-103,2024-12-17,2025-01-16,2025-01-03,13092.43,392.77,0.03,12699.66,6386.6,Paid,Asia Pacific
AR-INV-21395,CUST-2027,EMP-125,2024-12-17,2025-01-16,2025-01-18,9787.38,0.0,0.0,9787.38,4814.34,Paid,North America
AR-INV-21393,CUST-2001,EMP-103,2024-12-17,2025-01-16,2025-01-08,9328.2,0.0,0.0,9328.2,4006.5,Paid,North America
AR-INV-21394,CUST-2033,EMP-103,2024-12-17,2025-01-16,2025-02-17,6901.33,0.0,0.0,6901.33,2927.98,Paid,Asia Pacific
AR-INV-21397,CUST-2034,EMP-103,2024-12-18,2025-01-17,2025-01-30,14094.69,704.73,0.05,13389.96,7431.16,Paid,Asia Pacific
AR-INV-21398,CUST-2007,EMP-129,2024-12-18,2025-01-17,2025-01-08,9787.43,293.62,0.03,9493.81,5470.68,Paid,Asia Pacific
AR-INV-21399,CUST-2022,EMP-130,2024-12-18,2025-01-17,2025-02-03,20245.1,0.0,0.0,20245.1,8776.45,Paid,Latin America
AR-INV-21400,CUST-2003,EMP-120,2024-12-18,2025-01-17,2025-01-31,7659.91,229.8,0.03,7430.11,3519.27,Paid,North America
AR-INV-21401,CUST-2022,EMP-103,2024-12-19,2025-01-18,2025-01-21,8523.58,852.36,0.1,7671.22,4688.65,Paid,Latin America
AR-INV-21402,CUST-2024,EMP-125,2024-12-19,2025-01-18,2025-01-15,8766.56,876.66,0.1,7889.9,4372.11,Paid,Asia Pacific
AR-INV-21403,CUST-2026,EMP-129,2024-12-19,2025-01-18,2025-01-04,12220.44,0.0,0.0,12220.44,5516.9,Paid,Europe
AR-INV-21404,CUST-2037,EMP-120,2024-12-19,2025-01-18,2025-02-05,16376.35,0.0,0.0,16376.35,8271.21,Paid,Asia Pacific
AR-INV-21405,CUST-2044,EMP-133,2024-12-19,2025-01-18,2025-02-10,5058.78,151.76,0.03,4907.02,2694.03,Paid,North America
AR-INV-21408,CUST-2017,EMP-120,2024-12-20,2025-01-19,2025-01-13,5606.26,448.5,0.08,5157.76,2746.45,Paid,Latin America
AR-INV-21406,CUST-2002,EMP-129,2024-12-20,2025-01-19,2025-01-16,5524.94,0.0,0.0,5524.94,2325.31,Paid,North America
AR-INV-21407,CUST-2043,EMP-129,2024-12-20,2025-01-19,2025-02-01,12339.71,370.19,0.03,11969.52,5491.83,Paid,Europe
AR-INV-21409,CUST-2038,EMP-103,2024-12-21,2025-01-20,2025-02-18,9032.28,270.97,0.03,8761.31,4994.05,Paid,North America
AR-INV-21410,CUST-2031,EMP-103,2024-12-21,2025-01-20,2025-01-30,8735.74,0.0,0.0,8735.74,5038.53,Paid,Asia Pacific
AR-INV-21411,CUST-2007,EMP-133,2024-12-22,2025-01-21,2025-01-10,19061.76,7243.47,0.38,11818.29,8081.98,Paid,Asia Pacific
AR-INV-21412,CUST-2008,EMP-103,2024-12-22,2025-01-21,2025-02-04,23741.73,712.25,0.03,23029.48,11816.37,Paid,Europe
AR-INV-21413,CUST-2008,EMP-133,2024-12-22,2025-01-21,2025-01-21,8015.62,3126.09,0.39,4889.53,3703.47,Paid,Europe
AR-INV-21414,CUST-2035,EMP-125,2024-12-22,2025-01-21,2025-02-23,13927.69,0.0,0.0,13927.69,7442.74,Paid,Europe
AR-INV-21418,CUST-2038,EMP-133,2024-12-23,2025-01-22,2025-02-01,18744.18,6935.35,0.37,11808.83,9362.81,Paid,North America
AR-INV-21417,CUST-2012,EMP-103,2024-12-23,2025-01-22,2025-01-09,5518.2,0.0,0.0,5518.2,2855.2,Paid,North America
AR-INV-21415,CUST-2046,EMP-130,2024-12-23,2025-01-22,2025-01-27,8781.66,439.08,0.05,8342.58,4495.04,Paid,North America
AR-INV-21416,CUST-2016,EMP-130,2024-12-23,2025-01-22,2025-02-26,15901.39,1590.14,0.1,14311.25,6845.94,Paid,Latin America
AR-INV-21419,CUST-2034,EMP-120,2024-12-24,2025-01-23,2025-01-20,7488.58,224.66,0.03,7263.92,3921.65,Paid,Asia Pacific
AR-INV-21420,CUST-2030,EMP-125,2024-12-24,2025-01-23,2025-02-03,4648.95,139.47,0.03,4509.48,2042.03,Paid,Europe
AR-INV-21421,CUST-2025,EMP-125,2024-12-24,2025-01-23,2025-02-03,7792.01,233.76,0.03,7558.25,3637.45,Paid,Latin America
AR-INV-21422,CUST-2025,EMP-103,2024-12-24,2025-01-23,2025-01-11,9104.11,0.0,0.0,9104.11,4530.14,Paid,Latin America
AR-INV-21423,CUST-2032,EMP-120,2024-12-24,2025-01-23,2025-01-19,5686.71,170.6,0.03,5516.11,2614.29,Paid,Europe
AR-INV-21426,CUST-2040,EMP-120,2024-12-25,2025-01-24,2025-01-25,6638.46,331.92,0.05,6306.54,2859.31,Paid,North America
AR-INV-21424,CUST-2028,EMP-129,2024-12-25,2025-01-24,2025-02-10,10275.88,0.0,0.0,10275.88,5448.49,Paid,Europe
AR-INV-21425,CUST-2043,EMP-125,2024-12-25,2025-01-24,2025-01-16,14856.64,445.7,0.03,14410.94,7625.29,Paid,Europe
AR-INV-21427,CUST-2011,EMP-120,2024-12-25,2025-01-24,2025-01-17,22443.91,1122.2,0.05,21321.71,12858.58,Paid,North America
AR-INV-21428,CUST-2002,EMP-129,2024-12-25,2025-01-24,2025-02-12,32248.58,967.46,0.03,31281.12,16204.63,Paid,North America
AR-INV-21432,CUST-2006,EMP-129,2024-12-26,2025-01-25,2025-02-18,9777.8,0.0,0.0,9777.8,5204.63,Paid,North America
AR-INV-21431,CUST-2017,EMP-103,2024-12-26,2025-01-25,2025-02-13,12886.3,644.32,0.05,12241.98,7271.87,Paid,Latin America
AR-INV-21433,CUST-2037,EMP-125,2024-12-26,2025-01-25,2025-02-28,9226.03,276.78,0.03,8949.25,5181.27,Paid,Asia Pacific
AR-INV-21429,CUST-2007,EMP-103,2024-12-26,2025-01-25,2025-02-21,9195.5,275.87,0.03,8919.63,5099.5,Paid,Asia Pacific
AR-INV-21430,CUST-2043,EMP-130,2024-12-26,2025-01-25,2025-02-19,14368.84,0.0,0.0,14368.84,7881.59,Paid,Europe
AR-INV-21436,CUST-2043,EMP-125,2024-12-27,2025-01-26,2025-01-15,15792.94,0.0,0.0,15792.94,8705.95,Paid,Europe
AR-INV-21437,CUST-2035,EMP-120,2024-12-27,2025-01-26,2025-01-19,7613.65,609.09,0.08,7004.56,3568.2,Paid,Europe
AR-INV-21434,CUST-2010,EMP-103,2024-12-27,2025-01-26,2025-01-12,3872.82,0.0,0.0,3872.82,1901.99,Paid,North America
AR-INV-21435,CUST-2047,EMP-125,2024-12-27,2025-01-26,2025-01-29,9739.02,292.17,0.03,9446.85,5006.09,Paid,Asia Pacific
AR-INV-21439,CUST-2033,EMP-130,2024-12-28,2025-01-27,2025-02-09,12998.09,1039.85,0.08,11958.24,6646.89,Paid,Asia Pacific
AR-INV-21440,CUST-2033,EMP-133,2024-12-28,2025-01-27,2025-01-13,18779.62,5633.89,0.3,13145.73,8405.98,Paid,Asia Pacific
AR-INV-21438,CUST-2008,EMP-120,2024-12-28,2025-01-27,2025-02-14,22129.78,1770.38,0.08,20359.4,12422.57,Paid,Europe
AR-INV-21443,CUST-2026,EMP-103,2024-12-29,2025-01-28,2025-01-23,14194.94,709.75,0.05,13485.19,7478.99,Paid,Europe
AR-INV-21441,CUST-2003,EMP-120,2024-12-29,2025-01-28,2025-01-18,9336.6,280.1,0.03,9056.5,4628.38,Paid,North America
AR-INV-21442,CUST-2012,EMP-129,2024-12-29,2025-01-28,2025-02-20,11475.85,0.0,0.0,11475.85,4976.16,Paid,North America
AR-INV-21444,CUST-2032,EMP-130,2024-12-30,2025-01-29,2025-01-24,8758.22,437.91,0.05,8320.31,4057.39,Paid,Europe
AR-INV-21445,CUST-2039,EMP-130,2024-12-30,2025-01-29,2025-01-23,18283.72,548.51,0.03,17735.21,10323.17,Paid,Asia Pacific
AR-INV-21446,CUST-2030,EMP-130,2024-12-30,2025-01-29,2025-02-25,7710.01,385.5,0.05,7324.51,3951.96,Paid,Europe
AR-INV-21447,CUST-2031,EMP-130,2024-12-30,2025-01-29,2025-02-20,26591.69,797.75,0.03,25793.94,12305.08,Paid,Asia Pacific
AR-INV-21448,CUST-2046,EMP-103,2024-12-31,2025-01-30,2025-03-06,5431.56,0.0,0.0,5431.56,2968.21,Paid,North America
AR-INV-21449,CUST-2038,EMP-120,2024-12-31,2025-01-30,2025-02-15,13608.89,0.0,0.0,13608.89,6645.82,Paid,North America
AR-INV-21450,CUST-2036,EMP-130,2024-12-31,2025-01-30,2025-02-27,7270.48,0.0,0.0,7270.48,3620.71,Paid,North America
AR-INV-21454,CUST-2039,EMP-120,2025-01-01,2025-01-31,2025-02-24,5855.34,292.77,0.05,5562.57,2724.41,Paid,Asia Pacific
AR-INV-21453,CUST-2043,EMP-130,2025-01-01,2025-01-31,2025-01-18,2179.2,0.0,0.0,2179.2,1017.37,Paid,Europe
AR-INV-21455,CUST-2025,EMP-120,2025-01-01,2025-01-31,2025-02-24,16266.89,488.01,0.03,15778.88,8706.96,Paid,Latin America
AR-INV-21451,CUST-2045,EMP-125,2025-01-01,2025-01-31,2025-02-09,6160.65,184.82,0.03,5975.83,2916.01,Paid,Latin America
AR-INV-21452,CUST-2023,EMP-103,2025-01-01,2025-01-31,2025-02-27,6337.11,316.86,0.05,6020.25,3128.24,Paid,Asia Pacific
AR-INV-21456,CUST-2018,EMP-120,2025-01-02,2025-02-01,2025-02-14,15530.07,465.9,0.03,15064.17,6899.55,Paid,Asia Pacific
AR-INV-21457,CUST-2001,EMP-129,2025-01-02,2025-02-01,2025-01-26,5258.57,157.76,0.03,5100.81,2294.6,Paid,North America
AR-INV-21458,CUST-2011,EMP-133,2025-01-02,2025-02-01,2025-02-26,13512.59,405.38,0.03,13107.21,6201.0,Paid,North America
AR-INV-21459,CUST-2027,EMP-133,2025-01-02,2025-02-01,2025-02-18,6990.76,209.72,0.03,6781.04,3076.0,Paid,North America
AR-INV-21460,CUST-2050,EMP-129,2025-01-03,2025-02-02,2025-03-03,3426.95,0.0,0.0,3426.95,1658.72,Paid,Asia Pacific
AR-INV-21461,CUST-2033,EMP-129,2025-01-03,2025-02-02,2025-01-26,16395.54,491.87,0.03,15903.67,9195.5,Paid,Asia Pacific
AR-INV-21462,CUST-2017,EMP-120,2025-01-03,2025-02-02,2025-03-07,17561.28,526.84,0.03,17034.44,10159.12,Paid,Latin America
AR-INV-21463,CUST-2034,EMP-120,2025-01-03,2025-02-02,2025-01-19,7731.31,231.94,0.03,7499.37,3331.45,Paid,Asia Pacific
AR-INV-21464,CUST-2040,EMP-103,2025-01-03,2025-02-02,2025-01-25,18897.16,0.0,0.0,18897.16,8160.11,Paid,North America
AR-INV-21465,CUST-2038,EMP-130,2025-01-03,2025-02-02,2025-02-25,10043.45,0.0,0.0,10043.45,5280.74,Paid,North America
AR-INV-21469,CUST-2007,EMP-120,2025-01-04,2025-02-03,2025-01-20,9168.01,0.0,0.0,9168.01,5068.16,Paid,Asia Pacific
AR-INV-21468,CUST-2016,EMP-103,2025-01-04,2025-02-03,2025-02-20,5191.0,415.28,0.08,4775.72,2447.01,Paid,Latin America
AR-INV-21466,CUST-2011,EMP-129,2025-01-04,2025-02-03,2025-02-01,11098.61,554.93,0.05,10543.68,4853.13,Paid,North America
AR-INV-21467,CUST-2031,EMP-130,2025-01-04,2025-02-03,2025-01-30,9732.71,291.98,0.03,9440.73,4088.4,Paid,Asia Pacific
AR-INV-21470,CUST-2024,EMP-133,2025-01-05,2025-02-04,2025-02-05,5324.31,266.22,0.05,5058.09,2658.4,Paid,Asia Pacific
AR-INV-21471,CUST-2008,EMP-125,2025-01-05,2025-02-04,2025-01-22,13835.88,0.0,0.0,13835.88,6514.78,Paid,Europe
AR-INV-21472,CUST-2013,EMP-130,2025-01-05,2025-02-04,2025-02-25,14618.07,0.0,0.0,14618.07,6205.67,Paid,Europe
AR-INV-21473,CUST-2027,EMP-120,2025-01-05,2025-02-04,2025-03-08,3391.37,169.57,0.05,3221.8,1679.43,Paid,North America
AR-INV-21474,CUST-2031,EMP-130,2025-01-05,2025-02-04,2025-03-05,14318.22,0.0,0.0,14318.22,7195.28,Paid,Asia Pacific
AR-INV-21475,CUST-2017,EMP-125,2025-01-05,2025-02-04,2025-03-01,10061.82,301.85,0.03,9759.97,5438.23,Paid,Latin America
AR-INV-21476,CUST-2035,EMP-130,2025-01-06,2025-02-05,2025-02-25,3824.47,0.0,0.0,3824.47,1851.47,Paid,Europe
AR-INV-21477,CUST-2010,EMP-103,2025-01-06,2025-02-05,2025-02-16,11682.43,0.0,0.0,11682.43,5734.39,Paid,North America
AR-INV-21479,CUST-2041,EMP-120,2025-01-07,2025-02-06,2025-03-02,7056.71,564.54,0.08,6492.17,3580.2,Paid,Europe
AR-INV-21481,CUST-2038,EMP-120,2025-01-07,2025-02-06,2025-02-10,12658.01,632.9,0.05,12025.11,6429.36,Paid,North America
AR-INV-21478,CUST-2007,EMP-129,2025-01-07,2025-02-06,2025-02-16,8588.62,429.43,0.05,8159.19,4462.71,Paid,Asia Pacific
AR-INV-21480,CUST-2043,EMP-125,2025-01-07,2025-02-06,2025-03-07,5382.15,161.46,0.03,5220.69,3048.57,Paid,Europe
AR-INV-21486,CUST-2024,EMP-129,2025-01-08,2025-02-07,2025-03-08,3020.29,151.01,0.05,2869.28,1452.88,Paid,Asia Pacific
AR-INV-21482,CUST-2025,EMP-125,2025-01-08,2025-02-07,2025-01-28,10980.28,0.0,0.0,10980.28,6179.74,Paid,Latin America
AR-INV-21483,CUST-2021,EMP-133,2025-01-08,2025-02-07,2025-03-06,11260.58,337.82,0.03,10922.76,6493.11,Paid,Europe
AR-INV-21484,CUST-2004,EMP-103,2025-01-08,2025-02-07,2025-03-02,18477.29,0.0,0.0,18477.29,8158.88,Paid,Europe
AR-INV-21485,CUST-2044,EMP-129,2025-01-08,2025-02-07,2025-02-22,22078.03,0.0,0.0,22078.03,11701.19,Paid,North America
AR-INV-21487,CUST-2003,EMP-133,2025-01-08,2025-02-07,2025-02-19,12720.91,0.0,0.0,12720.91,6308.51,Paid,North America
AR-INV-21491,CUST-2021,EMP-133,2025-01-09,2025-02-08,2025-01-24,26507.92,795.24,0.03,25712.68,12740.69,Paid,Europe
AR-INV-21490,CUST-2046,EMP-130,2025-01-09,2025-02-08,2025-02-09,6827.4,0.0,0.0,6827.4,3429.72,Paid,North America
AR-INV-21488,CUST-2004,EMP-129,2025-01-09,2025-02-08,2025-03-14,7856.89,392.84,0.05,7464.05,3975.99,Paid,Europe
AR-INV-21489,CUST-2036,EMP-120,2025-01-09,2025-02-08,2025-02-19,13740.46,0.0,0.0,13740.46,6462.17,Paid,North America
AR-INV-21492,CUST-2039,EMP-130,2025-01-10,2025-02-09,2025-02-02,14048.54,702.43,0.05,13346.11,6577.26,Paid,Asia Pacific
AR-INV-21493,CUST-2020,EMP-125,2025-01-10,2025-02-09,2025-01-28,9464.29,946.43,0.1,8517.86,4353.9,Paid,North America
AR-INV-21494,CUST-2025,EMP-120,2025-01-11,2025-02-10,2025-03-14,19060.9,953.05,0.05,18107.85,8841.12,Paid,Latin America
AR-INV-21495,CUST-2036,EMP-125,2025-01-11,2025-02-10,2025-01-29,6435.01,193.05,0.03,6241.96,3214.93,Paid,North America
AR-INV-21496,CUST-2021,EMP-120,2025-01-11,2025-02-10,2025-03-17,14377.18,0.0,0.0,14377.18,6071.44,Paid,Europe
AR-INV-21502,CUST-2009,EMP-130,2025-01-12,2025-02-11,2025-03-12,6826.89,0.0,0.0,6826.89,3324.68,Paid,North America
AR-INV-21501,CUST-2024,EMP-133,2025-01-12,2025-02-11,2025-03-18,12858.75,642.94,0.05,12215.81,7202.72,Paid,Asia Pacific
AR-INV-21500,CUST-2039,EMP-103,2025-01-12,2025-02-11,2025-03-18,31950.84,958.53,0.03,30992.31,14659.13,Paid,Asia Pacific
AR-INV-21499,CUST-2020,EMP-133,2025-01-12,2025-02-11,2025-02-28,24059.58,2405.96,0.1,21653.62,10845.24,Paid,North America
AR-INV-21498,CUST-2022,EMP-125,2025-01-12,2025-02-11,2025-03-18,9939.85,795.19,0.08,9144.66,5083.18,Paid,Latin America
AR-INV-21497,CUST-2021,EMP-120,2025-01-12,2025-02-11,2025-02-24,9267.57,741.41,0.08,8526.16,4619.0,Paid,Europe
AR-INV-21503,CUST-2007,EMP-120,2025-01-13,2025-02-12,2025-02-19,9827.55,294.83,0.03,9532.72,5076.76,Paid,Asia Pacific
AR-INV-21504,CUST-2015,EMP-103,2025-01-13,2025-02-12,2025-02-24,7013.92,0.0,0.0,7013.92,3991.67,Paid,Latin America
AR-INV-21505,CUST-2011,EMP-129,2025-01-13,2025-02-12,2025-02-08,7463.43,0.0,0.0,7463.43,3316.34,Paid,North America
AR-INV-21510,CUST-2017,EMP-125,2025-01-14,2025-02-13,2025-02-01,10188.44,509.42,0.05,9679.02,5321.49,Paid,Latin America
AR-INV-21509,CUST-2046,EMP-103,2025-01-14,2025-02-13,2025-03-02,9370.3,0.0,0.0,9370.3,5300.92,Paid,North America
AR-INV-21511,CUST-2001,EMP-125,2025-01-14,2025-02-13,2025-03-03,7720.27,0.0,0.0,7720.27,3828.74,Paid,North America
AR-INV-21507,CUST-2031,EMP-133,2025-01-14,2025-02-13,2025-03-09,7185.98,215.58,0.03,6970.4,3896.31,Paid,Asia Pacific
AR-INV-21506,CUST-2029,EMP-120,2025-01-14,2025-02-13,2025-03-12,11225.41,1122.54,0.1,10102.87,5573.85,Paid,Europe
AR-INV-21508,CUST-2005,EMP-120,2025-01-14,2025-02-13,2025-02-15,19010.89,0.0,0.0,19010.89,8225.07,Paid,North America
AR-INV-21517,CUST-2004,EMP-129,2025-01-15,2025-02-14,2025-03-19,17628.59,528.86,0.03,17099.73,8049.38,Paid,Europe
AR-INV-21516,CUST-2028,EMP-103,2025-01-15,2025-02-14,2025-02-09,12230.28,0.0,0.0,12230.28,5353.75,Paid,Europe
AR-INV-21515,CUST-2046,EMP-120,2025-01-15,2025-02-14,2025-03-11,8788.22,439.41,0.05,8348.81,4890.11,Paid,North America
AR-INV-21512,CUST-2031,EMP-130,2025-01-15,2025-02-14,2025-02-11,5103.73,153.11,0.03,4950.62,2599.9,Paid,Asia Pacific
AR-INV-21513,CUST-2006,EMP-129,2025-01-15,2025-02-14,2025-02-21,5476.62,164.3,0.03,5312.32,3073.46,Paid,North America
AR-INV-21514,CUST-2029,EMP-103,2025-01-15,2025-02-14,2025-02-07,11831.94,946.56,0.08,10885.38,5486.61,Paid,Europe
AR-INV-21518,CUST-2022,EMP-129,2025-01-16,2025-02-15,2025-03-18,6957.45,208.72,0.03,6748.73,3697.39,Paid,Latin America
AR-INV-21519,CUST-2025,EMP-125,2025-01-16,2025-02-15,2025-03-12,28985.5,0.0,0.0,28985.5,14743.68,Paid,Latin America
AR-INV-21520,CUST-2011,EMP-133,2025-01-16,2025-02-15,2025-02-11,6038.22,603.82,0.1,5434.4,3451.92,Paid,North America
AR-INV-21521,CUST-2020,EMP-129,2025-01-16,2025-02-15,2025-03-20,5366.46,0.0,0.0,5366.46,2732.59,Paid,North America
AR-INV-21522,CUST-2015,EMP-125,2025-01-16,2025-02-15,2025-03-20,16469.9,0.0,0.0,16469.9,7584.63,Paid,Latin America
AR-INV-21528,CUST-2047,EMP-120,2025-01-17,2025-02-16,2025-02-06,20757.78,1037.89,0.05,19719.89,10780.06,Paid,Asia Pacific
AR-INV-21527,CUST-2029,EMP-133,2025-01-17,2025-02-16,2025-03-20,10732.63,536.63,0.05,10196.0,5563.41,Paid,Europe
AR-INV-21526,CUST-2008,EMP-129,2025-01-17,2025-02-16,2025-03-18,6124.0,489.92,0.08,5634.08,2723.14,Paid,Europe
AR-INV-21524,CUST-2020,EMP-130,2025-01-17,2025-02-16,2025-02-22,6786.34,0.0,0.0,6786.34,3558.44,Paid,North America
AR-INV-21523,CUST-2018,EMP-103,2025-01-17,2025-02-16,2025-02-17,10360.64,0.0,0.0,10360.64,5917.29,Paid,Asia Pacific
AR-INV-21525,CUST-2048,EMP-129,2025-01-17,2025-02-16,2025-02-05,5120.19,409.62,0.08,4710.57,2843.15,Paid,Latin America
AR-INV-21531,CUST-2002,EMP-129,2025-01-18,2025-02-17,2025-02-26,15206.23,1216.5,0.08,13989.73,7737.15,Paid,North America
AR-INV-21529,CUST-2050,EMP-120,2025-01-18,2025-02-17,2025-02-20,3965.73,198.29,0.05,3767.44,1819.73,Paid,Asia Pacific
AR-INV-21530,CUST-2042,EMP-130,2025-01-18,2025-02-17,2025-02-12,11261.08,563.05,0.05,10698.03,5029.39,Paid,Europe
AR-INV-21532,CUST-2044,EMP-129,2025-01-18,2025-02-17,2025-02-24,7951.6,397.58,0.05,7554.02,4481.83,Paid,North America
AR-INV-21537,CUST-2018,EMP-125,2025-01-19,2025-02-18,2025-02-17,18573.36,1485.87,0.08,17087.49,8784.53,Paid,Asia Pacific
AR-INV-21536,CUST-2015,EMP-133,2025-01-19,2025-02-18,2025-02-12,15614.03,780.7,0.05,14833.33,7814.61,Paid,Latin America
AR-INV-21533,CUST-2042,EMP-125,2025-01-19,2025-02-18,2025-03-13,21291.83,0.0,0.0,21291.83,11827.34,Paid,Europe
AR-INV-21534,CUST-2025,EMP-129,2025-01-19,2025-02-18,2025-03-20,12038.22,601.91,0.05,11436.31,5547.08,Paid,Latin America
AR-INV-21535,CUST-2041,EMP-129,2025-01-19,2025-02-18,2025-03-25,15963.65,0.0,0.0,15963.65,8259.93,Paid,Europe
AR-INV-21538,CUST-2001,EMP-103,2025-01-20,2025-02-19,2025-03-26,9631.15,770.49,0.08,8860.66,5375.3,Paid,North America
AR-INV-21539,CUST-2041,EMP-130,2025-01-20,2025-02-19,2025-03-01,23189.92,0.0,0.0,23189.92,9996.24,Paid,Europe
AR-INV-21540,CUST-2029,EMP-120,2025-01-20,2025-02-19,2025-02-08,10011.92,300.36,0.03,9711.56,5028.69,Paid,Europe
AR-INV-21541,CUST-2028,EMP-133,2025-01-20,2025-02-19,2025-02-20,9197.37,919.74,0.1,8277.63,4273.25,Paid,Europe
AR-INV-21542,CUST-2043,EMP-133,2025-01-20,2025-02-19,2025-03-10,8971.84,0.0,0.0,8971.84,4381.84,Paid,Europe
AR-INV-21543,CUST-2035,EMP-133,2025-01-21,2025-02-20,2025-03-16,8615.25,430.76,0.05,8184.49,4273.32,Paid,Europe
AR-INV-21544,CUST-2014,EMP-120,2025-01-21,2025-02-20,2025-02-05,8605.1,430.26,0.05,8174.84,4374.79,Paid,North America
AR-INV-21545,CUST-2042,EMP-130,2025-01-21,2025-02-20,2025-03-23,10820.12,541.01,0.05,10279.11,6120.46,Paid,Europe
AR-INV-21549,CUST-2034,EMP-125,2025-01-22,2025-02-21,2025-03-26,15588.26,779.41,0.05,14808.85,8753.87,Paid,Asia Pacific
AR-INV-21548,CUST-2025,EMP-125,2025-01-22,2025-02-21,2025-03-15,9404.11,282.12,0.03,9121.99,4590.09,Paid,Latin America
AR-INV-21546,CUST-2016,EMP-130,2025-01-22,2025-02-21,2025-03-07,10995.16,329.85,0.03,10665.31,4876.72,Paid,Latin America
AR-INV-21547,CUST-2033,EMP-125,2025-01-22,2025-02-21,2025-03-25,10911.85,545.59,0.05,10366.26,6109.12,Paid,Asia Pacific
AR-INV-21550,CUST-2004,EMP-133,2025-01-23,2025-02-22,2025-03-16,11520.95,1152.1,0.1,10368.85,5418.54,Paid,Europe
AR-INV-21551,CUST-2045,EMP-129,2025-01-23,2025-02-22,2025-03-07,13127.97,656.4,0.05,12471.57,5733.57,Paid,Latin America
AR-INV-21552,CUST-2044,EMP-129,2025-01-23,2025-02-22,2025-02-12,6233.49,0.0,0.0,6233.49,2850.0,Paid,North America
AR-INV-21553,CUST-2047,EMP-125,2025-01-23,2025-02-22,2025-03-24,5156.92,154.71,0.03,5002.21,2960.9,Paid,Asia Pacific
AR-INV-21554,CUST-2018,EMP-129,2025-01-24,2025-02-23,2025-03-21,14758.45,1180.68,0.08,13577.77,8162.35,Paid,Asia Pacific
AR-INV-21555,CUST-2015,EMP-125,2025-01-24,2025-02-23,2025-02-23,15979.85,479.4,0.03,15500.45,8044.8,Paid,Latin America
AR-INV-21556,CUST-2037,EMP-103,2025-01-24,2025-02-23,2025-03-21,5976.43,0.0,0.0,5976.43,2617.9,Paid,Asia Pacific
AR-INV-21560,CUST-2008,EMP-103,2025-01-25,2025-02-24,2025-02-23,7177.26,358.86,0.05,6818.4,3031.56,Paid,Europe
AR-INV-21559,CUST-2046,EMP-125,2025-01-25,2025-02-24,2025-02-18,7988.98,239.67,0.03,7749.31,3626.47,Paid,North America
AR-INV-21558,CUST-2014,EMP-129,2025-01-25,2025-02-24,2025-02-12,19317.0,579.51,0.03,18737.49,9703.88,Paid,North America
AR-INV-21557,CUST-2032,EMP-103,2025-01-25,2025-02-24,2025-03-17,5589.03,0.0,0.0,5589.03,3077.91,Paid,Europe
AR-INV-21561,CUST-2001,EMP-103,2025-01-26,2025-02-25,2025-03-11,5571.72,0.0,0.0,5571.72,2805.49,Paid,North America
AR-INV-21562,CUST-2028,EMP-120,2025-01-26,2025-02-25,2025-03-14,5606.81,0.0,0.0,5606.81,3171.25,Paid,Europe
AR-INV-21563,CUST-2041,EMP-125,2025-01-26,2025-02-25,2025-03-25,28611.82,1430.59,0.05,27181.23,14571.92,Paid,Europe
AR-INV-21564,CUST-2025,EMP-103,2025-01-27,2025-02-26,2025-03-01,9727.52,0.0,0.0,9727.52,4215.69,Paid,Latin America
AR-INV-21565,CUST-2013,EMP-133,2025-01-27,2025-02-26,2025-02-14,8818.45,0.0,0.0,8818.45,3834.88,Paid,Europe
AR-INV-21566,CUST-2047,EMP-129,2025-01-27,2025-02-26,2025-03-03,5355.05,428.4,0.08,4926.65,2497.05,Paid,Asia Pacific
AR-INV-21567,CUST-2042,EMP-129,2025-01-27,2025-02-26,2025-03-15,3843.85,115.32,0.03,3728.53,1666.73,Paid,Europe
AR-INV-21572,CUST-2001,EMP-133,2025-01-28,2025-02-27,2025-03-05,9013.57,450.68,0.05,8562.89,4187.99,Paid,North America
AR-INV-21571,CUST-2047,EMP-103,2025-01-28,2025-02-27,2025-02-23,2138.77,64.16,0.03,2074.61,1155.48,Paid,Asia Pacific
AR-INV-21569,CUST-2042,EMP-129,2025-01-28,2025-02-27,2025-03-21,17495.04,0.0,0.0,17495.04,8213.8,Paid,Europe
AR-INV-21568,CUST-2031,EMP-133,2025-01-28,2025-02-27,2025-03-19,23849.38,715.48,0.03,23133.9,12882.77,Paid,Asia Pacific
AR-INV-21570,CUST-2021,EMP-130,2025-01-28,2025-02-27,2025-02-24,11333.25,566.66,0.05,10766.59,4823.19,Paid,Europe
AR-INV-21573,CUST-2038,EMP-120,2025-01-29,2025-02-28,2025-02-14,11107.69,333.23,0.03,10774.46,4797.69,Paid,North America
AR-INV-21574,CUST-2045,EMP-103,2025-01-29,2025-02-28,2025-03-27,10919.14,327.57,0.03,10591.57,6284.96,Paid,Latin America
AR-INV-21575,CUST-2025,EMP-120,2025-01-29,2025-02-28,2025-03-26,20459.64,0.0,0.0,20459.64,8834.72,Paid,Latin America
AR-INV-21576,CUST-2026,EMP-133,2025-01-29,2025-02-28,2025-02-18,12803.46,0.0,0.0,12803.46,5554.74,Paid,Europe
AR-INV-21577,CUST-2046,EMP-129,2025-01-29,2025-02-28,2025-03-13,7888.69,788.87,0.1,7099.82,3315.25,Paid,North America
AR-INV-21578,CUST-2035,EMP-133,2025-01-29,2025-02-28,2025-03-22,6804.92,0.0,0.0,6804.92,3526.71,Paid,Europe
AR-INV-21581,CUST-2013,EMP-133,2025-01-30,2025-03-01,2025-04-01,12476.55,374.3,0.03,12102.25,5994.57,Paid,Europe
AR-INV-21580,CUST-2050,EMP-125,2025-01-30,2025-03-01,2025-03-21,9177.12,458.86,0.05,8718.26,4485.62,Paid,Asia Pacific
AR-INV-21579,CUST-2040,EMP-120,2025-01-30,2025-03-01,2025-03-09,10337.41,0.0,0.0,10337.41,5359.2,Paid,North America
AR-INV-21582,CUST-2040,EMP-120,2025-01-31,2025-03-02,2025-04-06,3423.65,0.0,0.0,3423.65,1770.4,Paid,North America
AR-INV-21583,CUST-2001,EMP-125,2025-01-31,2025-03-02,2025-03-22,11190.13,0.0,0.0,11190.13,5475.91,Paid,North America
AR-INV-21584,CUST-2034,EMP-130,2025-01-31,2025-03-02,2025-03-30,6083.78,182.51,0.03,5901.27,3015.1,Paid,Asia Pacific
AR-INV-21585,CUST-2043,EMP-130,2025-01-31,2025-03-02,2025-03-10,7489.8,224.69,0.03,7265.11,3881.95,Paid,Europe
AR-INV-21586,CUST-2038,EMP-120,2025-02-01,2025-03-03,2025-02-20,9686.9,0.0,0.0,9686.9,4771.43,Paid,North America
AR-INV-21587,CUST-2037,EMP-120,2025-02-01,2025-03-03,2025-03-26,22079.99,1766.4,0.08,20313.59,9356.17,Paid,Asia Pacific
AR-INV-21589,CUST-2023,EMP-120,2025-02-02,2025-03-04,2025-03-25,9569.38,478.47,0.05,9090.91,4985.36,Paid,Asia Pacific
AR-INV-21590,CUST-2036,EMP-129,2025-02-02,2025-03-04,2025-02-22,4811.18,0.0,0.0,4811.18,2253.73,Paid,North America
AR-INV-21588,CUST-2002,EMP-103,2025-02-02,2025-03-04,2025-04-06,13415.55,0.0,0.0,13415.55,7525.97,Paid,North America
AR-INV-21591,CUST-2001,EMP-125,2025-02-03,2025-03-05,2025-02-22,10187.96,0.0,0.0,10187.96,4505.85,Paid,North America
AR-INV-21592,CUST-2030,EMP-133,2025-02-03,2025-03-05,2025-02-25,6006.68,0.0,0.0,6006.68,2824.92,Paid,Europe
AR-INV-21593,CUST-2030,EMP-120,2025-02-03,2025-03-05,2025-04-01,17348.78,520.46,0.03,16828.32,9246.39,Paid,Europe
AR-INV-21594,CUST-2048,EMP-129,2025-02-03,2025-03-05,2025-03-01,9985.28,299.56,0.03,9685.72,4809.07,Paid,Latin America
AR-INV-21599,CUST-2046,EMP-133,2025-02-04,2025-03-06,2025-02-27,9148.17,457.41,0.05,8690.76,4378.59,Paid,North America
AR-INV-21595,CUST-2007,EMP-125,2025-02-04,2025-03-06,2025-03-26,5525.08,276.25,0.05,5248.83,3058.49,Paid,Asia Pacific
AR-INV-21596,CUST-2010,EMP-133,2025-02-04,2025-03-06,2025-03-16,9648.85,0.0,0.0,9648.85,5152.9,Paid,North America
AR-INV-21597,CUST-2009,EMP-120,2025-02-04,2025-03-06,2025-03-29,16974.31,0.0,0.0,16974.31,7571.14,Paid,North America
AR-INV-21598,CUST-2031,EMP-133,2025-02-04,2025-03-06,2025-02-22,16626.09,498.78,0.03,16127.31,7181.0,Paid,Asia Pacific
AR-INV-21602,CUST-2010,EMP-129,2025-02-05,2025-03-07,2025-02-20,8568.08,428.4,0.05,8139.68,4101.94,Paid,North America
AR-INV-21601,CUST-2021,EMP-120,2025-02-05,2025-03-07,2025-03-28,11615.93,580.8,0.05,11035.13,5113.65,Paid,Europe
AR-INV-21600,CUST-2036,EMP-133,2025-02-05,2025-03-07,2025-02-22,14963.4,748.17,0.05,14215.23,7177.28,Paid,North America
AR-INV-21603,CUST-2002,EMP-130,2025-02-06,2025-03-08,2025-03-07,3930.35,0.0,0.0,3930.35,2048.26,Paid,North America
AR-INV-21604,CUST-2046,EMP-133,2025-02-06,2025-03-08,2025-03-22,14432.86,432.99,0.03,13999.87,8257.07,Paid,North America
AR-INV-21605,CUST-2011,EMP-129,2025-02-06,2025-03-08,2025-03-23,6691.87,334.59,0.05,6357.28,3108.72,Paid,North America
AR-INV-21606,CUST-2012,EMP-125,2025-02-06,2025-03-08,2025-03-13,11413.26,0.0,0.0,11413.26,5816.18,Paid,North America
AR-INV-21607,CUST-2047,EMP-133,2025-02-06,2025-03-08,2025-03-26,3786.84,0.0,0.0,3786.84,1644.37,Paid,Asia Pacific
AR-INV-21608,CUST-2034,EMP-129,2025-02-07,2025-03-09,2025-03-22,10962.3,0.0,0.0,10962.3,5063.39,Paid,Asia Pacific
AR-INV-21609,CUST-2016,EMP-103,2025-02-07,2025-03-09,2025-03-18,9650.08,0.0,0.0,9650.08,4701.03,Paid,Latin America
AR-INV-21610,CUST-2035,EMP-133,2025-02-07,2025-03-09,2025-04-13,13213.46,0.0,0.0,13213.46,5689.0,Paid,Europe
AR-INV-21611,CUST-2023,EMP-125,2025-02-07,2025-03-09,2025-02-25,8818.94,264.57,0.03,8554.37,4766.54,Paid,Asia Pacific
AR-INV-21613,CUST-2007,EMP-130,2025-02-08,2025-03-10,2025-02-28,18268.75,0.0,0.0,18268.75,8216.35,Paid,Asia Pacific
AR-INV-21612,CUST-2037,EMP-133,2025-02-08,2025-03-10,2025-03-24,10675.59,1067.56,0.1,9608.03,5526.4,Paid,Asia Pacific
AR-INV-21614,CUST-2003,EMP-130,2025-02-09,2025-03-11,2025-04-15,16707.69,0.0,0.0,16707.69,9548.79,Paid,North America
AR-INV-21615,CUST-2029,EMP-103,2025-02-09,2025-03-11,2025-02-26,27134.0,1356.7,0.05,25777.3,11987.43,Paid,Europe
AR-INV-21616,CUST-2003,EMP-120,2025-02-09,2025-03-11,2025-03-16,30576.41,0.0,0.0,30576.41,14946.67,Paid,North America
AR-INV-21617,CUST-2044,EMP-103,2025-02-09,2025-03-11,2025-04-09,33504.71,0.0,0.0,33504.71,16665.87,Paid,North America
AR-INV-21618,CUST-2042,EMP-103,2025-02-09,2025-03-11,2025-03-15,10303.48,824.28,0.08,9479.2,5273.74,Paid,Europe
AR-INV-21619,CUST-2021,EMP-130,2025-02-10,2025-03-12,2025-03-06,11418.92,0.0,0.0,11418.92,6277.17,Paid,Europe
AR-INV-21620,CUST-2037,EMP-125,2025-02-10,2025-03-12,2025-04-02,26502.15,795.06,0.03,25707.09,13645.84,Paid,Asia Pacific
AR-INV-21621,CUST-2014,EMP-120,2025-02-10,2025-03-12,2025-03-14,19987.39,0.0,0.0,19987.39,10298.07,Paid,North America
AR-INV-21622,CUST-2031,EMP-103,2025-02-10,2025-03-12,2025-04-05,7463.06,223.89,0.03,7239.17,4009.4,Paid,Asia Pacific
AR-INV-21627,CUST-2012,EMP-103,2025-02-11,2025-03-13,2025-04-17,6830.6,204.92,0.03,6625.68,3193.19,Paid,North America
AR-INV-21626,CUST-2050,EMP-125,2025-02-11,2025-03-13,2025-04-10,20722.19,1036.11,0.05,19686.08,10040.42,Paid,Asia Pacific
AR-INV-21623,CUST-2033,EMP-129,2025-02-11,2025-03-13,2025-03-17,6464.81,646.48,0.1,5818.33,2924.35,Paid,Asia Pacific
AR-INV-21624,CUST-2035,EMP-103,2025-02-11,2025-03-13,2025-04-16,3319.32,0.0,0.0,3319.32,1803.33,Paid,Europe
AR-INV-21625,CUST-2005,EMP-103,2025-02-11,2025-03-13,2025-03-20,12715.75,0.0,0.0,12715.75,5432.99,Paid,North America
AR-INV-21628,CUST-2024,EMP-120,2025-02-12,2025-03-14,2025-03-14,6988.44,0.0,0.0,6988.44,3789.35,Paid,Asia Pacific
AR-INV-21629,CUST-2022,EMP-129,2025-02-12,2025-03-14,2025-03-16,14338.04,430.14,0.03,13907.9,6160.71,Paid,Latin America
AR-INV-21630,CUST-2035,EMP-120,2025-02-12,2025-03-14,2025-03-11,17971.93,0.0,0.0,17971.93,8782.57,Paid,Europe
AR-INV-21631,CUST-2038,EMP-125,2025-02-12,2025-03-14,2025-03-15,11716.27,0.0,0.0,11716.27,6266.33,Paid,North America
AR-INV-21632,CUST-2020,EMP-125,2025-02-12,2025-03-14,2025-03-10,6840.32,205.21,0.03,6635.11,3471.78,Paid,North America
AR-INV-21633,CUST-2015,EMP-120,2025-02-13,2025-03-15,2025-04-09,9239.56,739.16,0.08,8500.4,5060.02,Paid,Latin America
AR-INV-21634,CUST-2020,EMP-120,2025-02-13,2025-03-15,2025-03-21,8520.72,681.66,0.08,7839.06,4315.15,Paid,North America
AR-INV-21635,CUST-2022,EMP-103,2025-02-13,2025-03-15,2025-03-17,14016.64,420.5,0.03,13596.14,6883.48,Paid,Latin America
AR-INV-21640,CUST-2047,EMP-103,2025-02-14,2025-03-16,2025-03-15,16999.27,849.96,0.05,16149.31,8771.86,Paid,Asia Pacific
AR-INV-21639,CUST-2021,EMP-103,2025-02-14,2025-03-16,2025-03-20,7522.68,0.0,0.0,7522.68,3916.54,Paid,Europe
AR-INV-21636,CUST-2026,EMP-133,2025-02-14,2025-03-16,2025-03-06,6868.01,206.04,0.03,6661.97,3253.31,Paid,Europe
AR-INV-21637,CUST-2024,EMP-120,2025-02-14,2025-03-16,2025-04-16,5068.72,0.0,0.0,5068.72,2586.73,Paid,Asia Pacific
AR-INV-21638,CUST-2001,EMP-125,2025-02-14,2025-03-16,2025-04-19,3367.93,0.0,0.0,3367.93,1919.41,Paid,North America
AR-INV-21641,CUST-2006,EMP-103,2025-02-15,2025-03-17,2025-03-26,6276.33,188.29,0.03,6088.04,3145.71,Paid,North America
AR-INV-21642,CUST-2007,EMP-125,2025-02-15,2025-03-17,2025-03-23,4119.46,411.95,0.1,3707.51,1742.76,Paid,Asia Pacific
AR-INV-21646,CUST-2045,EMP-103,2025-02-16,2025-03-18,2025-03-08,4836.31,241.82,0.05,4594.49,2803.68,Paid,Latin America
AR-INV-21645,CUST-2024,EMP-129,2025-02-16,2025-03-18,2025-03-20,7567.12,0.0,0.0,7567.12,4291.97,Paid,Asia Pacific
AR-INV-21647,CUST-2043,EMP-129,2025-02-16,2025-03-18,2025-04-22,15731.43,0.0,0.0,15731.43,8875.34,Paid,Europe
AR-INV-21643,CUST-2046,EMP-120,2025-02-16,2025-03-18,2025-04-16,5149.3,257.47,0.05,4891.83,2207.18,Paid,North America
AR-INV-21644,CUST-2012,EMP-129,2025-02-16,2025-03-18,2025-04-11,5881.32,176.44,0.03,5704.88,2852.32,Paid,North America
AR-INV-21652,CUST-2040,EMP-133,2025-02-17,2025-03-19,2025-04-04,15008.46,0.0,0.0,15008.46,6981.98,Paid,North America
AR-INV-21651,CUST-2042,EMP-130,2025-02-17,2025-03-19,2025-04-13,6570.39,328.52,0.05,6241.87,3032.5,Paid,Europe
AR-INV-21648,CUST-2037,EMP-133,2025-02-17,2025-03-19,2025-03-14,5516.58,441.33,0.08,5075.25,2369.5,Paid,Asia Pacific
AR-INV-21649,CUST-2027,EMP-130,2025-02-17,2025-03-19,2025-03-11,12113.66,969.09,0.08,11144.57,5240.74,Paid,North America
AR-INV-21650,CUST-2022,EMP-129,2025-02-17,2025-03-19,2025-03-26,7463.27,597.06,0.08,6866.21,4245.71,Paid,Latin America
AR-INV-21653,CUST-2029,EMP-130,2025-02-18,2025-03-20,2025-04-12,9760.94,0.0,0.0,9760.94,4301.27,Paid,Europe
AR-INV-21654,CUST-2036,EMP-103,2025-02-18,2025-03-20,2025-04-11,19254.25,1540.34,0.08,17713.91,10268.82,Paid,North America
AR-INV-21658,CUST-2014,EMP-130,2025-02-19,2025-03-21,2025-03-23,7159.21,572.74,0.08,6586.47,3142.63,Paid,North America
AR-INV-21657,CUST-2040,EMP-129,2025-02-19,2025-03-21,2025-03-06,8514.74,851.47,0.1,7663.27,4629.1,Paid,North America
AR-INV-21655,CUST-2042,EMP-103,2025-02-19,2025-03-21,2025-03-10,7655.44,612.44,0.08,7043.0,4031.57,Paid,Europe
AR-INV-21656,CUST-2004,EMP-103,2025-02-19,2025-03-21,2025-04-18,5483.32,548.33,0.1,4934.99,2555.53,Paid,Europe
AR-INV-21659,CUST-2003,EMP-129,2025-02-20,2025-03-22,2025-04-20,23494.5,704.83,0.03,22789.67,11771.62,Paid,North America
AR-INV-21661,CUST-2040,EMP-103,2025-02-20,2025-03-22,2025-03-28,12314.29,1231.43,0.1,11082.86,7123.54,Paid,North America
AR-INV-21660,CUST-2049,EMP-133,2025-02-20,2025-03-22,2025-04-16,6999.68,0.0,0.0,6999.68,3547.73,Paid,Asia Pacific
AR-INV-21662,CUST-2040,EMP-129,2025-02-21,2025-03-23,2025-04-25,10154.33,1015.43,0.1,9138.9,4848.37,Paid,North America
AR-INV-21663,CUST-2049,EMP-129,2025-02-21,2025-03-23,2025-03-29,5425.78,434.06,0.08,4991.72,2874.38,Paid,Asia Pacific
AR-INV-21664,CUST-2010,EMP-103,2025-02-21,2025-03-23,2025-03-11,6303.89,0.0,0.0,6303.89,2718.9,Paid,North America
AR-INV-21665,CUST-2027,EMP-120,2025-02-21,2025-03-23,2025-04-18,11126.66,333.8,0.03,10792.86,5701.49,Paid,North America
AR-INV-21666,CUST-2002,EMP-120,2025-02-21,2025-03-23,2025-04-12,11150.31,334.51,0.03,10815.8,6365.32,Paid,North America
AR-INV-21668,CUST-2050,EMP-130,2025-02-22,2025-03-24,2025-04-10,9600.54,768.04,0.08,8832.5,5562.35,Paid,Asia Pacific
AR-INV-21667,CUST-2035,EMP-120,2025-02-22,2025-03-24,2025-03-11,8446.12,422.31,0.05,8023.81,4192.65,Paid,Europe
AR-INV-21671,CUST-2024,EMP-129,2025-02-23,2025-03-25,2025-04-08,16978.88,0.0,0.0,16978.88,8197.76,Paid,Asia Pacific
AR-INV-21670,CUST-2013,EMP-125,2025-02-23,2025-03-25,2025-04-23,6215.31,310.77,0.05,5904.54,2915.48,Paid,Europe
AR-INV-21669,CUST-2044,EMP-129,2025-02-23,2025-03-25,2025-04-21,3747.42,187.37,0.05,3560.05,2147.37,Paid,North America
AR-INV-21672,CUST-2011,EMP-133,2025-02-24,2025-03-26,2025-04-20,7555.04,0.0,0.0,7555.04,3436.6,Paid,North America
AR-INV-21673,CUST-2023,EMP-103,2025-02-24,2025-03-26,2025-04-04,16937.29,0.0,0.0,16937.29,7689.57,Paid,Asia Pacific
AR-INV-21674,CUST-2021,EMP-133,2025-02-24,2025-03-26,2025-03-29,18309.01,0.0,0.0,18309.01,8835.67,Paid,Europe
AR-INV-21675,CUST-2035,EMP-133,2025-02-25,2025-03-27,2025-03-23,18200.25,0.0,0.0,18200.25,7822.17,Paid,Europe
AR-INV-21676,CUST-2043,EMP-125,2025-02-25,2025-03-27,2025-05-01,23031.09,1151.55,0.05,21879.54,10223.78,Paid,Europe
AR-INV-21677,CUST-2015,EMP-133,2025-02-25,2025-03-27,2025-03-12,13159.73,0.0,0.0,13159.73,5727.64,Paid,Latin America
AR-INV-21682,CUST-2026,EMP-120,2025-02-26,2025-03-28,2025-03-13,30548.72,0.0,0.0,30548.72,13495.6,Paid,Europe
AR-INV-21681,CUST-2001,EMP-129,2025-02-26,2025-03-28,2025-04-06,12512.0,1000.96,0.08,11511.04,5488.56,Paid,North America
AR-INV-21680,CUST-2035,EMP-125,2025-02-26,2025-03-28,2025-03-28,3553.64,284.29,0.08,3269.35,1782.75,Paid,Europe
AR-INV-21679,CUST-2044,EMP-103,2025-02-26,2025-03-28,2025-04-30,16367.72,0.0,0.0,16367.72,6889.16,Paid,North America
AR-INV-21678,CUST-2003,EMP-125,2025-02-26,2025-03-28,2025-04-08,22559.08,0.0,0.0,22559.08,12705.38,Paid,North America
AR-INV-21683,CUST-2044,EMP-133,2025-02-27,2025-03-29,2025-04-12,3202.99,320.3,0.1,2882.69,1818.54,Paid,North America
AR-INV-21684,CUST-2022,EMP-125,2025-02-27,2025-03-29,2025-04-11,10067.71,302.03,0.03,9765.68,5810.31,Paid,Latin America
AR-INV-21685,CUST-2021,EMP-125,2025-02-27,2025-03-29,2025-04-20,5370.24,429.62,0.08,4940.62,2330.88,Paid,Europe
AR-INV-21686,CUST-2050,EMP-120,2025-02-28,2025-03-30,2025-03-29,6488.39,0.0,0.0,6488.39,3135.44,Paid,Asia Pacific
AR-INV-21687,CUST-2016,EMP-120,2025-02-28,2025-03-30,2025-03-15,7493.86,374.69,0.05,7119.17,4205.32,Paid,Latin America
AR-INV-21688,CUST-2045,EMP-129,2025-02-28,2025-03-30,2025-03-26,12470.79,374.12,0.03,12096.67,5943.52,Paid,Latin America
AR-INV-21689,CUST-2005,EMP-133,2025-02-28,2025-03-30,2025-03-16,8380.03,251.4,0.03,8128.63,4140.9,Paid,North America
AR-INV-21690,CUST-2045,EMP-125,2025-02-28,2025-03-30,2025-03-22,12255.49,0.0,0.0,12255.49,6926.47,Paid,Latin America
AR-INV-21692,CUST-2012,EMP-129,2025-03-01,2025-03-31,2025-03-22,17347.62,520.43,0.03,16827.19,9943.48,Paid,North America
AR-INV-21691,CUST-2023,EMP-129,2025-03-01,2025-03-31,2025-03-16,25700.01,0.0,0.0,25700.01,13885.96,Paid,Asia Pacific
AR-INV-21696,CUST-2008,EMP-125,2025-03-02,2025-04-01,2025-04-07,3543.46,106.3,0.03,3437.16,1791.87,Paid,Europe
AR-INV-21695,CUST-2044,EMP-133,2025-03-02,2025-04-01,2025-05-05,12985.87,389.58,0.03,12596.29,6355.25,Paid,North America
AR-INV-21693,CUST-2039,EMP-130,2025-03-02,2025-04-01,2025-04-19,11096.86,554.84,0.05,10542.02,4780.57,Paid,Asia Pacific
AR-INV-21694,CUST-2008,EMP-125,2025-03-02,2025-04-01,2025-03-17,8801.63,264.05,0.03,8537.58,4385.09,Paid,Europe
AR-INV-21697,CUST-2006,EMP-130,2025-03-03,2025-04-02,2025-05-04,7955.56,238.67,0.03,7716.89,3739.68,Paid,North America
AR-INV-21698,CUST-2030,EMP-130,2025-03-03,2025-04-02,2025-05-01,13270.6,1327.06,0.1,11943.54,5929.26,Paid,Europe
AR-INV-21699,CUST-2007,EMP-120,2025-03-03,2025-04-02,2025-03-21,10990.86,329.73,0.03,10661.13,4694.34,Paid,Asia Pacific
AR-INV-21700,CUST-2049,EMP-133,2025-03-03,2025-04-02,2025-05-05,17945.79,1435.66,0.08,16510.13,8911.88,Paid,Asia Pacific
AR-INV-21704,CUST-2043,EMP-103,2025-03-04,2025-04-03,2025-05-04,7433.11,743.31,0.1,6689.8,3286.15,Paid,Europe
AR-INV-21701,CUST-2039,EMP-129,2025-03-04,2025-04-03,2025-04-26,16590.4,0.0,0.0,16590.4,9566.93,Paid,Asia Pacific
AR-INV-21702,CUST-2010,EMP-125,2025-03-04,2025-04-03,2025-03-30,12753.71,1020.3,0.08,11733.41,6335.21,Paid,North America
AR-INV-21703,CUST-2033,EMP-133,2025-03-04,2025-04-03,2025-03-22,8398.68,0.0,0.0,8398.68,4712.76,Paid,Asia Pacific
AR-INV-21705,CUST-2049,EMP-120,2025-03-04,2025-04-03,2025-04-23,18528.68,0.0,0.0,18528.68,7942.06,Paid,Asia Pacific
AR-INV-21706,CUST-2019,EMP-125,2025-03-05,2025-04-04,2025-04-03,12810.3,0.0,0.0,12810.3,7279.57,Paid,Asia Pacific
AR-INV-21707,CUST-2009,EMP-130,2025-03-05,2025-04-04,2025-03-25,6266.26,501.3,0.08,5764.96,2691.14,Paid,North America
AR-INV-21708,CUST-2018,EMP-133,2025-03-05,2025-04-04,2025-04-02,17059.0,511.77,0.03,16547.23,7925.64,Paid,Asia Pacific
AR-INV-21711,CUST-2009,EMP-130,2025-03-06,2025-04-05,2025-03-23,15611.25,468.34,0.03,15142.91,6589.31,Paid,North America
AR-INV-21712,CUST-2041,EMP-129,2025-03-06,2025-04-05,2025-05-05,13771.45,1377.15,0.1,12394.3,6394.36,Paid,Europe
AR-INV-21709,CUST-2048,EMP-125,2025-03-06,2025-04-05,2025-04-13,12490.04,624.5,0.05,11865.54,5377.79,Paid,Latin America
AR-INV-21710,CUST-2037,EMP-125,2025-03-06,2025-04-05,2025-05-03,9624.03,481.2,0.05,9142.83,5121.68,Paid,Asia Pacific
AR-INV-21713,CUST-2045,EMP-129,2025-03-06,2025-04-05,2025-05-05,20388.92,0.0,0.0,20388.92,8991.35,Paid,Latin America
AR-INV-21717,CUST-2017,EMP-120,2025-03-07,2025-04-06,2025-03-25,8559.95,0.0,0.0,8559.95,4529.49,Paid,Latin America
AR-INV-21716,CUST-2033,EMP-103,2025-03-07,2025-04-06,2025-04-17,10129.8,303.89,0.03,9825.91,5691.06,Paid,Asia Pacific
AR-INV-21714,CUST-2023,EMP-129,2025-03-07,2025-04-06,2025-04-14,20302.92,1015.15,0.05,19287.77,8862.58,Paid,Asia Pacific
AR-INV-21715,CUST-2046,EMP-129,2025-03-07,2025-04-06,2025-03-30,7767.85,0.0,0.0,7767.85,4228.0,Paid,North America
AR-INV-21718,CUST-2039,EMP-129,2025-03-08,2025-04-07,2025-04-21,25584.61,2046.77,0.08,23537.84,12546.57,Paid,Asia Pacific
AR-INV-21719,CUST-2023,EMP-120,2025-03-08,2025-04-07,2025-04-26,15713.13,1257.05,0.08,14456.08,6840.75,Paid,Asia Pacific
AR-INV-21720,CUST-2015,EMP-129,2025-03-08,2025-04-07,2025-05-03,10216.16,510.81,0.05,9705.35,5408.5,Paid,Latin America
AR-INV-21721,CUST-2039,EMP-103,2025-03-09,2025-04-08,2025-05-06,6881.63,206.45,0.03,6675.18,3863.03,Paid,Asia Pacific
AR-INV-21722,CUST-2048,EMP-103,2025-03-09,2025-04-08,2025-05-01,10784.67,323.54,0.03,10461.13,5182.03,Paid,Latin America
AR-INV-21723,CUST-2003,EMP-129,2025-03-09,2025-04-08,2025-04-06,2776.23,83.29,0.03,2692.94,1590.57,Paid,North America
AR-INV-21724,CUST-2002,EMP-133,2025-03-10,2025-04-09,2025-04-28,8746.1,0.0,0.0,8746.1,5024.26,Paid,North America
AR-INV-21725,CUST-2018,EMP-103,2025-03-10,2025-04-09,2025-04-03,5936.74,178.1,0.03,5758.64,2865.67,Paid,Asia Pacific
AR-INV-21726,CUST-2037,EMP-103,2025-03-10,2025-04-09,2025-04-01,16845.68,842.28,0.05,16003.4,7622.4,Paid,Asia Pacific
AR-INV-21730,CUST-2037,EMP-125,2025-03-11,2025-04-10,2025-03-29,17225.47,861.27,0.05,16364.2,8232.54,Paid,Asia Pacific
AR-INV-21729,CUST-2025,EMP-129,2025-03-11,2025-04-10,2025-03-31,9830.83,491.54,0.05,9339.29,5591.56,Paid,Latin America
AR-INV-21727,CUST-2001,EMP-125,2025-03-11,2025-04-10,2025-04-18,8811.34,0.0,0.0,8811.34,4272.95,Paid,North America
AR-INV-21728,CUST-2027,EMP-120,2025-03-11,2025-04-10,2025-03-28,11169.11,335.07,0.03,10834.04,6036.94,Paid,North America
AR-INV-21731,CUST-2019,EMP-133,2025-03-12,2025-04-11,2025-04-23,17459.92,0.0,0.0,17459.92,7434.23,Paid,Asia Pacific
AR-INV-21732,CUST-2026,EMP-129,2025-03-12,2025-04-11,2025-04-08,13897.2,694.86,0.05,13202.34,7181.32,Paid,Europe
AR-INV-21733,CUST-2046,EMP-129,2025-03-12,2025-04-11,2025-04-15,12425.16,372.75,0.03,12052.41,5902.03,Paid,North America
AR-INV-21737,CUST-2009,EMP-130,2025-03-13,2025-04-12,2025-05-11,11726.53,0.0,0.0,11726.53,6153.23,Paid,North America
AR-INV-21734,CUST-2025,EMP-129,2025-03-13,2025-04-12,2025-04-07,4105.72,123.17,0.03,3982.55,1809.46,Paid,Latin America
AR-INV-21735,CUST-2025,EMP-129,2025-03-13,2025-04-12,2025-04-02,9370.71,281.12,0.03,9089.59,5186.16,Paid,Latin America
AR-INV-21736,CUST-2019,EMP-129,2025-03-13,2025-04-12,2025-05-09,19023.24,0.0,0.0,19023.24,10381.61,Paid,Asia Pacific
AR-INV-21740,CUST-2044,EMP-125,2025-03-14,2025-04-13,2025-04-24,8024.22,0.0,0.0,8024.22,4169.74,Paid,North America
AR-INV-21738,CUST-2044,EMP-129,2025-03-14,2025-04-13,2025-04-30,8825.39,0.0,0.0,8825.39,4433.43,Paid,North America
AR-INV-21739,CUST-2041,EMP-103,2025-03-14,2025-04-13,2025-05-06,7995.49,239.86,0.03,7755.63,3988.78,Paid,Europe
AR-INV-21741,CUST-2016,EMP-130,2025-03-15,2025-04-14,2025-04-04,11091.27,0.0,0.0,11091.27,6114.68,Paid,Latin America
AR-INV-21742,CUST-2043,EMP-125,2025-03-15,2025-04-14,2025-04-13,7536.33,226.09,0.03,7310.24,3623.79,Paid,Europe
AR-INV-21743,CUST-2013,EMP-125,2025-03-15,2025-04-14,2025-04-07,18292.06,0.0,0.0,18292.06,8383.39,Paid,Europe
AR-INV-21748,CUST-2034,EMP-120,2025-03-16,2025-04-15,2025-05-16,14616.84,438.51,0.03,14178.33,7013.42,Paid,Asia Pacific
AR-INV-21744,CUST-2019,EMP-120,2025-03-16,2025-04-15,2025-04-23,3777.66,377.77,0.1,3399.89,1699.44,Paid,Asia Pacific
AR-INV-21745,CUST-2043,EMP-103,2025-03-16,2025-04-15,2025-04-15,15487.45,0.0,0.0,15487.45,7089.16,Paid,Europe
AR-INV-21746,CUST-2017,EMP-129,2025-03-16,2025-04-15,2025-05-14,21026.18,1682.09,0.08,19344.09,8947.85,Paid,Latin America
AR-INV-21747,CUST-2016,EMP-103,2025-03-16,2025-04-15,2025-05-12,5700.39,0.0,0.0,5700.39,3155.24,Paid,Latin America
AR-INV-21751,CUST-2046,EMP-130,2025-03-17,2025-04-16,2025-05-20,5394.78,269.74,0.05,5125.04,2497.35,Paid,North America
AR-INV-21750,CUST-2018,EMP-120,2025-03-17,2025-04-16,2025-05-08,6647.95,0.0,0.0,6647.95,3274.55,Paid,Asia Pacific
AR-INV-21749,CUST-2030,EMP-130,2025-03-17,2025-04-16,2025-05-14,12898.5,0.0,0.0,12898.5,6841.01,Paid,Europe
AR-INV-21756,CUST-2006,EMP-129,2025-03-18,2025-04-17,2025-05-06,13348.1,0.0,0.0,13348.1,6396.28,Paid,North America
AR-INV-21752,CUST-2041,EMP-133,2025-03-18,2025-04-17,2025-04-17,13456.57,1076.53,0.08,12380.04,6427.92,Paid,Europe
AR-INV-21753,CUST-2028,EMP-133,2025-03-18,2025-04-17,2025-04-19,25789.81,773.69,0.03,25016.12,14921.48,Paid,Europe
AR-INV-21754,CUST-2026,EMP-120,2025-03-18,2025-04-17,2025-05-04,19594.78,1567.58,0.08,18027.2,10094.12,Paid,Europe
AR-INV-21755,CUST-2025,EMP-103,2025-03-18,2025-04-17,2025-04-10,14673.26,440.2,0.03,14233.06,8289.68,Paid,Latin America
AR-INV-21757,CUST-2045,EMP-103,2025-03-18,2025-04-17,2025-05-11,11720.54,351.62,0.03,11368.92,6657.82,Paid,Latin America
AR-INV-21762,CUST-2009,EMP-129,2025-03-19,2025-04-18,2025-04-10,10466.49,0.0,0.0,10466.49,5597.32,Paid,North America
AR-INV-21763,CUST-2018,EMP-129,2025-03-19,2025-04-18,2025-04-21,10555.53,0.0,0.0,10555.53,6009.26,Paid,Asia Pacific
AR-INV-21760,CUST-2037,EMP-120,2025-03-19,2025-04-18,2025-04-14,6595.56,0.0,0.0,6595.56,3661.05,Paid,Asia Pacific
AR-INV-21759,CUST-2026,EMP-125,2025-03-19,2025-04-18,2025-04-26,13835.42,0.0,0.0,13835.42,7551.99,Paid,Europe
AR-INV-21761,CUST-2008,EMP-129,2025-03-19,2025-04-18,2025-04-20,16393.19,0.0,0.0,16393.19,9167.38,Paid,Europe
AR-INV-21758,CUST-2020,EMP-125,2025-03-19,2025-04-18,2025-05-21,10078.28,0.0,0.0,10078.28,4783.86,Paid,North America
AR-INV-21764,CUST-2043,EMP-133,2025-03-20,2025-04-19,2025-04-14,23213.72,8589.08,0.37,14624.64,10670.19,Paid,Europe
AR-INV-21765,CUST-2027,EMP-103,2025-03-20,2025-04-19,2025-04-23,5099.76,0.0,0.0,5099.76,2400.34,Paid,North America
AR-INV-21766,CUST-2004,EMP-120,2025-03-21,2025-04-20,2025-05-24,14951.03,448.53,0.03,14502.5,6805.73,Paid,Europe
AR-INV-21767,CUST-2030,EMP-129,2025-03-21,2025-04-20,2025-04-06,21678.1,0.0,0.0,21678.1,12252.32,Paid,Europe
AR-INV-21768,CUST-2002,EMP-125,2025-03-21,2025-04-20,2025-05-06,13967.32,419.02,0.03,13548.3,7499.6,Paid,North America
AR-INV-21774,CUST-2008,EMP-120,2025-03-22,2025-04-21,2025-05-17,8950.27,0.0,0.0,8950.27,5140.85,Paid,Europe
AR-INV-21773,CUST-2017,EMP-133,2025-03-22,2025-04-21,2025-04-09,13672.92,5195.71,0.38,8477.21,7227.42,Paid,Latin America
AR-INV-21772,CUST-2048,EMP-129,2025-03-22,2025-04-21,2025-05-05,3224.03,96.72,0.03,3127.31,1821.37,Paid,Latin America
AR-INV-21771,CUST-2018,EMP-133,2025-03-22,2025-04-21,2025-04-23,16429.31,5585.97,0.34,10843.34,9448.72,Paid,Asia Pacific
AR-INV-21770,CUST-2047,EMP-125,2025-03-22,2025-04-21,2025-05-11,10279.92,308.4,0.03,9971.52,5824.44,Paid,Asia Pacific
AR-INV-21769,CUST-2023,EMP-129,2025-03-22,2025-04-21,2025-04-29,11905.23,0.0,0.0,11905.23,5229.25,Paid,Asia Pacific
AR-INV-21775,CUST-2044,EMP-103,2025-03-23,2025-04-22,2025-04-28,10254.92,512.75,0.05,9742.17,4981.3,Paid,North America
AR-INV-21776,CUST-2048,EMP-129,2025-03-23,2025-04-22,2025-05-05,13617.04,0.0,0.0,13617.04,6688.06,Paid,Latin America
AR-INV-21777,CUST-2009,EMP-125,2025-03-23,2025-04-22,2025-05-03,6170.94,185.13,0.03,5985.81,3265.14,Paid,North America
AR-INV-21778,CUST-2013,EMP-129,2025-03-23,2025-04-22,2025-04-10,7548.03,226.44,0.03,7321.59,3304.8,Paid,Europe
AR-INV-21779,CUST-2042,EMP-103,2025-03-23,2025-04-22,2025-04-29,20650.71,1652.06,0.08,18998.65,10752.58,Paid,Europe
AR-INV-21780,CUST-2010,EMP-120,2025-03-23,2025-04-22,2025-04-30,8651.86,692.15,0.08,7959.71,3720.83,Paid,North America
AR-INV-21783,CUST-2012,EMP-133,2025-03-24,2025-04-23,2025-05-05,20539.59,8215.84,0.4,12323.75,9267.03,Paid,North America
AR-INV-21781,CUST-2034,EMP-130,2025-03-24,2025-04-23,2025-04-17,5404.32,540.43,0.1,4863.89,2301.26,Paid,Asia Pacific
AR-INV-21782,CUST-2031,EMP-130,2025-03-24,2025-04-23,2025-04-27,13983.99,0.0,0.0,13983.99,6159.72,Paid,Asia Pacific
AR-INV-21784,CUST-2020,EMP-129,2025-03-25,2025-04-24,2025-04-16,5021.42,502.14,0.1,4519.28,2665.21,Paid,North America
AR-INV-21785,CUST-2050,EMP-129,2025-03-25,2025-04-24,2025-05-19,17777.33,888.87,0.05,16888.46,8971.4,Paid,Asia Pacific
AR-INV-21786,CUST-2032,EMP-129,2025-03-26,2025-04-25,2025-04-22,21680.02,1734.4,0.08,19945.62,9794.03,Paid,Europe
AR-INV-21787,CUST-2025,EMP-125,2025-03-26,2025-04-25,2025-05-13,17268.99,0.0,0.0,17268.99,9212.49,Paid,Latin America
AR-INV-21788,CUST-2050,EMP-120,2025-03-26,2025-04-25,2025-05-18,9915.72,0.0,0.0,9915.72,5308.24,Paid,Asia Pacific
AR-INV-21789,CUST-2042,EMP-129,2025-03-26,2025-04-25,2025-05-11,18256.26,547.69,0.03,17708.57,9511.27,Paid,Europe
AR-INV-21790,CUST-2023,EMP-129,2025-03-27,2025-04-26,2025-05-03,19207.97,960.4,0.05,18247.57,11037.24,Paid,Asia Pacific
AR-INV-21791,CUST-2043,EMP-130,2025-03-27,2025-04-26,2025-04-21,5583.68,0.0,0.0,5583.68,2554.76,Paid,Europe
AR-INV-21792,CUST-2010,EMP-130,2025-03-27,2025-04-26,2025-04-25,15848.99,792.45,0.05,15056.54,8722.48,Paid,North America
AR-INV-21793,CUST-2045,EMP-125,2025-03-27,2025-04-26,2025-05-19,11278.74,0.0,0.0,11278.74,5679.45,Paid,Latin America
AR-INV-21794,CUST-2012,EMP-103,2025-03-27,2025-04-26,2025-05-25,11039.29,0.0,0.0,11039.29,6142.9,Paid,North America
AR-INV-21797,CUST-2036,EMP-120,2025-03-28,2025-04-27,2025-05-20,11309.41,0.0,0.0,11309.41,5089.12,Paid,North America
AR-INV-21795,CUST-2015,EMP-133,2025-03-28,2025-04-27,2025-05-14,3744.62,1235.72,0.33,2508.9,1828.47,Paid,Latin America
AR-INV-21796,CUST-2023,EMP-103,2025-03-28,2025-04-27,2025-04-15,3270.6,98.12,0.03,3172.48,1421.61,Paid,Asia Pacific
AR-INV-21798,CUST-2032,EMP-103,2025-03-28,2025-04-27,2025-04-24,9892.9,494.64,0.05,9398.26,5432.27,Paid,Europe
AR-INV-21800,CUST-2023,EMP-130,2025-03-29,2025-04-28,2025-05-18,9239.44,461.97,0.05,8777.47,5098.14,Paid,Asia Pacific
AR-INV-21799,CUST-2007,EMP-103,2025-03-29,2025-04-28,2025-04-19,9823.61,294.71,0.03,9528.9,4371.07,Paid,Asia Pacific
AR-INV-21801,CUST-2015,EMP-125,2025-03-29,2025-04-28,2025-04-24,6055.23,302.76,0.05,5752.47,3155.62,Paid,Latin America
AR-INV-21806,CUST-2046,EMP-125,2025-03-30,2025-04-29,2025-05-22,5163.55,0.0,0.0,5163.55,2256.37,Paid,North America
AR-INV-21805,CUST-2014,EMP-130,2025-03-30,2025-04-29,2025-04-24,15127.32,1512.73,0.1,13614.59,6696.28,Paid,North America
AR-INV-21802,CUST-2032,EMP-130,2025-03-30,2025-04-29,2025-05-29,16464.26,823.21,0.05,15641.05,8575.29,Paid,Europe
AR-INV-21803,CUST-2049,EMP-133,2025-03-30,2025-04-29,2025-04-26,21514.29,7099.72,0.33,14414.57,10421.65,Paid,Asia Pacific
AR-INV-21804,CUST-2021,EMP-120,2025-03-30,2025-04-29,2025-04-27,4524.92,226.25,0.05,4298.67,1995.33,Paid,Europe
AR-INV-21807,CUST-2010,EMP-133,2025-03-31,2025-04-30,2025-04-24,9205.61,3498.13,0.38,5707.48,4957.14,Paid,North America
AR-INV-21808,CUST-2046,EMP-130,2025-03-31,2025-04-30,2025-04-26,13242.09,1324.21,0.1,11917.88,6899.31,Paid,North America
AR-INV-21809,CUST-2012,EMP-130,2025-03-31,2025-04-30,2025-05-09,7134.5,713.45,0.1,6421.05,3458.84,Paid,North America
AR-INV-21810,CUST-2040,EMP-133,2025-04-01,2025-05-01,2025-05-10,6495.15,0.0,0.0,6495.15,3409.79,Paid,North America
AR-INV-21811,CUST-2016,EMP-130,2025-04-01,2025-05-01,2025-05-01,10567.31,528.37,0.05,10038.94,5247.79,Paid,Latin America
AR-INV-21812,CUST-2005,EMP-130,2025-04-01,2025-05-01,2025-05-11,16351.64,0.0,0.0,16351.64,7012.69,Paid,North America
AR-INV-21815,CUST-2050,EMP-103,2025-04-02,2025-05-02,2025-04-17,8196.03,409.8,0.05,7786.23,3867.16,Paid,Asia Pacific
AR-INV-21816,CUST-2043,EMP-103,2025-04-02,2025-05-02,2025-05-12,18903.68,0.0,0.0,18903.68,9105.12,Paid,Europe
AR-INV-21813,CUST-2032,EMP-133,2025-04-02,2025-05-02,2025-05-18,7926.96,0.0,0.0,7926.96,3629.04,Paid,Europe
AR-INV-21814,CUST-2043,EMP-133,2025-04-02,2025-05-02,2025-05-06,6471.96,0.0,0.0,6471.96,3296.96,Paid,Europe
AR-INV-21817,CUST-2033,EMP-133,2025-04-03,2025-05-03,2025-06-03,10694.74,534.74,0.05,10160.0,4884.05,Paid,Asia Pacific
AR-INV-21818,CUST-2031,EMP-130,2025-04-03,2025-05-03,2025-06-03,11141.81,0.0,0.0,11141.81,4792.33,Paid,Asia Pacific
AR-INV-21819,CUST-2018,EMP-120,2025-04-03,2025-05-03,2025-05-24,8728.33,0.0,0.0,8728.33,4110.58,Paid,Asia Pacific
AR-INV-21820,CUST-2005,EMP-129,2025-04-03,2025-05-03,2025-05-11,9583.61,766.69,0.08,8816.92,5036.67,Paid,North America
AR-INV-21821,CUST-2047,EMP-133,2025-04-04,2025-05-04,2025-06-01,15324.51,0.0,0.0,15324.51,7824.64,Paid,Asia Pacific
AR-INV-21822,CUST-2022,EMP-133,2025-04-04,2025-05-04,2025-05-31,11336.47,340.09,0.03,10996.38,4791.98,Paid,Latin America
AR-INV-21824,CUST-2029,EMP-125,2025-04-05,2025-05-05,2025-04-23,8139.72,244.19,0.03,7895.53,4466.89,Paid,Europe
AR-INV-21823,CUST-2047,EMP-120,2025-04-05,2025-05-05,2025-05-10,24809.5,744.28,0.03,24065.22,11259.62,Paid,Asia Pacific
AR-INV-21827,CUST-2007,EMP-129,2025-04-06,2025-05-06,2025-05-10,11373.83,568.69,0.05,10805.14,4940.44,Paid,Asia Pacific
AR-INV-21828,CUST-2005,EMP-129,2025-04-06,2025-05-06,2025-05-18,10590.71,317.72,0.03,10272.99,5722.2,Paid,North America
AR-INV-21825,CUST-2001,EMP-129,2025-04-06,2025-05-06,2025-05-01,20702.03,0.0,0.0,20702.03,9253.73,Paid,North America
AR-INV-21826,CUST-2043,EMP-103,2025-04-06,2025-05-06,2025-05-22,4662.69,0.0,0.0,4662.69,2605.05,Paid,Europe
AR-INV-21829,CUST-2040,EMP-120,2025-04-07,2025-05-07,2025-05-21,20802.18,624.07,0.03,20178.11,10622.52,Paid,North America
AR-INV-21830,CUST-2026,EMP-103,2025-04-07,2025-05-07,2025-05-05,8845.74,265.37,0.03,8580.37,4455.73,Paid,Europe
AR-INV-21831,CUST-2005,EMP-129,2025-04-07,2025-05-07,2025-05-06,24322.64,729.68,0.03,23592.96,13691.49,Paid,North America
AR-INV-21832,CUST-2006,EMP-125,2025-04-07,2025-05-07,2025-05-20,4380.87,438.09,0.1,3942.78,1969.9,Paid,North America
AR-INV-21833,CUST-2042,EMP-120,2025-04-07,2025-05-07,2025-05-13,6938.37,346.92,0.05,6591.45,2945.55,Paid,Europe
AR-INV-21834,CUST-2045,EMP-125,2025-04-07,2025-05-07,2025-05-22,7204.64,720.46,0.1,6484.18,3642.4,Paid,Latin America
AR-INV-21837,CUST-2020,EMP-129,2025-04-08,2025-05-08,2025-06-11,9096.0,0.0,0.0,9096.0,3953.77,Paid,North America
AR-INV-21838,CUST-2025,EMP-133,2025-04-08,2025-05-08,2025-05-25,17799.34,0.0,0.0,17799.34,7563.66,Paid,Latin America
AR-INV-21835,CUST-2027,EMP-133,2025-04-08,2025-05-08,2025-05-06,5045.91,0.0,0.0,5045.91,2633.89,Paid,North America
AR-INV-21836,CUST-2041,EMP-130,2025-04-08,2025-05-08,2025-06-06,10662.24,319.87,0.03,10342.37,6040.53,Paid,Europe
AR-INV-21839,CUST-2038,EMP-130,2025-04-09,2025-05-09,2025-05-03,5312.11,0.0,0.0,5312.11,2429.27,Paid,North America
AR-INV-21840,CUST-2003,EMP-129,2025-04-09,2025-05-09,2025-04-25,30495.98,0.0,0.0,30495.98,13146.22,Paid,North America
AR-INV-21841,CUST-2050,EMP-133,2025-04-09,2025-05-09,2025-05-12,23545.31,706.36,0.03,22838.95,11313.56,Paid,Asia Pacific
AR-INV-21842,CUST-2037,EMP-130,2025-04-09,2025-05-09,2025-05-24,7565.74,226.97,0.03,7338.77,4293.3,Paid,Asia Pacific
AR-INV-21843,CUST-2004,EMP-103,2025-04-10,2025-05-10,2025-05-24,14922.84,0.0,0.0,14922.84,8579.25,Paid,Europe
AR-INV-21844,CUST-2026,EMP-133,2025-04-10,2025-05-10,2025-05-22,7627.9,0.0,0.0,7627.9,4015.79,Paid,Europe
AR-INV-21848,CUST-2003,EMP-103,2025-04-11,2025-05-11,2025-06-09,8451.82,253.55,0.03,8198.27,4027.13,Paid,North America
AR-INV-21845,CUST-2020,EMP-125,2025-04-11,2025-05-11,2025-05-15,14689.21,440.68,0.03,14248.53,7227.42,Paid,North America
AR-INV-21846,CUST-2006,EMP-120,2025-04-11,2025-05-11,2025-05-18,4851.69,242.58,0.05,4609.11,2337.08,Paid,North America
AR-INV-21847,CUST-2028,EMP-130,2025-04-11,2025-05-11,2025-05-17,14400.62,1440.06,0.1,12960.56,6640.26,Paid,Europe
AR-INV-21851,CUST-2006,EMP-103,2025-04-12,2025-05-12,2025-05-19,10492.68,839.41,0.08,9653.27,5356.19,Paid,North America
AR-INV-21850,CUST-2037,EMP-120,2025-04-12,2025-05-12,2025-05-25,10199.06,305.97,0.03,9893.09,5854.89,Paid,Asia Pacific
AR-INV-21849,CUST-2013,EMP-103,2025-04-12,2025-05-12,2025-05-14,4465.5,133.97,0.03,4331.53,2151.39,Paid,Europe
AR-INV-21852,CUST-2045,EMP-120,2025-04-13,2025-05-13,2025-06-11,11589.17,0.0,0.0,11589.17,5249.22,Paid,Latin America
AR-INV-21853,CUST-2024,EMP-125,2025-04-13,2025-05-13,2025-05-21,24518.78,735.56,0.03,23783.22,10329.1,Paid,Asia Pacific
AR-INV-21854,CUST-2023,EMP-103,2025-04-13,2025-05-13,2025-05-24,8473.5,0.0,0.0,8473.5,3777.29,Paid,Asia Pacific
AR-INV-21855,CUST-2028,EMP-133,2025-04-14,2025-05-14,2025-05-19,9642.57,0.0,0.0,9642.57,4170.78,Paid,Europe
AR-INV-21856,CUST-2040,EMP-133,2025-04-14,2025-05-14,2025-06-03,4675.78,374.06,0.08,4301.72,2428.24,Paid,North America
AR-INV-21857,CUST-2037,EMP-133,2025-04-14,2025-05-14,2025-05-17,12792.61,383.78,0.03,12408.83,6086.58,Paid,Asia Pacific
AR-INV-21858,CUST-2027,EMP-130,2025-04-14,2025-05-14,2025-05-20,9790.39,293.71,0.03,9496.68,4579.61,Paid,North America
AR-INV-21863,CUST-2018,EMP-120,2025-04-15,2025-05-15,2025-06-12,8803.89,0.0,0.0,8803.89,4438.32,Paid,Asia Pacific
AR-INV-21862,CUST-2017,EMP-133,2025-04-15,2025-05-15,2025-06-05,28499.11,854.97,0.03,27644.14,13269.59,Paid,Latin America
AR-INV-21860,CUST-2005,EMP-133,2025-04-15,2025-05-15,2025-06-07,11263.43,337.9,0.03,10925.53,5443.43,Paid,North America
AR-INV-21859,CUST-2019,EMP-130,2025-04-15,2025-05-15,2025-06-19,5638.93,0.0,0.0,5638.93,3008.06,Paid,Asia Pacific
AR-INV-21861,CUST-2038,EMP-129,2025-04-15,2025-05-15,2025-06-14,6236.88,311.84,0.05,5925.04,2861.44,Paid,North America
AR-INV-21868,CUST-2016,EMP-129,2025-04-16,2025-05-16,2025-06-18,5031.47,0.0,0.0,5031.47,2119.64,Paid,Latin America
AR-INV-21864,CUST-2045,EMP-125,2025-04-16,2025-05-16,2025-06-07,5354.63,0.0,0.0,5354.63,2441.31,Paid,Latin America
AR-INV-21865,CUST-2022,EMP-125,2025-04-16,2025-05-16,2025-05-31,14104.06,423.12,0.03,13680.94,7289.97,Paid,Latin America
AR-INV-21866,CUST-2047,EMP-129,2025-04-16,2025-05-16,2025-06-04,5105.12,510.51,0.1,4594.61,2690.61,Paid,Asia Pacific
AR-INV-21867,CUST-2042,EMP-125,2025-04-16,2025-05-16,2025-05-07,17145.64,514.37,0.03,16631.27,9762.75,Paid,Europe
AR-INV-21871,CUST-2023,EMP-129,2025-04-17,2025-05-17,2025-05-28,22628.81,0.0,0.0,22628.81,12073.85,Paid,Asia Pacific
AR-INV-21872,CUST-2024,EMP-133,2025-04-17,2025-05-17,2025-06-20,5302.66,159.08,0.03,5143.58,2723.96,Paid,Asia Pacific
AR-INV-21869,CUST-2009,EMP-103,2025-04-17,2025-05-17,2025-06-01,15370.31,768.52,0.05,14601.79,6738.7,Paid,North America
AR-INV-21870,CUST-2049,EMP-103,2025-04-17,2025-05-17,2025-06-04,17766.15,532.98,0.03,17233.17,8318.42,Paid,Asia Pacific
AR-INV-21873,CUST-2016,EMP-103,2025-04-18,2025-05-18,2025-05-30,6712.43,0.0,0.0,6712.43,3117.94,Paid,Latin America
AR-INV-21874,CUST-2020,EMP-120,2025-04-18,2025-05-18,2025-06-11,16660.47,1332.84,0.08,15327.63,7392.93,Paid,North America
AR-INV-21875,CUST-2015,EMP-125,2025-04-18,2025-05-18,2025-06-19,18597.98,0.0,0.0,18597.98,7892.64,Paid,Latin America
AR-INV-21876,CUST-2007,EMP-129,2025-04-19,2025-05-19,2025-06-02,7279.88,363.99,0.05,6915.89,3295.21,Paid,Asia Pacific
AR-INV-21877,CUST-2022,EMP-120,2025-04-19,2025-05-19,2025-06-11,4036.91,322.95,0.08,3713.96,2037.03,Paid,Latin America
AR-INV-21878,CUST-2026,EMP-129,2025-04-19,2025-05-19,2025-06-16,4989.37,0.0,0.0,4989.37,2364.87,Paid,Europe
AR-INV-21879,CUST-2031,EMP-103,2025-04-19,2025-05-19,2025-05-09,5065.45,151.96,0.03,4913.49,2476.19,Paid,Asia Pacific
AR-INV-21880,CUST-2037,EMP-125,2025-04-19,2025-05-19,2025-06-18,8951.31,0.0,0.0,8951.31,3858.06,Paid,Asia Pacific
AR-INV-21883,CUST-2024,EMP-103,2025-04-20,2025-05-20,2025-05-16,11258.11,900.65,0.08,10357.46,5262.71,Paid,Asia Pacific
AR-INV-21882,CUST-2015,EMP-103,2025-04-20,2025-05-20,2025-06-09,8031.4,0.0,0.0,8031.4,4574.11,Paid,Latin America
AR-INV-21881,CUST-2020,EMP-129,2025-04-20,2025-05-20,2025-05-29,12168.45,0.0,0.0,12168.45,5747.9,Paid,North America
AR-INV-21884,CUST-2027,EMP-129,2025-04-21,2025-05-21,2025-05-08,19976.09,1598.09,0.08,18378.0,10757.88,Paid,North America
AR-INV-21885,CUST-2016,EMP-129,2025-04-21,2025-05-21,2025-05-22,7394.98,0.0,0.0,7394.98,3452.28,Paid,Latin America
AR-INV-21886,CUST-2027,EMP-129,2025-04-21,2025-05-21,2025-05-20,9847.55,492.38,0.05,9355.17,4165.46,Paid,North America
AR-INV-21887,CUST-2046,EMP-125,2025-04-22,2025-05-22,2025-06-19,14315.3,429.46,0.03,13885.84,7710.68,Paid,North America
AR-INV-21888,CUST-2043,EMP-120,2025-04-22,2025-05-22,2025-05-08,13623.92,681.2,0.05,12942.72,6899.75,Paid,Europe
AR-INV-21889,CUST-2003,EMP-125,2025-04-22,2025-05-22,2025-06-17,14026.4,701.32,0.05,13325.08,8109.68,Paid,North America
AR-INV-21890,CUST-2021,EMP-130,2025-04-22,2025-05-22,2025-05-24,8128.17,406.41,0.05,7721.76,3597.03,Paid,Europe
AR-INV-21891,CUST-2038,EMP-103,2025-04-23,2025-05-23,2025-05-13,15656.43,0.0,0.0,15656.43,8591.54,Paid,North America
AR-INV-21892,CUST-2042,EMP-130,2025-04-23,2025-05-23,2025-05-26,11274.65,1127.46,0.1,10147.19,5525.76,Paid,Europe
AR-INV-21893,CUST-2005,EMP-120,2025-04-23,2025-05-23,2025-05-27,5290.99,0.0,0.0,5290.99,3063.31,Paid,North America
AR-INV-21896,CUST-2018,EMP-120,2025-04-24,2025-05-24,2025-06-26,3068.7,0.0,0.0,3068.7,1377.81,Paid,Asia Pacific
AR-INV-21894,CUST-2021,EMP-103,2025-04-24,2025-05-24,2025-06-28,10750.04,0.0,0.0,10750.04,5437.91,Paid,Europe
AR-INV-21895,CUST-2024,EMP-103,2025-04-24,2025-05-24,2025-06-17,9055.79,0.0,0.0,9055.79,4984.4,Paid,Asia Pacific
AR-INV-21897,CUST-2049,EMP-129,2025-04-25,2025-05-25,2025-05-19,28560.31,0.0,0.0,28560.31,12605.27,Paid,Asia Pacific
AR-INV-21898,CUST-2040,EMP-129,2025-04-25,2025-05-25,2025-05-31,10734.04,0.0,0.0,10734.04,4536.19,Paid,North America
AR-INV-21899,CUST-2026,EMP-125,2025-04-25,2025-05-25,2025-05-10,27230.32,2723.03,0.1,24507.29,12375.75,Paid,Europe
AR-INV-21900,CUST-2015,EMP-129,2025-04-26,2025-05-26,2025-05-15,13056.31,0.0,0.0,13056.31,6462.24,Paid,Latin America
AR-INV-21901,CUST-2047,EMP-130,2025-04-26,2025-05-26,2025-06-30,6044.48,0.0,0.0,6044.48,3409.96,Paid,Asia Pacific
AR-INV-21902,CUST-2030,EMP-133,2025-04-26,2025-05-26,2025-06-07,5607.3,448.58,0.08,5158.72,2364.67,Paid,Europe
AR-INV-21903,CUST-2031,EMP-125,2025-04-27,2025-05-27,2025-06-01,12730.82,381.92,0.03,12348.9,6876.48,Paid,Asia Pacific
AR-INV-21904,CUST-2016,EMP-130,2025-04-27,2025-05-27,2025-06-04,11682.63,0.0,0.0,11682.63,5426.34,Paid,Latin America
AR-INV-21905,CUST-2014,EMP-103,2025-04-27,2025-05-27,2025-05-26,7284.65,0.0,0.0,7284.65,4112.64,Paid,North America
AR-INV-21910,CUST-2043,EMP-129,2025-04-28,2025-05-28,2025-05-16,8573.2,0.0,0.0,8573.2,4809.33,Paid,Europe
AR-INV-21909,CUST-2048,EMP-103,2025-04-28,2025-05-28,2025-05-23,14289.77,0.0,0.0,14289.77,7642.62,Paid,Latin America
AR-INV-21906,CUST-2036,EMP-133,2025-04-28,2025-05-28,2025-05-14,11288.13,564.41,0.05,10723.72,5049.18,Paid,North America
AR-INV-21907,CUST-2014,EMP-133,2025-04-28,2025-05-28,2025-05-21,27253.22,1362.66,0.05,25890.56,15592.16,Paid,North America
AR-INV-21908,CUST-2003,EMP-129,2025-04-28,2025-05-28,2025-06-19,27581.69,827.45,0.03,26754.24,13607.49,Paid,North America
AR-INV-21911,CUST-2047,EMP-120,2025-04-29,2025-05-29,2025-06-17,12040.73,963.26,0.08,11077.47,5555.97,Paid,Asia Pacific
AR-INV-21912,CUST-2030,EMP-130,2025-04-29,2025-05-29,2025-06-13,6619.2,330.96,0.05,6288.24,2887.66,Paid,Europe
AR-INV-21913,CUST-2042,EMP-130,2025-04-29,2025-05-29,2025-05-30,14844.68,742.23,0.05,14102.45,6997.46,Paid,Europe
AR-INV-21914,CUST-2027,EMP-103,2025-04-29,2025-05-29,2025-05-25,5010.23,150.31,0.03,4859.92,2771.58,Paid,North America
AR-INV-21919,CUST-2045,EMP-133,2025-04-30,2025-05-30,2025-06-02,20670.24,0.0,0.0,20670.24,11189.21,Paid,Latin America
AR-INV-21920,CUST-2046,EMP-133,2025-04-30,2025-05-30,2025-05-24,10685.92,854.87,0.08,9831.05,5727.15,Paid,North America
AR-INV-21918,CUST-2021,EMP-125,2025-04-30,2025-05-30,2025-07-04,6504.63,0.0,0.0,6504.63,3726.67,Paid,Europe
AR-INV-21916,CUST-2029,EMP-129,2025-04-30,2025-05-30,2025-05-24,17687.88,884.39,0.05,16803.49,8756.66,Paid,Europe
AR-INV-21915,CUST-2004,EMP-120,2025-04-30,2025-05-30,2025-06-18,12107.08,0.0,0.0,12107.08,6134.17,Paid,Europe
AR-INV-21917,CUST-2022,EMP-125,2025-04-30,2025-05-30,2025-05-24,13670.55,1093.64,0.08,12576.91,5881.81,Paid,Latin America
AR-INV-21921,CUST-2032,EMP-129,2025-05-01,2025-05-31,2025-07-04,10824.2,324.73,0.03,10499.47,5327.88,Paid,Europe
AR-INV-21922,CUST-2005,EMP-129,2025-05-01,2025-05-31,2025-05-19,14657.28,0.0,0.0,14657.28,6354.31,Paid,North America
AR-INV-21923,CUST-2008,EMP-125,2025-05-01,2025-05-31,2025-05-31,6595.56,197.87,0.03,6397.69,3312.04,Paid,Europe
AR-INV-21924,CUST-2045,EMP-133,2025-05-01,2025-05-31,2025-07-02,8726.12,872.61,0.1,7853.51,4436.78,Paid,Latin America
AR-INV-21925,CUST-2040,EMP-103,2025-05-01,2025-05-31,2025-05-20,18916.44,945.82,0.05,17970.62,10641.19,Paid,North America
AR-INV-21926,CUST-2030,EMP-103,2025-05-01,2025-05-31,2025-06-29,4302.64,344.21,0.08,3958.43,2140.81,Paid,Europe
AR-INV-21928,CUST-2040,EMP-125,2025-05-02,2025-06-01,2025-06-24,6938.35,0.0,0.0,6938.35,3308.16,Paid,North America
AR-INV-21927,CUST-2041,EMP-129,2025-05-02,2025-06-01,2025-06-23,13136.41,394.09,0.03,12742.32,6258.23,Paid,Europe
AR-INV-21929,CUST-2049,EMP-103,2025-05-03,2025-06-02,2025-05-27,8873.79,266.21,0.03,8607.58,3972.14,Paid,Asia Pacific
AR-INV-21930,CUST-2032,EMP-120,2025-05-03,2025-06-02,2025-06-22,6335.78,316.79,0.05,6018.99,2914.23,Paid,Europe
AR-INV-21931,CUST-2030,EMP-129,2025-05-03,2025-06-02,2025-06-05,7862.88,0.0,0.0,7862.88,3756.21,Paid,Europe
AR-INV-21932,CUST-2008,EMP-120,2025-05-04,2025-06-03,2025-07-01,10240.01,0.0,0.0,10240.01,5413.49,Paid,Europe
AR-INV-21933,CUST-2017,EMP-125,2025-05-04,2025-06-03,2025-05-31,9775.62,782.05,0.08,8993.57,4704.03,Paid,Latin America
AR-INV-21934,CUST-2013,EMP-130,2025-05-04,2025-06-03,2025-05-31,6865.8,343.29,0.05,6522.51,3644.21,Paid,Europe
AR-INV-21936,CUST-2020,EMP-125,2025-05-05,2025-06-04,2025-06-27,6428.52,321.43,0.05,6107.09,3213.33,Paid,North America
AR-INV-21935,CUST-2019,EMP-133,2025-05-05,2025-06-04,2025-05-21,3047.39,0.0,0.0,3047.39,1707.62,Paid,Asia Pacific
AR-INV-21937,CUST-2038,EMP-133,2025-05-05,2025-06-04,2025-05-30,6623.18,0.0,0.0,6623.18,3274.1,Paid,North America
AR-INV-21939,CUST-2023,EMP-103,2025-05-06,2025-06-05,2025-06-02,6161.99,184.86,0.03,5977.13,3450.67,Paid,Asia Pacific
AR-INV-21938,CUST-2024,EMP-125,2025-05-06,2025-06-05,2025-07-03,14853.14,742.66,0.05,14110.48,8058.61,Paid,Asia Pacific
AR-INV-21944,CUST-2037,EMP-129,2025-05-07,2025-06-06,2025-06-16,6126.83,0.0,0.0,6126.83,2652.23,Paid,Asia Pacific
AR-INV-21943,CUST-2032,EMP-120,2025-05-07,2025-06-06,2025-06-13,13110.68,0.0,0.0,13110.68,5864.14,Paid,Europe
AR-INV-21940,CUST-2029,EMP-120,2025-05-07,2025-06-06,2025-06-02,7180.95,0.0,0.0,7180.95,3822.55,Paid,Europe
AR-INV-21941,CUST-2026,EMP-120,2025-05-07,2025-06-06,2025-06-29,18816.0,564.48,0.03,18251.52,8532.54,Paid,Europe
AR-INV-21942,CUST-2048,EMP-133,2025-05-07,2025-06-06,2025-06-19,8647.22,259.42,0.03,8387.8,4002.64,Paid,Latin America
AR-INV-21945,CUST-2006,EMP-129,2025-05-08,2025-06-07,2025-07-03,18835.68,941.78,0.05,17893.9,8314.28,Paid,North America
AR-INV-21946,CUST-2024,EMP-125,2025-05-08,2025-06-07,2025-06-29,10369.68,518.48,0.05,9851.2,4616.86,Paid,Asia Pacific
AR-INV-21947,CUST-2019,EMP-103,2025-05-08,2025-06-07,2025-07-11,4813.26,0.0,0.0,4813.26,2733.21,Paid,Asia Pacific
AR-INV-21948,CUST-2003,EMP-129,2025-05-09,2025-06-08,2025-07-05,14985.88,449.58,0.03,14536.3,7051.29,Paid,North America
AR-INV-21949,CUST-2045,EMP-125,2025-05-09,2025-06-08,2025-06-22,9442.32,283.27,0.03,9159.05,4624.31,Paid,Latin America
AR-INV-21950,CUST-2043,EMP-130,2025-05-09,2025-06-08,2025-06-04,17549.58,877.48,0.05,16672.1,9184.05,Paid,Europe
AR-INV-21951,CUST-2040,EMP-130,2025-05-09,2025-06-08,2025-06-04,19946.51,0.0,0.0,19946.51,10815.62,Paid,North America
AR-INV-21953,CUST-2002,EMP-130,2025-05-10,2025-06-09,2025-06-06,11388.78,569.44,0.05,10819.34,5402.19,Paid,North America
AR-INV-21952,CUST-2025,EMP-103,2025-05-10,2025-06-09,2025-06-26,8533.58,0.0,0.0,8533.58,3938.02,Paid,Latin America
AR-INV-21954,CUST-2007,EMP-129,2025-05-11,2025-06-10,2025-05-28,10825.16,541.26,0.05,10283.9,5863.4,Paid,Asia Pacific
AR-INV-21955,CUST-2003,EMP-133,2025-05-11,2025-06-10,2025-06-09,21900.18,657.01,0.03,21243.17,12182.34,Paid,North America
AR-INV-21956,CUST-2046,EMP-129,2025-05-11,2025-06-10,2025-06-06,6529.23,0.0,0.0,6529.23,3413.34,Paid,North America
AR-INV-21957,CUST-2007,EMP-129,2025-05-12,2025-06-11,2025-06-14,4459.21,222.96,0.05,4236.25,2138.36,Paid,Asia Pacific
AR-INV-21958,CUST-2033,EMP-130,2025-05-12,2025-06-11,2025-06-19,9444.24,755.54,0.08,8688.7,4136.81,Paid,Asia Pacific
AR-INV-21959,CUST-2035,EMP-129,2025-05-12,2025-06-11,2025-06-30,6345.79,507.66,0.08,5838.13,3217.0,Paid,Europe
AR-INV-21960,CUST-2032,EMP-120,2025-05-12,2025-06-11,2025-07-14,9667.86,0.0,0.0,9667.86,4073.55,Paid,Europe
AR-INV-21961,CUST-2038,EMP-103,2025-05-12,2025-06-11,2025-06-30,21072.91,632.19,0.03,20440.72,9734.48,Paid,North America
AR-INV-21963,CUST-2001,EMP-103,2025-05-13,2025-06-12,2025-06-29,12964.28,648.21,0.05,12316.07,5813.52,Paid,North America
AR-INV-21962,CUST-2020,EMP-133,2025-05-13,2025-06-12,2025-07-10,12329.31,616.47,0.05,11712.84,6829.79,Paid,North America
AR-INV-21964,CUST-2032,EMP-120,2025-05-14,2025-06-13,2025-06-18,9248.57,277.46,0.03,8971.11,4595.34,Paid,Europe
AR-INV-21965,CUST-2034,EMP-133,2025-05-14,2025-06-13,2025-07-08,7347.59,367.38,0.05,6980.21,4214.3,Paid,Asia Pacific
AR-INV-21966,CUST-2026,EMP-133,2025-05-14,2025-06-13,2025-06-17,10862.49,869.0,0.08,9993.49,5256.22,Paid,Europe
AR-INV-21967,CUST-2050,EMP-130,2025-05-14,2025-06-13,2025-06-06,7173.23,0.0,0.0,7173.23,3512.41,Paid,Asia Pacific
AR-INV-21968,CUST-2014,EMP-133,2025-05-14,2025-06-13,2025-06-07,13115.56,655.78,0.05,12459.78,5743.13,Paid,North America
AR-INV-21969,CUST-2046,EMP-120,2025-05-14,2025-06-13,2025-06-10,5738.67,286.93,0.05,5451.74,2574.64,Paid,North America
AR-INV-21970,CUST-2020,EMP-130,2025-05-15,2025-06-14,2025-07-08,6552.09,0.0,0.0,6552.09,3049.94,Paid,North America
AR-INV-21971,CUST-2017,EMP-125,2025-05-15,2025-06-14,2025-06-17,8885.84,0.0,0.0,8885.84,5114.8,Paid,Latin America
AR-INV-21972,CUST-2047,EMP-120,2025-05-15,2025-06-14,2025-07-05,7800.77,624.06,0.08,7176.71,4420.9,Paid,Asia Pacific
AR-INV-21977,CUST-2004,EMP-129,2025-05-16,2025-06-15,2025-06-01,3839.49,307.16,0.08,3532.33,1871.98,Paid,Europe
AR-INV-21976,CUST-2033,EMP-130,2025-05-16,2025-06-15,2025-06-01,16430.53,0.0,0.0,16430.53,8833.99,Paid,Asia Pacific
AR-INV-21973,CUST-2045,EMP-103,2025-05-16,2025-06-15,2025-06-28,11422.7,0.0,0.0,11422.7,6374.23,Paid,Latin America
AR-INV-21974,CUST-2010,EMP-120,2025-05-16,2025-06-15,2025-07-09,34599.31,1037.98,0.03,33561.33,17820.37,Paid,North America
AR-INV-21975,CUST-2018,EMP-125,2025-05-16,2025-06-15,2025-06-10,18661.42,933.07,0.05,17728.35,8126.03,Paid,Asia Pacific
AR-INV-21981,CUST-2003,EMP-133,2025-05-17,2025-06-16,2025-07-04,6671.3,333.57,0.05,6337.73,3090.31,Paid,North America
AR-INV-21978,CUST-2048,EMP-129,2025-05-17,2025-06-16,2025-06-23,14285.82,714.29,0.05,13571.53,6142.65,Paid,Latin America
AR-INV-21979,CUST-2013,EMP-130,2025-05-17,2025-06-16,2025-07-05,14499.87,0.0,0.0,14499.87,6870.99,Paid,Europe
AR-INV-21980,CUST-2026,EMP-129,2025-05-17,2025-06-16,2025-07-11,13315.45,1065.24,0.08,12250.21,5600.69,Paid,Europe
AR-INV-21982,CUST-2016,EMP-125,2025-05-17,2025-06-16,2025-07-06,11548.31,577.42,0.05,10970.89,6578.5,Paid,Latin America
AR-INV-21986,CUST-2015,EMP-129,2025-05-18,2025-06-17,2025-06-15,15506.5,775.33,0.05,14731.17,8976.26,Paid,Latin America
AR-INV-21985,CUST-2028,EMP-129,2025-05-18,2025-06-17,2025-06-17,13692.43,684.62,0.05,13007.81,7407.68,Paid,Europe
AR-INV-21983,CUST-2027,EMP-125,2025-05-18,2025-06-17,2025-07-21,12950.79,0.0,0.0,12950.79,7052.18,Paid,North America
AR-INV-21984,CUST-2040,EMP-103,2025-05-18,2025-06-17,2025-07-16,8310.22,0.0,0.0,8310.22,4019.63,Paid,North America
AR-INV-21987,CUST-2033,EMP-125,2025-05-19,2025-06-18,2025-06-16,9574.03,765.92,0.08,8808.11,5052.29,Paid,Asia Pacific
AR-INV-21988,CUST-2014,EMP-120,2025-05-19,2025-06-18,2025-07-05,5858.13,175.74,0.03,5682.39,3160.56,Paid,North America
AR-INV-21989,CUST-2022,EMP-130,2025-05-19,2025-06-18,2025-07-07,3829.95,0.0,0.0,3829.95,1995.32,Paid,Latin America
AR-INV-21990,CUST-2049,EMP-120,2025-05-19,2025-06-18,2025-06-18,9154.78,0.0,0.0,9154.78,4511.29,Paid,Asia Pacific
AR-INV-21991,CUST-2028,EMP-125,2025-05-19,2025-06-18,2025-06-03,6026.61,0.0,0.0,6026.61,3280.38,Paid,Europe
AR-INV-21997,CUST-2002,EMP-120,2025-05-20,2025-06-19,2025-06-28,9050.64,905.06,0.1,8145.58,4499.66,Paid,North America
AR-INV-21995,CUST-2030,EMP-130,2025-05-20,2025-06-19,2025-07-07,8214.23,246.43,0.03,7967.8,4575.18,Paid,Europe
AR-INV-21996,CUST-2031,EMP-133,2025-05-20,2025-06-19,2025-07-18,6619.41,330.97,0.05,6288.44,3589.58,Paid,Asia Pacific
AR-INV-21993,CUST-2015,EMP-130,2025-05-20,2025-06-19,2025-07-08,12863.99,385.92,0.03,12478.07,5606.95,Paid,Latin America
AR-INV-21992,CUST-2013,EMP-129,2025-05-20,2025-06-19,2025-06-16,8275.58,413.78,0.05,7861.8,4523.24,Paid,Europe
AR-INV-21994,CUST-2033,EMP-130,2025-05-20,2025-06-19,2025-06-15,12884.36,1288.44,0.1,11595.92,6131.57,Paid,Asia Pacific
AR-INV-21998,CUST-2003,EMP-120,2025-05-21,2025-06-20,2025-07-12,20404.58,1020.23,0.05,19384.35,10931.47,Paid,North America
AR-INV-21999,CUST-2011,EMP-103,2025-05-21,2025-06-20,2025-07-08,3425.65,102.77,0.03,3322.88,1950.88,Paid,North America
AR-INV-22000,CUST-2042,EMP-133,2025-05-22,2025-06-21,2025-06-14,8325.69,0.0,0.0,8325.69,3596.78,Paid,Europe
AR-INV-22001,CUST-2030,EMP-125,2025-05-22,2025-06-21,2025-07-05,5446.5,163.39,0.03,5283.11,2644.6,Paid,Europe
AR-INV-22002,CUST-2033,EMP-130,2025-05-22,2025-06-21,2025-07-02,16604.35,0.0,0.0,16604.35,9550.65,Paid,Asia Pacific
AR-INV-22003,CUST-2035,EMP-130,2025-05-23,2025-06-22,2025-06-29,12784.77,0.0,0.0,12784.77,6786.73,Paid,Europe
AR-INV-22004,CUST-2043,EMP-120,2025-05-23,2025-06-22,2025-07-22,11104.22,0.0,0.0,11104.22,5864.02,Paid,Europe
AR-INV-22005,CUST-2047,EMP-129,2025-05-23,2025-06-22,2025-07-21,6280.3,314.02,0.05,5966.28,3016.42,Paid,Asia Pacific
AR-INV-22006,CUST-2026,EMP-125,2025-05-23,2025-06-22,2025-06-29,5422.82,0.0,0.0,5422.82,2425.79,Paid,Europe
AR-INV-22010,CUST-2041,EMP-103,2025-05-24,2025-06-23,2025-06-16,10244.53,512.23,0.05,9732.3,5512.66,Paid,Europe
AR-INV-22009,CUST-2021,EMP-129,2025-05-24,2025-06-23,2025-07-18,6439.85,193.2,0.03,6246.65,3396.29,Paid,Europe
AR-INV-22007,CUST-2007,EMP-129,2025-05-24,2025-06-23,2025-07-17,12775.34,0.0,0.0,12775.34,5782.92,Paid,Asia Pacific
AR-INV-22008,CUST-2033,EMP-125,2025-05-24,2025-06-23,2025-06-29,10111.26,303.34,0.03,9807.92,5787.56,Paid,Asia Pacific
AR-INV-22011,CUST-2039,EMP-103,2025-05-25,2025-06-24,2025-06-18,9192.18,275.77,0.03,8916.41,4783.47,Paid,Asia Pacific
AR-INV-22012,CUST-2049,EMP-125,2025-05-25,2025-06-24,2025-06-28,17243.8,517.31,0.03,16726.49,8870.94,Paid,Asia Pacific
AR-INV-22013,CUST-2005,EMP-120,2025-05-25,2025-06-24,2025-06-10,13494.85,404.85,0.03,13090.0,6523.64,Paid,North America
AR-INV-22014,CUST-2036,EMP-103,2025-05-25,2025-06-24,2025-06-28,9521.38,285.64,0.03,9235.74,4905.86,Paid,North America
AR-INV-22018,CUST-2016,EMP-133,2025-05-26,2025-06-25,2025-07-20,4621.99,231.1,0.05,4390.89,2325.04,Paid,Latin America
AR-INV-22017,CUST-2039,EMP-125,2025-05-26,2025-06-25,2025-07-09,10537.38,526.87,0.05,10010.51,4615.45,Paid,Asia Pacific
AR-INV-22015,CUST-2032,EMP-133,2025-05-26,2025-06-25,2025-07-16,11651.04,349.53,0.03,11301.51,6171.48,Paid,Europe
AR-INV-22016,CUST-2019,EMP-120,2025-05-26,2025-06-25,2025-06-22,12939.0,0.0,0.0,12939.0,7408.58,Paid,Asia Pacific
AR-INV-22019,CUST-2026,EMP-130,2025-05-27,2025-06-26,2025-06-17,19957.83,598.73,0.03,19359.1,10963.8,Paid,Europe
AR-INV-22020,CUST-2025,EMP-133,2025-05-27,2025-06-26,2025-06-27,29665.72,1483.29,0.05,28182.43,14992.84,Paid,Latin America
AR-INV-22021,CUST-2019,EMP-133,2025-05-27,2025-06-26,2025-07-23,19203.2,0.0,0.0,19203.2,9923.99,Paid,Asia Pacific
AR-INV-22025,CUST-2035,EMP-129,2025-05-28,2025-06-27,2025-07-04,12781.22,0.0,0.0,12781.22,7072.75,Paid,Europe
AR-INV-22022,CUST-2026,EMP-103,2025-05-28,2025-06-27,2025-06-14,17692.69,0.0,0.0,17692.69,7914.72,Paid,Europe
AR-INV-22023,CUST-2011,EMP-120,2025-05-28,2025-06-27,2025-07-07,8412.17,0.0,0.0,8412.17,4150.47,Paid,North America
AR-INV-22024,CUST-2026,EMP-133,2025-05-28,2025-06-27,2025-06-13,22282.83,668.48,0.03,21614.35,12573.69,Paid,Europe
AR-INV-22029,CUST-2040,EMP-125,2025-05-29,2025-06-28,2025-07-30,9692.69,484.63,0.05,9208.06,4477.11,Paid,North America
AR-INV-22028,CUST-2031,EMP-133,2025-05-29,2025-06-28,2025-06-28,5435.56,271.78,0.05,5163.78,2753.31,Paid,Asia Pacific
AR-INV-22026,CUST-2050,EMP-129,2025-05-29,2025-06-28,2025-07-19,17986.84,0.0,0.0,17986.84,10079.13,Paid,Asia Pacific
AR-INV-22027,CUST-2036,EMP-129,2025-05-29,2025-06-28,2025-07-04,11712.17,936.97,0.08,10775.2,6426.7,Paid,North America
AR-INV-22035,CUST-2025,EMP-133,2025-05-30,2025-06-29,2025-07-20,1903.62,0.0,0.0,1903.62,879.03,Paid,Latin America
AR-INV-22034,CUST-2039,EMP-133,2025-05-30,2025-06-29,2025-07-06,6964.51,208.94,0.03,6755.57,2944.36,Paid,Asia Pacific
AR-INV-22033,CUST-2049,EMP-130,2025-05-30,2025-06-29,2025-08-02,8372.38,251.17,0.03,8121.21,4309.66,Paid,Asia Pacific
AR-INV-22030,CUST-2036,EMP-133,2025-05-30,2025-06-29,2025-06-14,15898.95,476.97,0.03,15421.98,8879.23,Paid,North America
AR-INV-22031,CUST-2010,EMP-120,2025-05-30,2025-06-29,2025-06-17,8466.48,423.32,0.05,8043.16,4795.68,Paid,North America
AR-INV-22032,CUST-2001,EMP-129,2025-05-30,2025-06-29,2025-07-08,11859.61,0.0,0.0,11859.61,5635.52,Paid,North America
AR-INV-22036,CUST-2029,EMP-125,2025-05-31,2025-06-30,2025-07-03,2992.89,149.64,0.05,2843.25,1686.65,Paid,Europe
AR-INV-22037,CUST-2028,EMP-120,2025-05-31,2025-06-30,2025-07-15,6081.36,182.44,0.03,5898.92,3043.26,Paid,Europe
AR-INV-22038,CUST-2047,EMP-103,2025-05-31,2025-06-30,2025-06-25,7908.16,395.41,0.05,7512.75,3993.08,Paid,Asia Pacific
AR-INV-22039,CUST-2042,EMP-103,2025-06-01,2025-07-01,2025-06-29,18690.28,0.0,0.0,18690.28,9736.96,Paid,Europe
AR-INV-22040,CUST-2028,EMP-133,2025-06-01,2025-07-01,2025-06-30,6176.41,494.11,0.08,5682.3,2715.52,Paid,Europe
AR-INV-22041,CUST-2018,EMP-133,2025-06-01,2025-07-01,2025-06-24,6050.97,0.0,0.0,6050.97,3479.48,Paid,Asia Pacific
AR-INV-22042,CUST-2039,EMP-125,2025-06-01,2025-07-01,2025-07-03,25688.6,2055.09,0.08,23633.51,12406.13,Paid,Asia Pacific
AR-INV-22046,CUST-2039,EMP-120,2025-06-02,2025-07-02,2025-07-14,6362.88,509.03,0.08,5853.85,2811.81,Paid,Asia Pacific
AR-INV-22045,CUST-2050,EMP-129,2025-06-02,2025-07-02,2025-07-26,14592.21,0.0,0.0,14592.21,8253.73,Paid,Asia Pacific
AR-INV-22043,CUST-2028,EMP-125,2025-06-02,2025-07-02,2025-07-10,17254.11,1380.33,0.08,15873.78,8353.39,Paid,Europe
AR-INV-22044,CUST-2011,EMP-133,2025-06-02,2025-07-02,2025-08-06,40542.07,3243.37,0.08,37298.7,19478.55,Paid,North America
AR-INV-22047,CUST-2012,EMP-129,2025-06-03,2025-07-03,2025-07-03,2432.07,0.0,0.0,2432.07,1024.55,Paid,North America
AR-INV-22048,CUST-2014,EMP-130,2025-06-03,2025-07-03,2025-08-07,12436.75,373.1,0.03,12063.65,5810.24,Paid,North America
AR-INV-22049,CUST-2002,EMP-133,2025-06-03,2025-07-03,2025-07-12,24877.12,746.31,0.03,24130.81,12360.55,Paid,North America
AR-INV-22050,CUST-2020,EMP-125,2025-06-03,2025-07-03,2025-07-11,7047.99,0.0,0.0,7047.99,3845.91,Paid,North America
AR-INV-22051,CUST-2039,EMP-129,2025-06-03,2025-07-03,2025-06-24,13842.52,415.28,0.03,13427.24,6536.45,Paid,Asia Pacific
AR-INV-22056,CUST-2006,EMP-103,2025-06-04,2025-07-04,2025-07-04,10863.61,869.09,0.08,9994.52,5916.99,Paid,North America
AR-INV-22055,CUST-2001,EMP-130,2025-06-04,2025-07-04,2025-06-30,19456.49,0.0,0.0,19456.49,8569.34,Paid,North America
AR-INV-22052,CUST-2015,EMP-125,2025-06-04,2025-07-04,2025-06-24,5973.88,0.0,0.0,5973.88,2514.87,Paid,Latin America
AR-INV-22053,CUST-2009,EMP-133,2025-06-04,2025-07-04,2025-06-25,6546.63,0.0,0.0,6546.63,3113.78,Paid,North America
AR-INV-22054,CUST-2011,EMP-130,2025-06-04,2025-07-04,2025-06-22,8864.53,443.23,0.05,8421.3,4998.84,Paid,North America
AR-INV-22057,CUST-2041,EMP-129,2025-06-05,2025-07-05,2025-06-30,12257.73,367.73,0.03,11890.0,6056.92,Paid,Europe
AR-INV-22058,CUST-2028,EMP-133,2025-06-05,2025-07-05,2025-07-05,7705.04,231.15,0.03,7473.89,3908.71,Paid,Europe
AR-INV-22059,CUST-2040,EMP-133,2025-06-05,2025-07-05,2025-07-10,10658.87,319.77,0.03,10339.1,5691.61,Paid,North America
AR-INV-22060,CUST-2036,EMP-133,2025-06-05,2025-07-05,2025-07-09,10780.0,0.0,0.0,10780.0,5535.67,Paid,North America
AR-INV-22061,CUST-2011,EMP-130,2025-06-05,2025-07-05,2025-07-10,13652.31,682.62,0.05,12969.69,6039.66,Paid,North America
AR-INV-22062,CUST-2007,EMP-120,2025-06-05,2025-07-05,2025-07-21,8077.02,0.0,0.0,8077.02,4041.56,Paid,Asia Pacific
AR-INV-22065,CUST-2017,EMP-120,2025-06-06,2025-07-06,2025-07-05,3858.13,115.74,0.03,3742.39,1786.62,Paid,Latin America
AR-INV-22063,CUST-2006,EMP-120,2025-06-06,2025-07-06,2025-06-24,11657.02,0.0,0.0,11657.02,5522.61,Paid,North America
AR-INV-22064,CUST-2034,EMP-130,2025-06-06,2025-07-06,2025-06-26,2335.41,0.0,0.0,2335.41,1096.15,Paid,Asia Pacific
AR-INV-22070,CUST-2014,EMP-103,2025-06-07,2025-07-07,2025-07-26,11926.16,0.0,0.0,11926.16,5940.81,Paid,North America
AR-INV-22066,CUST-2041,EMP-129,2025-06-07,2025-07-07,2025-07-20,10613.47,0.0,0.0,10613.47,4697.35,Paid,Europe
AR-INV-22067,CUST-2034,EMP-130,2025-06-07,2025-07-07,2025-06-29,5018.78,250.94,0.05,4767.84,2695.89,Paid,Asia Pacific
AR-INV-22068,CUST-2030,EMP-103,2025-06-07,2025-07-07,2025-07-28,13751.66,0.0,0.0,13751.66,6436.39,Paid,Europe
AR-INV-22069,CUST-2030,EMP-129,2025-06-07,2025-07-07,2025-07-30,9495.78,0.0,0.0,9495.78,5275.71,Paid,Europe
AR-INV-22072,CUST-2005,EMP-130,2025-06-08,2025-07-08,2025-07-26,9139.18,0.0,0.0,9139.18,5045.56,Paid,North America
AR-INV-22071,CUST-2013,EMP-103,2025-06-08,2025-07-08,2025-08-12,16692.12,500.76,0.03,16191.36,8135.83,Paid,Europe
AR-INV-22077,CUST-2012,EMP-103,2025-06-09,2025-07-09,2025-07-14,7863.59,235.91,0.03,7627.68,3687.37,Paid,North America
AR-INV-22078,CUST-2043,EMP-129,2025-06-09,2025-07-09,2025-07-24,10449.64,835.97,0.08,9613.67,5607.59,Paid,Europe
AR-INV-22076,CUST-2036,EMP-120,2025-06-09,2025-07-09,2025-07-14,22077.69,0.0,0.0,22077.69,11689.77,Paid,North America
AR-INV-22074,CUST-2035,EMP-129,2025-06-09,2025-07-09,2025-07-16,6376.99,318.85,0.05,6058.14,3246.47,Paid,Europe
AR-INV-22073,CUST-2012,EMP-120,2025-06-09,2025-07-09,2025-07-26,4015.46,321.24,0.08,3694.22,2016.07,Paid,North America
AR-INV-22075,CUST-2012,EMP-120,2025-06-09,2025-07-09,2025-07-12,17187.54,515.63,0.03,16671.91,7758.59,Paid,North America
AR-INV-22079,CUST-2033,EMP-103,2025-06-10,2025-07-10,2025-07-01,3559.09,0.0,0.0,3559.09,1816.29,Paid,Asia Pacific
AR-INV-22080,CUST-2023,EMP-120,2025-06-10,2025-07-10,2025-07-12,13207.46,660.37,0.05,12547.09,5944.4,Paid,Asia Pacific
AR-INV-22081,CUST-2025,EMP-120,2025-06-10,2025-07-10,2025-08-11,16139.09,0.0,0.0,16139.09,8015.81,Paid,Latin America
AR-INV-22082,CUST-2025,EMP-129,2025-06-10,2025-07-10,2025-06-29,8792.67,263.78,0.03,8528.89,4252.12,Paid,Latin America
AR-INV-22083,CUST-2020,EMP-129,2025-06-10,2025-07-10,2025-08-01,15437.95,0.0,0.0,15437.95,7462.22,Paid,North America
AR-INV-22087,CUST-2022,EMP-120,2025-06-11,2025-07-11,2025-07-10,5057.21,0.0,0.0,5057.21,2137.75,Paid,Latin America
AR-INV-22086,CUST-2045,EMP-103,2025-06-11,2025-07-11,2025-07-31,3336.69,0.0,0.0,3336.69,1685.57,Paid,Latin America
AR-INV-22085,CUST-2004,EMP-125,2025-06-11,2025-07-11,2025-06-27,8479.25,254.38,0.03,8224.87,4356.08,Paid,Europe
AR-INV-22084,CUST-2017,EMP-120,2025-06-11,2025-07-11,2025-07-17,17002.52,510.08,0.03,16492.44,8310.86,Paid,Latin America
AR-INV-22088,CUST-2044,EMP-130,2025-06-12,2025-07-12,2025-07-02,12396.62,0.0,0.0,12396.62,5395.41,Paid,North America
AR-INV-22089,CUST-2035,EMP-125,2025-06-12,2025-07-12,2025-07-15,10551.69,316.55,0.03,10235.14,5313.1,Paid,Europe
AR-INV-22090,CUST-2011,EMP-130,2025-06-12,2025-07-12,2025-07-29,8250.86,0.0,0.0,8250.86,3830.95,Paid,North America
AR-INV-22091,CUST-2050,EMP-125,2025-06-12,2025-07-12,2025-08-08,3983.79,0.0,0.0,3983.79,2151.94,Paid,Asia Pacific
AR-INV-22092,CUST-2040,EMP-130,2025-06-12,2025-07-12,2025-07-07,6778.09,203.34,0.03,6574.75,3248.83,Paid,North America
AR-INV-22096,CUST-2038,EMP-120,2025-06-13,2025-07-13,2025-08-09,3717.97,185.9,0.05,3532.07,1923.95,Paid,North America
AR-INV-22095,CUST-2038,EMP-103,2025-06-13,2025-07-13,2025-08-14,11029.93,0.0,0.0,11029.93,4758.68,Paid,North America
AR-INV-22093,CUST-2024,EMP-120,2025-06-13,2025-07-13,2025-07-20,16596.52,0.0,0.0,16596.52,8855.85,Paid,Asia Pacific
AR-INV-22094,CUST-2049,EMP-125,2025-06-13,2025-07-13,2025-07-05,22428.49,0.0,0.0,22428.49,11279.96,Paid,Asia Pacific
AR-INV-22097,CUST-2005,EMP-129,2025-06-14,2025-07-14,2025-08-08,11857.37,0.0,0.0,11857.37,6005.42,Paid,North America
AR-INV-22098,CUST-2039,EMP-120,2025-06-14,2025-07-14,2025-07-20,11036.09,882.89,0.08,10153.2,5451.16,Paid,Asia Pacific
AR-INV-22099,CUST-2049,EMP-125,2025-06-14,2025-07-14,2025-07-15,8313.16,249.39,0.03,8063.77,4709.78,Paid,Asia Pacific
AR-INV-22100,CUST-2022,EMP-103,2025-06-14,2025-07-14,2025-07-12,6929.35,346.47,0.05,6582.88,3791.52,Paid,Latin America
AR-INV-22101,CUST-2028,EMP-120,2025-06-14,2025-07-14,2025-07-24,10382.1,519.11,0.05,9862.99,4626.06,Paid,Europe
AR-INV-22104,CUST-2008,EMP-103,2025-06-15,2025-07-15,2025-07-31,7958.63,238.76,0.03,7719.87,4119.07,Paid,Europe
AR-INV-22107,CUST-2037,EMP-130,2025-06-15,2025-07-15,2025-07-28,11295.22,564.76,0.05,10730.46,6250.13,Paid,Asia Pacific
AR-INV-22106,CUST-2001,EMP-103,2025-06-15,2025-07-15,2025-08-15,12439.73,621.99,0.05,11817.74,6453.13,Paid,North America
AR-INV-22103,CUST-2014,EMP-125,2025-06-15,2025-07-15,2025-08-03,9037.71,271.13,0.03,8766.58,4883.23,Paid,North America
AR-INV-22102,CUST-2007,EMP-103,2025-06-15,2025-07-15,2025-07-01,14594.83,0.0,0.0,14594.83,6638.05,Paid,Asia Pacific
AR-INV-22105,CUST-2035,EMP-103,2025-06-15,2025-07-15,2025-08-05,9958.75,0.0,0.0,9958.75,5642.92,Paid,Europe
AR-INV-22110,CUST-2006,EMP-130,2025-06-16,2025-07-16,2025-08-02,15178.86,758.94,0.05,14419.92,7135.48,Paid,North America
AR-INV-22108,CUST-2004,EMP-133,2025-06-16,2025-07-16,2025-07-28,10866.44,0.0,0.0,10866.44,5538.01,Paid,Europe
AR-INV-22109,CUST-2028,EMP-125,2025-06-16,2025-07-16,2025-07-24,7195.86,0.0,0.0,7195.86,3969.94,Paid,Europe
AR-INV-22111,CUST-2035,EMP-103,2025-06-16,2025-07-16,2025-08-17,19127.23,956.36,0.05,18170.87,9455.52,Paid,Europe
AR-INV-22113,CUST-2048,EMP-130,2025-06-17,2025-07-17,2025-08-21,15936.33,0.0,0.0,15936.33,8161.12,Paid,Latin America
AR-INV-22112,CUST-2043,EMP-133,2025-06-17,2025-07-17,2025-07-03,10720.32,0.0,0.0,10720.32,5657.47,Paid,Europe
AR-INV-22116,CUST-2008,EMP-129,2025-06-18,2025-07-18,2025-07-06,14726.76,736.34,0.05,13990.42,6284.82,Paid,Europe
AR-INV-22117,CUST-2045,EMP-125,2025-06-18,2025-07-18,2025-07-09,10462.57,0.0,0.0,10462.57,5289.89,Paid,Latin America
AR-INV-22114,CUST-2001,EMP-129,2025-06-18,2025-07-18,2025-08-08,12015.67,1201.57,0.1,10814.1,6070.58,Paid,North America
AR-INV-22115,CUST-2031,EMP-133,2025-06-18,2025-07-18,2025-07-25,5922.19,0.0,0.0,5922.19,3308.03,Paid,Asia Pacific
AR-INV-22118,CUST-2046,EMP-103,2025-06-19,2025-07-19,2025-07-12,15502.19,0.0,0.0,15502.19,7323.83,Paid,North America
AR-INV-22119,CUST-2020,EMP-129,2025-06-19,2025-07-19,2025-07-08,22484.32,1124.22,0.05,21360.1,10186.6,Paid,North America
AR-INV-22120,CUST-2022,EMP-130,2025-06-19,2025-07-19,2025-07-17,8795.5,439.78,0.05,8355.72,4441.28,Paid,Latin America
AR-INV-22121,CUST-2025,EMP-120,2025-06-19,2025-07-19,2025-07-17,6136.49,0.0,0.0,6136.49,3009.21,Paid,Latin America
AR-INV-22122,CUST-2045,EMP-133,2025-06-19,2025-07-19,2025-08-09,7288.03,218.64,0.03,7069.39,3760.14,Paid,Latin America
AR-INV-22124,CUST-2041,EMP-133,2025-06-20,2025-07-20,2025-08-01,14317.13,6013.19,0.42,8303.94,8250.27,Paid,Europe
AR-INV-22125,CUST-2006,EMP-133,2025-06-20,2025-07-20,2025-07-10,14887.21,5061.65,0.34,9825.56,7838.2,Paid,North America
AR-INV-22123,CUST-2023,EMP-129,2025-06-20,2025-07-20,2025-07-05,14474.61,723.73,0.05,13750.88,6219.11,Paid,Asia Pacific
AR-INV-22127,CUST-2023,EMP-133,2025-06-21,2025-07-21,2025-07-21,11343.99,3516.64,0.31,7827.35,5453.88,Paid,Asia Pacific
AR-INV-22128,CUST-2026,EMP-130,2025-06-21,2025-07-21,2025-08-07,10767.39,323.02,0.03,10444.37,5659.38,Paid,Europe
AR-INV-22129,CUST-2016,EMP-120,2025-06-21,2025-07-21,2025-07-16,21348.99,640.47,0.03,20708.52,10527.39,Paid,Latin America
AR-INV-22126,CUST-2025,EMP-120,2025-06-21,2025-07-21,2025-07-17,8736.39,0.0,0.0,8736.39,4350.5,Paid,Latin America
AR-INV-22133,CUST-2003,EMP-103,2025-06-22,2025-07-22,2025-07-27,17980.43,539.41,0.03,17441.02,9555.71,Paid,North America
AR-INV-22130,CUST-2027,EMP-130,2025-06-22,2025-07-22,2025-07-22,8215.54,0.0,0.0,8215.54,3456.69,Paid,North America
AR-INV-22131,CUST-2019,EMP-129,2025-06-22,2025-07-22,2025-07-23,7693.18,230.8,0.03,7462.38,3696.06,Paid,Asia Pacific
AR-INV-22132,CUST-2017,EMP-103,2025-06-22,2025-07-22,2025-07-11,8309.37,415.47,0.05,7893.9,4397.93,Paid,Latin America
AR-INV-22137,CUST-2014,EMP-103,2025-06-23,2025-07-23,2025-07-21,13143.57,0.0,0.0,13143.57,6543.62,Paid,North America
AR-INV-22136,CUST-2013,EMP-130,2025-06-23,2025-07-23,2025-08-08,5145.76,154.37,0.03,4991.39,2162.23,Paid,Europe
AR-INV-22134,CUST-2014,EMP-133,2025-06-23,2025-07-23,2025-08-03,15878.02,6351.21,0.4,9526.81,9003.59,Paid,North America
AR-INV-22135,CUST-2017,EMP-103,2025-06-23,2025-07-23,2025-07-10,5294.08,529.41,0.1,4764.67,3039.51,Paid,Latin America
AR-INV-22138,CUST-2033,EMP-103,2025-06-24,2025-07-24,2025-07-26,10310.87,0.0,0.0,10310.87,4758.12,Paid,Asia Pacific
AR-INV-22139,CUST-2030,EMP-103,2025-06-24,2025-07-24,2025-08-15,3667.44,110.02,0.03,3557.42,1880.08,Paid,Europe
AR-INV-22140,CUST-2021,EMP-129,2025-06-24,2025-07-24,2025-08-14,5323.92,425.91,0.08,4898.01,2726.14,Paid,Europe
AR-INV-22141,CUST-2003,EMP-120,2025-06-24,2025-07-24,2025-08-26,10585.67,317.57,0.03,10268.1,4886.56,Paid,North America
AR-INV-22145,CUST-2049,EMP-133,2025-06-25,2025-07-25,2025-08-28,21078.88,8009.97,0.38,13068.91,11656.31,Paid,Asia Pacific
AR-INV-22144,CUST-2040,EMP-125,2025-06-25,2025-07-25,2025-07-30,6347.61,190.43,0.03,6157.18,2939.83,Paid,North America
AR-INV-22146,CUST-2022,EMP-125,2025-06-25,2025-07-25,2025-08-10,5934.01,296.7,0.05,5637.31,2923.02,Paid,Latin America
AR-INV-22142,CUST-2043,EMP-125,2025-06-25,2025-07-25,2025-07-10,34025.82,1020.77,0.03,33005.05,18058.48,Paid,Europe
AR-INV-22143,CUST-2037,EMP-129,2025-06-25,2025-07-25,2025-07-27,14764.74,0.0,0.0,14764.74,7468.79,Paid,Asia Pacific
AR-INV-22147,CUST-2018,EMP-129,2025-06-26,2025-07-26,2025-08-15,7712.9,0.0,0.0,7712.9,4433.79,Paid,Asia Pacific
AR-INV-22148,CUST-2036,EMP-103,2025-06-26,2025-07-26,2025-07-28,20744.55,1037.23,0.05,19707.32,11227.15,Paid,North America
AR-INV-22149,CUST-2050,EMP-130,2025-06-26,2025-07-26,2025-07-30,5908.74,295.44,0.05,5613.3,2514.87,Paid,Asia Pacific
AR-INV-22150,CUST-2038,EMP-125,2025-06-27,2025-07-27,2025-08-13,22528.51,1126.43,0.05,21402.08,12710.21,Paid,North America
AR-INV-22151,CUST-2032,EMP-129,2025-06-27,2025-07-27,2025-08-28,3143.86,94.32,0.03,3049.54,1543.35,Paid,Europe
AR-INV-22152,CUST-2023,EMP-125,2025-06-27,2025-07-27,2025-08-06,13417.42,0.0,0.0,13417.42,6137.74,Paid,Asia Pacific
AR-INV-22153,CUST-2019,EMP-120,2025-06-27,2025-07-27,2025-07-18,11888.7,356.66,0.03,11532.04,6570.93,Paid,Asia Pacific
AR-INV-22154,CUST-2015,EMP-130,2025-06-27,2025-07-27,2025-07-19,17426.59,0.0,0.0,17426.59,7353.9,Paid,Latin America
AR-INV-22155,CUST-2023,EMP-129,2025-06-27,2025-07-27,2025-08-07,11594.67,347.84,0.03,11246.83,6051.33,Paid,Asia Pacific
AR-INV-22159,CUST-2029,EMP-120,2025-06-28,2025-07-28,2025-07-30,21408.62,0.0,0.0,21408.62,9911.44,Paid,Europe
AR-INV-22158,CUST-2015,EMP-103,2025-06-28,2025-07-28,2025-08-04,9289.77,278.69,0.03,9011.08,4978.07,Paid,Latin America
AR-INV-22161,CUST-2038,EMP-130,2025-06-28,2025-07-28,2025-07-23,14544.89,0.0,0.0,14544.89,7423.77,Paid,North America
AR-INV-22156,CUST-2012,EMP-125,2025-06-28,2025-07-28,2025-07-29,12064.33,0.0,0.0,12064.33,5324.21,Paid,North America
AR-INV-22157,CUST-2011,EMP-103,2025-06-28,2025-07-28,2025-07-23,7411.57,592.93,0.08,6818.64,3193.28,Paid,North America
AR-INV-22160,CUST-2005,EMP-103,2025-06-28,2025-07-28,2025-08-26,13251.37,0.0,0.0,13251.37,7028.83,Paid,North America
AR-INV-22164,CUST-2010,EMP-129,2025-06-29,2025-07-29,2025-08-12,3776.42,188.82,0.05,3587.6,1914.79,Paid,North America
AR-INV-22162,CUST-2050,EMP-129,2025-06-29,2025-07-29,2025-07-17,12124.38,606.22,0.05,11518.16,6340.07,Paid,Asia Pacific
AR-INV-22163,CUST-2040,EMP-120,2025-06-29,2025-07-29,2025-08-23,9672.22,483.61,0.05,9188.61,4541.4,Paid,North America
AR-INV-22165,CUST-2047,EMP-130,2025-06-30,2025-07-30,2025-08-08,19473.95,584.22,0.03,18889.73,8649.62,Paid,Asia Pacific
AR-INV-22166,CUST-2017,EMP-125,2025-06-30,2025-07-30,2025-08-07,15315.67,459.47,0.03,14856.2,6881.84,Paid,Latin America
AR-INV-22167,CUST-2032,EMP-133,2025-07-01,2025-07-31,2025-07-16,10887.25,544.36,0.05,10342.89,4895.82,Paid,Europe
AR-INV-22168,CUST-2017,EMP-130,2025-07-01,2025-07-31,2025-08-11,6770.45,203.11,0.03,6567.34,3075.39,Paid,Latin America
AR-INV-22169,CUST-2035,EMP-125,2025-07-02,2025-08-01,2025-08-10,15977.21,0.0,0.0,15977.21,7202.32,Paid,Europe
AR-INV-22170,CUST-2034,EMP-120,2025-07-02,2025-08-01,2025-07-20,6491.52,0.0,0.0,6491.52,3122.66,Paid,Asia Pacific
AR-INV-22173,CUST-2050,EMP-129,2025-07-03,2025-08-02,2025-09-02,12580.88,0.0,0.0,12580.88,6899.53,Paid,Asia Pacific
AR-INV-22174,CUST-2009,EMP-103,2025-07-03,2025-08-02,2025-08-21,20300.05,609.0,0.03,19691.05,9164.56,Paid,North America
AR-INV-22171,CUST-2010,EMP-125,2025-07-03,2025-08-02,2025-07-28,14707.26,0.0,0.0,14707.26,7811.22,Paid,North America
AR-INV-22172,CUST-2004,EMP-129,2025-07-03,2025-08-02,2025-08-08,7620.32,381.02,0.05,7239.3,3239.3,Paid,Europe
AR-INV-22175,CUST-2001,EMP-133,2025-07-04,2025-08-03,2025-07-20,11535.25,346.06,0.03,11189.19,5961.26,Paid,North America
AR-INV-22176,CUST-2004,EMP-103,2025-07-04,2025-08-03,2025-08-24,13912.53,417.38,0.03,13495.15,6147.25,Paid,Europe
AR-INV-22177,CUST-2001,EMP-103,2025-07-04,2025-08-03,2025-08-17,25438.21,1271.91,0.05,24166.3,11563.96,Paid,North America
AR-INV-22178,CUST-2006,EMP-129,2025-07-04,2025-08-03,2025-08-16,13001.67,650.08,0.05,12351.59,5532.69,Paid,North America
AR-INV-22179,CUST-2006,EMP-103,2025-07-05,2025-08-04,2025-08-25,6393.84,0.0,0.0,6393.84,3517.12,Paid,North America
AR-INV-22180,CUST-2003,EMP-130,2025-07-05,2025-08-04,2025-08-30,14958.2,448.75,0.03,14509.45,8399.57,Paid,North America
AR-INV-22181,CUST-2025,EMP-120,2025-07-05,2025-08-04,2025-08-05,9076.95,0.0,0.0,9076.95,3986.52,Paid,Latin America
AR-INV-22183,CUST-2008,EMP-125,2025-07-06,2025-08-05,2025-07-25,8872.99,0.0,0.0,8872.99,4873.39,Paid,Europe
AR-INV-22182,CUST-2046,EMP-133,2025-07-06,2025-08-05,2025-08-21,22803.99,1140.2,0.05,21663.79,12468.66,Paid,North America
AR-INV-22184,CUST-2031,EMP-103,2025-07-06,2025-08-05,2025-08-16,8919.9,267.6,0.03,8652.3,4183.64,Paid,Asia Pacific
AR-INV-22186,CUST-2009,EMP-129,2025-07-07,2025-08-06,2025-08-16,12418.56,0.0,0.0,12418.56,5400.27,Paid,North America
AR-INV-22185,CUST-2010,EMP-129,2025-07-07,2025-08-06,2025-09-10,13764.13,688.21,0.05,13075.92,6426.5,Paid,North America
AR-INV-22187,CUST-2022,EMP-129,2025-07-08,2025-08-07,2025-09-09,14844.69,0.0,0.0,14844.69,7630.68,Paid,Latin America
AR-INV-22188,CUST-2006,EMP-129,2025-07-08,2025-08-07,2025-09-03,8424.32,842.43,0.1,7581.89,4770.0,Paid,North America
AR-INV-22189,CUST-2038,EMP-133,2025-07-09,2025-08-08,2025-08-23,16015.3,0.0,0.0,16015.3,8836.07,Paid,North America
AR-INV-22190,CUST-2012,EMP-120,2025-07-09,2025-08-08,2025-08-04,4243.4,127.3,0.03,4116.1,1923.61,Paid,North America
AR-INV-22191,CUST-2027,EMP-130,2025-07-09,2025-08-08,2025-08-07,7941.4,238.24,0.03,7703.16,3736.66,Paid,North America
AR-INV-22192,CUST-2009,EMP-120,2025-07-09,2025-08-08,2025-08-31,14486.32,434.59,0.03,14051.73,7594.41,Paid,North America
AR-INV-22193,CUST-2020,EMP-130,2025-07-09,2025-08-08,2025-09-05,3736.62,112.1,0.03,3624.52,2149.61,Paid,North America
AR-INV-22196,CUST-2008,EMP-133,2025-07-10,2025-08-09,2025-07-30,7253.3,725.33,0.1,6527.97,3669.62,Paid,Europe
AR-INV-22194,CUST-2023,EMP-130,2025-07-10,2025-08-09,2025-08-01,13425.46,0.0,0.0,13425.46,6798.76,Paid,Asia Pacific
AR-INV-22195,CUST-2025,EMP-103,2025-07-10,2025-08-09,2025-09-05,12283.6,0.0,0.0,12283.6,5368.03,Paid,Latin America
AR-INV-22199,CUST-2017,EMP-120,2025-07-11,2025-08-10,2025-08-27,15388.44,461.65,0.03,14926.79,8411.11,Paid,Latin America
AR-INV-22197,CUST-2028,EMP-125,2025-07-11,2025-08-10,2025-09-08,13433.84,1074.71,0.08,12359.13,7777.37,Paid,Europe
AR-INV-22198,CUST-2019,EMP-130,2025-07-11,2025-08-10,2025-08-21,7484.63,224.54,0.03,7260.09,3785.26,Paid,Asia Pacific
AR-INV-22200,CUST-2009,EMP-129,2025-07-12,2025-08-11,2025-07-27,12752.56,382.58,0.03,12369.98,7394.7,Paid,North America
AR-INV-22201,CUST-2033,EMP-125,2025-07-12,2025-08-11,2025-07-28,17231.95,0.0,0.0,17231.95,8495.18,Paid,Asia Pacific
AR-INV-22202,CUST-2033,EMP-130,2025-07-12,2025-08-11,2025-08-31,28584.49,0.0,0.0,28584.49,15759.72,Paid,Asia Pacific
AR-INV-22203,CUST-2006,EMP-125,2025-07-12,2025-08-11,2025-08-14,12846.01,0.0,0.0,12846.01,5462.18,Paid,North America
AR-INV-22206,CUST-2013,EMP-120,2025-07-13,2025-08-12,2025-08-05,14470.67,434.12,0.03,14036.55,7768.69,Paid,Europe
AR-INV-22204,CUST-2037,EMP-129,2025-07-13,2025-08-12,2025-07-31,18450.87,0.0,0.0,18450.87,8637.3,Paid,Asia Pacific
AR-INV-22205,CUST-2026,EMP-125,2025-07-13,2025-08-12,2025-09-15,5576.05,278.8,0.05,5297.25,3023.64,Paid,Europe
AR-INV-22207,CUST-2013,EMP-133,2025-07-13,2025-08-12,2025-08-14,2978.96,297.9,0.1,2681.06,1383.95,Paid,Europe
AR-INV-22211,CUST-2011,EMP-103,2025-07-14,2025-08-13,2025-09-13,19425.92,1942.59,0.1,17483.33,8778.35,Paid,North America
AR-INV-22210,CUST-2018,EMP-120,2025-07-14,2025-08-13,2025-07-29,16069.43,0.0,0.0,16069.43,8586.0,Paid,Asia Pacific
AR-INV-22208,CUST-2018,EMP-120,2025-07-14,2025-08-13,2025-08-08,14963.6,1197.09,0.08,13766.51,6378.26,Paid,Asia Pacific
AR-INV-22209,CUST-2008,EMP-129,2025-07-14,2025-08-13,2025-08-18,5622.98,168.69,0.03,5454.29,2836.49,Paid,Europe
AR-INV-22212,CUST-2048,EMP-129,2025-07-15,2025-08-14,2025-08-20,14387.74,1151.02,0.08,13236.72,6869.93,Paid,Latin America
AR-INV-22213,CUST-2001,EMP-129,2025-07-15,2025-08-14,2025-07-31,3738.44,186.92,0.05,3551.52,1571.33,Paid,North America
AR-INV-22214,CUST-2002,EMP-125,2025-07-15,2025-08-14,2025-08-17,8501.1,255.03,0.03,8246.07,3908.69,Paid,North America
AR-INV-22215,CUST-2048,EMP-130,2025-07-15,2025-08-14,2025-09-05,3410.39,341.04,0.1,3069.35,1679.79,Paid,Latin America
AR-INV-22216,CUST-2001,EMP-103,2025-07-16,2025-08-15,2025-09-18,27421.59,822.65,0.03,26598.94,14025.54,Paid,North America
AR-INV-22217,CUST-2037,EMP-103,2025-07-16,2025-08-15,2025-07-31,14129.78,0.0,0.0,14129.78,6203.79,Paid,Asia Pacific
AR-INV-22218,CUST-2002,EMP-125,2025-07-16,2025-08-15,2025-08-24,15619.99,1562.0,0.1,14057.99,8685.7,Paid,North America
AR-INV-22220,CUST-2032,EMP-129,2025-07-17,2025-08-16,2025-09-07,6581.46,526.52,0.08,6054.94,3545.74,Paid,Europe
AR-INV-22222,CUST-2048,EMP-130,2025-07-17,2025-08-16,2025-09-04,17279.08,518.37,0.03,16760.71,8330.46,Paid,Latin America
AR-INV-22219,CUST-2048,EMP-130,2025-07-17,2025-08-16,2025-09-13,5976.2,0.0,0.0,5976.2,2734.8,Paid,Latin America
AR-INV-22221,CUST-2044,EMP-125,2025-07-17,2025-08-16,2025-08-30,9595.99,767.68,0.08,8828.31,4916.48,Paid,North America
AR-INV-22226,CUST-2033,EMP-133,2025-07-18,2025-08-17,2025-08-09,9540.93,477.05,0.05,9063.88,4387.36,Paid,Asia Pacific
AR-INV-22223,CUST-2022,EMP-133,2025-07-18,2025-08-17,2025-08-07,6882.42,206.47,0.03,6675.95,3818.53,Paid,Latin America
AR-INV-22224,CUST-2036,EMP-120,2025-07-18,2025-08-17,2025-08-17,26229.31,786.88,0.03,25442.43,12099.11,Paid,North America
AR-INV-22225,CUST-2003,EMP-103,2025-07-18,2025-08-17,2025-09-08,4496.36,0.0,0.0,4496.36,2317.77,Paid,North America
AR-INV-22227,CUST-2007,EMP-130,2025-07-18,2025-08-17,2025-08-07,20771.18,1038.56,0.05,19732.62,11891.39,Paid,Asia Pacific
AR-INV-22232,CUST-2005,EMP-133,2025-07-19,2025-08-18,2025-08-20,4025.49,0.0,0.0,4025.49,2181.91,Paid,North America
AR-INV-22233,CUST-2027,EMP-120,2025-07-19,2025-08-18,2025-09-08,7088.24,0.0,0.0,7088.24,3341.85,Paid,North America
AR-INV-22231,CUST-2013,EMP-130,2025-07-19,2025-08-18,2025-08-03,6031.97,0.0,0.0,6031.97,3351.71,Paid,Europe
AR-INV-22230,CUST-2049,EMP-125,2025-07-19,2025-08-18,2025-08-04,11570.77,1157.08,0.1,10413.69,5431.87,Paid,Asia Pacific
AR-INV-22229,CUST-2042,EMP-133,2025-07-19,2025-08-18,2025-08-12,8184.4,409.22,0.05,7775.18,3869.23,Paid,Europe
AR-INV-22228,CUST-2034,EMP-103,2025-07-19,2025-08-18,2025-09-07,5961.64,0.0,0.0,5961.64,3135.49,Paid,Asia Pacific
AR-INV-22234,CUST-2017,EMP-133,2025-07-20,2025-08-19,2025-08-29,19435.65,583.07,0.03,18852.58,10352.37,Paid,Latin America
AR-INV-22235,CUST-2028,EMP-120,2025-07-20,2025-08-19,2025-08-07,9523.81,0.0,0.0,9523.81,4081.78,Paid,Europe
AR-INV-22236,CUST-2036,EMP-129,2025-07-20,2025-08-19,2025-08-05,5885.19,0.0,0.0,5885.19,3078.15,Paid,North America
AR-INV-22237,CUST-2009,EMP-130,2025-07-20,2025-08-19,2025-09-17,5991.66,299.58,0.05,5692.08,3389.12,Paid,North America
AR-INV-22240,CUST-2003,EMP-125,2025-07-21,2025-08-20,2025-09-05,13247.39,0.0,0.0,13247.39,7444.49,Paid,North America
AR-INV-22241,CUST-2017,EMP-130,2025-07-21,2025-08-20,2025-08-19,8894.03,0.0,0.0,8894.03,3928.95,Paid,Latin America
AR-INV-22238,CUST-2009,EMP-130,2025-07-21,2025-08-20,2025-09-23,16775.08,0.0,0.0,16775.08,8244.59,Paid,North America
AR-INV-22239,CUST-2019,EMP-103,2025-07-21,2025-08-20,2025-08-14,7208.59,0.0,0.0,7208.59,4054.9,Paid,Asia Pacific
AR-INV-22242,CUST-2023,EMP-130,2025-07-22,2025-08-21,2025-08-16,12591.97,1259.2,0.1,11332.77,6117.86,Paid,Asia Pacific
AR-INV-22243,CUST-2015,EMP-133,2025-07-22,2025-08-21,2025-08-24,16800.03,1680.0,0.1,15120.03,7102.78,Paid,Latin America
AR-INV-22244,CUST-2006,EMP-129,2025-07-22,2025-08-21,2025-09-10,17492.49,524.77,0.03,16967.72,10124.63,Paid,North America
AR-INV-22245,CUST-2009,EMP-125,2025-07-22,2025-08-21,2025-08-13,6283.51,314.18,0.05,5969.33,2746.83,Paid,North America
AR-INV-22246,CUST-2044,EMP-120,2025-07-22,2025-08-21,2025-09-25,9656.05,772.48,0.08,8883.57,5026.31,Paid,North America
AR-INV-22249,CUST-2004,EMP-133,2025-07-23,2025-08-22,2025-08-12,6229.05,186.87,0.03,6042.18,2639.65,Paid,Europe
AR-INV-22247,CUST-2021,EMP-133,2025-07-23,2025-08-22,2025-09-01,8017.53,240.53,0.03,7777.0,3735.35,Paid,Europe
AR-INV-22248,CUST-2008,EMP-103,2025-07-23,2025-08-22,2025-08-21,18652.15,0.0,0.0,18652.15,9629.33,Paid,Europe
AR-INV-22250,CUST-2009,EMP-125,2025-07-23,2025-08-22,2025-08-12,13064.56,0.0,0.0,13064.56,5786.71,Paid,North America
AR-INV-22252,CUST-2037,EMP-130,2025-07-24,2025-08-23,2025-08-12,6551.33,655.13,0.1,5896.2,3408.94,Paid,Asia Pacific
AR-INV-22251,CUST-2047,EMP-130,2025-07-24,2025-08-23,2025-08-16,12713.08,1017.05,0.08,11696.03,5747.34,Paid,Asia Pacific
AR-INV-22255,CUST-2049,EMP-133,2025-07-25,2025-08-24,2025-09-24,8958.73,0.0,0.0,8958.73,4930.74,Paid,Asia Pacific
AR-INV-22253,CUST-2009,EMP-103,2025-07-25,2025-08-24,2025-09-12,4037.79,201.89,0.05,3835.9,1866.75,Paid,North America
AR-INV-22254,CUST-2046,EMP-133,2025-07-25,2025-08-24,2025-09-05,7382.36,0.0,0.0,7382.36,3969.26,Paid,North America
AR-INV-22256,CUST-2049,EMP-133,2025-07-26,2025-08-25,2025-08-29,9247.88,0.0,0.0,9247.88,4957.46,Paid,Asia Pacific
AR-INV-22257,CUST-2042,EMP-129,2025-07-26,2025-08-25,2025-09-05,8782.93,702.63,0.08,8080.3,5063.84,Paid,Europe
AR-INV-22258,CUST-2015,EMP-130,2025-07-26,2025-08-25,2025-08-11,14709.33,0.0,0.0,14709.33,8120.06,Paid,Latin America
AR-INV-22259,CUST-2007,EMP-125,2025-07-26,2025-08-25,2025-09-02,15925.97,0.0,0.0,15925.97,7291.8,Paid,Asia Pacific
AR-INV-22260,CUST-2032,EMP-130,2025-07-26,2025-08-25,2025-08-23,18098.54,904.93,0.05,17193.61,9413.91,Paid,Europe
AR-INV-22261,CUST-2047,EMP-133,2025-07-26,2025-08-25,2025-08-25,7001.52,210.05,0.03,6791.47,3107.44,Paid,Asia Pacific
AR-INV-22264,CUST-2030,EMP-130,2025-07-27,2025-08-26,2025-08-11,9664.26,966.43,0.1,8697.83,4668.6,Paid,Europe
AR-INV-22263,CUST-2011,EMP-133,2025-07-27,2025-08-26,2025-08-19,21437.13,1071.86,0.05,20365.27,11574.17,Paid,North America
AR-INV-22262,CUST-2027,EMP-103,2025-07-27,2025-08-26,2025-08-21,9910.5,297.31,0.03,9613.19,4812.27,Paid,North America
AR-INV-22265,CUST-2027,EMP-130,2025-07-28,2025-08-27,2025-09-25,7845.7,392.29,0.05,7453.41,4468.84,Paid,North America
AR-INV-22266,CUST-2026,EMP-129,2025-07-28,2025-08-27,2025-08-16,13964.06,1117.12,0.08,12846.94,6481.7,Paid,Europe
AR-INV-22267,CUST-2040,EMP-120,2025-07-28,2025-08-27,2025-09-15,15033.47,1202.68,0.08,13830.79,7297.29,Paid,North America
AR-INV-22268,CUST-2029,EMP-125,2025-07-28,2025-08-27,2025-09-20,9695.81,775.66,0.08,8920.15,4490.42,Paid,Europe
AR-INV-22269,CUST-2030,EMP-103,2025-07-29,2025-08-28,2025-09-22,8428.82,421.44,0.05,8007.38,4319.85,Paid,Europe
AR-INV-22270,CUST-2014,EMP-133,2025-07-29,2025-08-28,2025-08-19,5796.86,0.0,0.0,5796.86,2817.53,Paid,North America
AR-INV-22271,CUST-2033,EMP-133,2025-07-29,2025-08-28,2025-09-01,8647.24,259.42,0.03,8387.82,4300.62,Paid,Asia Pacific
AR-INV-22276,CUST-2039,EMP-130,2025-07-30,2025-08-29,2025-08-30,11703.57,585.18,0.05,11118.39,5221.9,Paid,Asia Pacific
AR-INV-22277,CUST-2037,EMP-129,2025-07-30,2025-08-29,2025-09-27,10893.72,0.0,0.0,10893.72,5271.98,Paid,Asia Pacific
AR-INV-22275,CUST-2006,EMP-133,2025-07-30,2025-08-29,2025-08-30,7379.88,368.99,0.05,7010.89,3610.62,Paid,North America
AR-INV-22273,CUST-2020,EMP-103,2025-07-30,2025-08-29,2025-09-30,18270.09,0.0,0.0,18270.09,8899.07,Paid,North America
AR-INV-22272,CUST-2009,EMP-129,2025-07-30,2025-08-29,2025-08-27,4901.6,0.0,0.0,4901.6,2271.89,Paid,North America
AR-INV-22274,CUST-2049,EMP-120,2025-07-30,2025-08-29,2025-08-23,4382.41,131.47,0.03,4250.94,2504.97,Paid,Asia Pacific
AR-INV-22278,CUST-2019,EMP-130,2025-07-31,2025-08-30,2025-08-21,6617.25,330.86,0.05,6286.39,3590.69,Paid,Asia Pacific
AR-INV-22279,CUST-2043,EMP-130,2025-07-31,2025-08-30,2025-09-18,12390.98,371.73,0.03,12019.25,6738.93,Paid,Europe
AR-INV-22280,CUST-2036,EMP-103,2025-07-31,2025-08-30,2025-08-15,5044.81,151.34,0.03,4893.47,2493.02,Paid,North America
AR-INV-22284,CUST-2035,EMP-103,2025-08-01,2025-08-31,2025-10-04,9003.8,900.38,0.1,8103.42,4365.26,Paid,Europe
AR-INV-22281,CUST-2028,EMP-129,2025-08-01,2025-08-31,2025-09-22,11773.68,0.0,0.0,11773.68,5580.47,Paid,Europe
AR-INV-22282,CUST-2019,EMP-125,2025-08-01,2025-08-31,2025-08-27,6980.35,558.43,0.08,6421.92,3493.18,Paid,Asia Pacific
AR-INV-22283,CUST-2047,EMP-103,2025-08-01,2025-08-31,2025-09-11,4796.1,143.88,0.03,4652.22,2227.1,Paid,Asia Pacific
AR-INV-22285,CUST-2002,EMP-133,2025-08-01,2025-08-31,2025-08-18,16506.06,825.3,0.05,15680.76,9089.05,Paid,North America
AR-INV-22286,CUST-2011,EMP-133,2025-08-02,2025-09-01,2025-09-03,6786.57,0.0,0.0,6786.57,3563.23,Paid,North America
AR-INV-22287,CUST-2006,EMP-130,2025-08-02,2025-09-01,2025-08-24,15011.8,0.0,0.0,15011.8,8378.24,Paid,North America
AR-INV-22288,CUST-2046,EMP-120,2025-08-02,2025-09-01,2025-09-19,10232.32,0.0,0.0,10232.32,5298.38,Paid,North America
AR-INV-22290,CUST-2033,EMP-120,2025-08-03,2025-09-02,2025-08-28,8447.01,0.0,0.0,8447.01,3626.75,Paid,Asia Pacific
AR-INV-22291,CUST-2004,EMP-130,2025-08-03,2025-09-02,2025-09-22,9591.05,0.0,0.0,9591.05,4940.81,Paid,Europe
AR-INV-22289,CUST-2016,EMP-120,2025-08-03,2025-09-02,2025-09-28,5978.79,0.0,0.0,5978.79,3193.66,Paid,Latin America
AR-INV-22292,CUST-2038,EMP-125,2025-08-03,2025-09-02,2025-08-23,2429.57,72.89,0.03,2356.68,1392.81,Paid,North America
AR-INV-22294,CUST-2008,EMP-129,2025-08-04,2025-09-03,2025-10-05,8325.14,0.0,0.0,8325.14,4415.47,Paid,Europe
AR-INV-22293,CUST-2018,EMP-103,2025-08-04,2025-09-03,2025-09-18,4437.91,355.03,0.08,4082.88,2012.93,Paid,Asia Pacific
AR-INV-22295,CUST-2030,EMP-130,2025-08-05,2025-09-04,2025-10-06,4856.94,145.71,0.03,4711.23,2075.34,Paid,Europe
AR-INV-22296,CUST-2007,EMP-130,2025-08-05,2025-09-04,2025-08-29,15841.64,792.08,0.05,15049.56,8894.4,Paid,Asia Pacific
AR-INV-22301,CUST-2022,EMP-129,2025-08-06,2025-09-05,2025-08-28,11818.25,0.0,0.0,11818.25,5276.89,Paid,Latin America
AR-INV-22300,CUST-2001,EMP-130,2025-08-06,2025-09-05,2025-09-18,6073.45,0.0,0.0,6073.45,2751.06,Paid,North America
AR-INV-22297,CUST-2023,EMP-130,2025-08-06,2025-09-05,2025-08-24,13135.9,656.8,0.05,12479.1,7572.1,Paid,Asia Pacific
AR-INV-22298,CUST-2047,EMP-125,2025-08-06,2025-09-05,2025-09-08,12742.75,0.0,0.0,12742.75,6538.22,Paid,Asia Pacific
AR-INV-22299,CUST-2041,EMP-120,2025-08-06,2025-09-05,2025-09-13,7086.95,354.35,0.05,6732.6,3349.19,Paid,Europe
AR-INV-22302,CUST-2011,EMP-125,2025-08-07,2025-09-06,2025-09-19,15635.83,469.07,0.03,15166.76,8736.62,Paid,North America
AR-INV-22303,CUST-2034,EMP-130,2025-08-07,2025-09-06,2025-09-20,27257.39,0.0,0.0,27257.39,12048.21,Paid,Asia Pacific
AR-INV-22304,CUST-2004,EMP-130,2025-08-08,2025-09-07,2025-09-18,18682.57,0.0,0.0,18682.57,8181.32,Paid,Europe
AR-INV-22305,CUST-2007,EMP-120,2025-08-08,2025-09-07,2025-08-30,20459.66,0.0,0.0,20459.66,10852.65,Paid,Asia Pacific
AR-INV-22306,CUST-2050,EMP-125,2025-08-08,2025-09-07,2025-08-31,17557.76,526.73,0.03,17031.03,9719.38,Paid,Asia Pacific
AR-INV-22307,CUST-2013,EMP-130,2025-08-08,2025-09-07,2025-10-02,9678.53,290.36,0.03,9388.17,5239.06,Paid,Europe
AR-INV-22308,CUST-2017,EMP-120,2025-08-09,2025-09-08,2025-09-05,6426.86,192.81,0.03,6234.05,2823.31,Paid,Latin America
AR-INV-22309,CUST-2032,EMP-133,2025-08-09,2025-09-08,2025-09-19,3175.91,158.8,0.05,3017.11,1354.37,Paid,Europe
AR-INV-22310,CUST-2036,EMP-103,2025-08-09,2025-09-08,2025-09-11,9079.17,726.33,0.08,8352.84,3823.38,Paid,North America
AR-INV-22311,CUST-2036,EMP-103,2025-08-09,2025-09-08,2025-09-16,17143.02,857.15,0.05,16285.87,9164.85,Paid,North America
AR-INV-22312,CUST-2023,EMP-120,2025-08-09,2025-09-08,2025-08-24,7582.52,606.6,0.08,6975.92,3791.87,Paid,Asia Pacific
AR-INV-22313,CUST-2011,EMP-130,2025-08-09,2025-09-08,2025-09-05,11033.29,0.0,0.0,11033.29,6166.51,Paid,North America
AR-INV-22318,CUST-2044,EMP-130,2025-08-10,2025-09-09,2025-10-08,4929.79,0.0,0.0,4929.79,2415.15,Paid,North America
AR-INV-22316,CUST-2039,EMP-130,2025-08-10,2025-09-09,2025-09-23,8957.09,447.85,0.05,8509.24,4552.33,Paid,Asia Pacific
AR-INV-22317,CUST-2017,EMP-120,2025-08-10,2025-09-09,2025-09-22,2140.65,107.03,0.05,2033.62,905.9,Paid,Latin America
AR-INV-22314,CUST-2009,EMP-129,2025-08-10,2025-09-09,2025-09-04,7563.61,605.09,0.08,6958.52,4343.34,Paid,North America
AR-INV-22315,CUST-2008,EMP-120,2025-08-10,2025-09-09,2025-09-18,13098.28,392.95,0.03,12705.33,7155.52,Paid,Europe
AR-INV-22319,CUST-2037,EMP-133,2025-08-11,2025-09-10,2025-09-04,14542.06,727.1,0.05,13814.96,8293.87,Paid,Asia Pacific
AR-INV-22320,CUST-2006,EMP-133,2025-08-11,2025-09-10,2025-09-21,2883.78,0.0,0.0,2883.78,1264.45,Paid,North America
AR-INV-22321,CUST-2020,EMP-129,2025-08-11,2025-09-10,2025-08-26,10770.19,0.0,0.0,10770.19,4531.08,Paid,North America
AR-INV-22322,CUST-2024,EMP-103,2025-08-12,2025-09-11,2025-10-07,14384.87,1438.49,0.1,12946.38,8239.63,Paid,Asia Pacific
AR-INV-22323,CUST-2034,EMP-133,2025-08-12,2025-09-11,2025-09-09,4677.21,374.18,0.08,4303.03,2081.58,Paid,Asia Pacific
AR-INV-22324,CUST-2045,EMP-130,2025-08-12,2025-09-11,2025-09-10,17225.15,861.26,0.05,16363.89,8943.31,Paid,Latin America
AR-INV-22328,CUST-2003,EMP-129,2025-08-13,2025-09-12,2025-09-21,11386.54,0.0,0.0,11386.54,6443.13,Paid,North America
AR-INV-22327,CUST-2039,EMP-103,2025-08-13,2025-09-12,2025-09-11,7392.18,369.61,0.05,7022.57,3478.93,Paid,Asia Pacific
AR-INV-22325,CUST-2019,EMP-125,2025-08-13,2025-09-12,2025-09-11,21107.88,1688.63,0.08,19419.25,10565.39,Paid,Asia Pacific
AR-INV-22326,CUST-2002,EMP-103,2025-08-13,2025-09-12,2025-09-24,5189.66,0.0,0.0,5189.66,2268.62,Paid,North America
AR-INV-22329,CUST-2024,EMP-130,2025-08-14,2025-09-13,2025-09-16,22802.08,684.06,0.03,22118.02,10992.92,Paid,Asia Pacific
AR-INV-22330,CUST-2026,EMP-130,2025-08-14,2025-09-13,2025-10-07,8396.63,419.83,0.05,7976.8,3837.04,Paid,Europe
AR-INV-22331,CUST-2022,EMP-129,2025-08-14,2025-09-13,2025-08-29,15398.57,0.0,0.0,15398.57,6690.9,Paid,Latin America
AR-INV-22332,CUST-2021,EMP-103,2025-08-14,2025-09-13,2025-09-15,10891.66,544.58,0.05,10347.08,6108.85,Paid,Europe
AR-INV-22337,CUST-2022,EMP-103,2025-08-15,2025-09-14,2025-10-17,25056.14,0.0,0.0,25056.14,12898.0,Paid,Latin America
AR-INV-22336,CUST-2009,EMP-125,2025-08-15,2025-09-14,2025-09-30,6729.25,336.46,0.05,6392.79,3801.58,Paid,North America
AR-INV-22338,CUST-2037,EMP-120,2025-08-15,2025-09-14,2025-09-15,16353.27,490.6,0.03,15862.67,7761.57,Paid,Asia Pacific
AR-INV-22334,CUST-2038,EMP-120,2025-08-15,2025-09-14,2025-09-29,3659.76,292.78,0.08,3366.98,1608.7,Paid,North America
AR-INV-22333,CUST-2027,EMP-133,2025-08-15,2025-09-14,2025-10-01,7374.56,368.73,0.05,7005.83,3280.76,Paid,North America
AR-INV-22335,CUST-2016,EMP-125,2025-08-15,2025-09-14,2025-09-06,6719.94,0.0,0.0,6719.94,3622.81,Paid,Latin America
AR-INV-22341,CUST-2019,EMP-120,2025-08-16,2025-09-15,2025-09-23,7139.09,356.95,0.05,6782.14,3960.85,Paid,Asia Pacific
AR-INV-22340,CUST-2011,EMP-129,2025-08-16,2025-09-15,2025-09-18,11180.58,559.03,0.05,10621.55,4729.58,Paid,North America
AR-INV-22339,CUST-2041,EMP-103,2025-08-16,2025-09-15,2025-09-29,8331.47,416.57,0.05,7914.9,4581.77,Paid,Europe
AR-INV-22346,CUST-2031,EMP-130,2025-08-17,2025-09-16,2025-10-02,4630.84,231.54,0.05,4399.3,2105.37,Paid,Asia Pacific
AR-INV-22345,CUST-2042,EMP-120,2025-08-17,2025-09-16,2025-09-15,10643.54,319.31,0.03,10324.23,5562.26,Paid,Europe
AR-INV-22342,CUST-2028,EMP-120,2025-08-17,2025-09-16,2025-09-05,19421.91,582.66,0.03,18839.25,8271.18,Paid,Europe
AR-INV-22343,CUST-2029,EMP-103,2025-08-17,2025-09-16,2025-10-03,7211.75,0.0,0.0,7211.75,3263.84,Paid,Europe
AR-INV-22344,CUST-2030,EMP-103,2025-08-17,2025-09-16,2025-10-19,6742.25,0.0,0.0,6742.25,3700.7,Paid,Europe
AR-INV-22347,CUST-2015,EMP-125,2025-08-18,2025-09-17,2025-09-30,9333.4,0.0,0.0,9333.4,4197.36,Paid,Latin America
AR-INV-22348,CUST-2019,EMP-103,2025-08-18,2025-09-17,2025-09-22,7312.31,365.62,0.05,6946.69,3659.96,Paid,Asia Pacific
AR-INV-22349,CUST-2046,EMP-120,2025-08-18,2025-09-17,2025-09-12,13426.79,671.34,0.05,12755.45,6462.74,Paid,North America
AR-INV-22350,CUST-2022,EMP-133,2025-08-19,2025-09-18,2025-10-06,20118.14,1005.91,0.05,19112.23,9719.24,Paid,Latin America
AR-INV-22351,CUST-2026,EMP-129,2025-08-19,2025-09-18,2025-10-06,10371.09,829.69,0.08,9541.4,4664.4,Paid,Europe
AR-INV-22352,CUST-2020,EMP-103,2025-08-19,2025-09-18,2025-09-11,11228.21,336.85,0.03,10891.36,5485.85,Paid,North America
AR-INV-22353,CUST-2001,EMP-120,2025-08-19,2025-09-18,2025-09-16,14743.56,737.18,0.05,14006.38,7082.21,Paid,North America
AR-INV-22355,CUST-2036,EMP-120,2025-08-20,2025-09-19,2025-09-26,7910.81,237.32,0.03,7673.49,4197.95,Paid,North America
AR-INV-22356,CUST-2039,EMP-129,2025-08-20,2025-09-19,2025-10-20,15354.6,0.0,0.0,15354.6,7748.58,Paid,Asia Pacific
AR-INV-22354,CUST-2005,EMP-130,2025-08-20,2025-09-19,2025-10-20,3978.43,0.0,0.0,3978.43,1886.26,Paid,North America
AR-INV-22357,CUST-2031,EMP-125,2025-08-21,2025-09-20,2025-10-19,18563.6,0.0,0.0,18563.6,10457.75,Paid,Asia Pacific
AR-INV-22358,CUST-2002,EMP-133,2025-08-21,2025-09-20,2025-09-30,14755.36,442.66,0.03,14312.7,8407.31,Paid,North America
AR-INV-22359,CUST-2038,EMP-130,2025-08-21,2025-09-20,2025-09-26,21527.74,0.0,0.0,21527.74,9239.82,Paid,North America
AR-INV-22360,CUST-2050,EMP-133,2025-08-21,2025-09-20,2025-09-27,6912.99,345.65,0.05,6567.34,3190.71,Paid,Asia Pacific
AR-INV-22361,CUST-2044,EMP-125,2025-08-22,2025-09-21,2025-09-15,17953.03,1436.24,0.08,16516.79,9275.21,Paid,North America
AR-INV-22362,CUST-2031,EMP-129,2025-08-22,2025-09-21,2025-09-26,10328.97,309.87,0.03,10019.1,5564.76,Paid,Asia Pacific
AR-INV-22363,CUST-2039,EMP-120,2025-08-22,2025-09-21,2025-09-06,3473.55,104.21,0.03,3369.34,1601.93,Paid,Asia Pacific
AR-INV-22364,CUST-2021,EMP-129,2025-08-22,2025-09-21,2025-10-02,12999.38,649.97,0.05,12349.41,6994.43,Paid,Europe
AR-INV-22365,CUST-2029,EMP-103,2025-08-22,2025-09-21,2025-10-05,9165.06,458.25,0.05,8706.81,4582.81,Paid,Europe
AR-INV-22369,CUST-2026,EMP-130,2025-08-23,2025-09-22,2025-09-20,11074.61,553.73,0.05,10520.88,5458.35,Paid,Europe
AR-INV-22368,CUST-2034,EMP-133,2025-08-23,2025-09-22,2025-09-20,8291.39,0.0,0.0,8291.39,3722.41,Paid,Asia Pacific
AR-INV-22366,CUST-2022,EMP-133,2025-08-23,2025-09-22,2025-09-11,27471.44,0.0,0.0,27471.44,13455.88,Paid,Latin America
AR-INV-22367,CUST-2038,EMP-130,2025-08-23,2025-09-22,2025-10-27,11913.94,953.12,0.08,10960.82,5463.71,Paid,North America
AR-INV-22370,CUST-2046,EMP-129,2025-08-24,2025-09-23,2025-10-08,8059.92,0.0,0.0,8059.92,4214.97,Paid,North America
AR-INV-22371,CUST-2007,EMP-103,2025-08-24,2025-09-23,2025-10-01,5474.64,273.73,0.05,5200.91,3031.56,Paid,Asia Pacific
AR-INV-22372,CUST-2042,EMP-120,2025-08-24,2025-09-23,2025-10-09,10573.19,317.2,0.03,10255.99,4644.92,Paid,Europe
AR-INV-22373,CUST-2011,EMP-103,2025-08-25,2025-09-24,2025-10-13,6655.75,332.79,0.05,6322.96,2963.26,Paid,North America
AR-INV-22374,CUST-2024,EMP-103,2025-08-25,2025-09-24,2025-10-04,16207.38,0.0,0.0,16207.38,8977.98,Paid,Asia Pacific
AR-INV-22375,CUST-2037,EMP-125,2025-08-25,2025-09-24,2025-09-15,27677.98,0.0,0.0,27677.98,13284.53,Paid,Asia Pacific
AR-INV-22378,CUST-2036,EMP-103,2025-08-26,2025-09-25,2025-09-27,4261.78,0.0,0.0,4261.78,2457.72,Paid,North America
AR-INV-22376,CUST-2038,EMP-103,2025-08-26,2025-09-25,2025-09-21,8516.43,0.0,0.0,8516.43,4743.96,Paid,North America
AR-INV-22377,CUST-2012,EMP-103,2025-08-26,2025-09-25,2025-10-16,22055.98,1764.48,0.08,20291.5,11899.21,Paid,North America
AR-INV-22379,CUST-2012,EMP-130,2025-08-26,2025-09-25,2025-09-14,17068.41,0.0,0.0,17068.41,8521.79,Paid,North America
AR-INV-22380,CUST-2004,EMP-120,2025-08-26,2025-09-25,2025-10-08,11875.64,356.27,0.03,11519.37,6637.73,Paid,Europe
AR-INV-22381,CUST-2049,EMP-103,2025-08-27,2025-09-26,2025-09-16,13705.1,1096.41,0.08,12608.69,7524.04,Paid,Asia Pacific
AR-INV-22382,CUST-2026,EMP-129,2025-08-27,2025-09-26,2025-10-02,18860.1,565.8,0.03,18294.3,10270.55,Paid,Europe
AR-INV-22383,CUST-2044,EMP-103,2025-08-27,2025-09-26,2025-09-23,12482.99,998.64,0.08,11484.35,5824.47,Paid,North America
AR-INV-22384,CUST-2014,EMP-129,2025-08-27,2025-09-26,2025-09-27,4475.09,134.25,0.03,4340.84,2208.07,Paid,North America
AR-INV-22389,CUST-2011,EMP-133,2025-08-28,2025-09-27,2025-10-17,15651.86,469.56,0.03,15182.3,8108.28,Paid,North America
AR-INV-22390,CUST-2021,EMP-103,2025-08-28,2025-09-27,2025-10-20,11623.74,581.19,0.05,11042.55,5289.24,Paid,Europe
AR-INV-22388,CUST-2048,EMP-120,2025-08-28,2025-09-27,2025-09-15,9600.43,480.02,0.05,9120.41,4531.55,Paid,Latin America
AR-INV-22386,CUST-2011,EMP-125,2025-08-28,2025-09-27,2025-09-27,13596.89,0.0,0.0,13596.89,6675.75,Paid,North America
AR-INV-22387,CUST-2036,EMP-103,2025-08-28,2025-09-27,2025-09-14,8794.82,263.84,0.03,8530.98,5041.76,Paid,North America
AR-INV-22385,CUST-2025,EMP-125,2025-08-28,2025-09-27,2025-10-10,15035.31,0.0,0.0,15035.31,6586.99,Paid,Latin America
AR-INV-22391,CUST-2030,EMP-130,2025-08-29,2025-09-28,2025-09-24,8359.59,0.0,0.0,8359.59,4525.03,Paid,Europe
AR-INV-22392,CUST-2035,EMP-103,2025-08-29,2025-09-28,2025-10-07,11083.98,0.0,0.0,11083.98,5670.73,Paid,Europe
AR-INV-22393,CUST-2015,EMP-133,2025-08-29,2025-09-28,2025-11-01,5732.61,286.63,0.05,5445.98,2681.45,Paid,Latin America
AR-INV-22394,CUST-2028,EMP-103,2025-08-30,2025-09-29,2025-10-10,6761.4,0.0,0.0,6761.4,3305.46,Paid,Europe
AR-INV-22395,CUST-2029,EMP-120,2025-08-30,2025-09-29,2025-10-13,10348.53,310.46,0.03,10038.07,5710.84,Paid,Europe
AR-INV-22396,CUST-2011,EMP-125,2025-08-30,2025-09-29,2025-09-27,10056.68,301.7,0.03,9754.98,4796.47,Paid,North America
AR-INV-22397,CUST-2038,EMP-120,2025-08-30,2025-09-29,2025-10-21,11562.35,0.0,0.0,11562.35,6241.67,Paid,North America
AR-INV-22400,CUST-2049,EMP-120,2025-08-31,2025-09-30,2025-09-17,21886.5,1094.33,0.05,20792.17,9268.32,Paid,Asia Pacific
AR-INV-22398,CUST-2029,EMP-130,2025-08-31,2025-09-30,2025-10-12,10249.52,0.0,0.0,10249.52,5713.76,Paid,Europe
AR-INV-22399,CUST-2020,EMP-103,2025-08-31,2025-09-30,2025-10-08,5056.63,151.7,0.03,4904.93,2524.4,Paid,North America
AR-INV-22401,CUST-2043,EMP-130,2025-09-01,2025-10-01,2025-09-26,18437.48,1475.0,0.08,16962.48,9410.62,Paid,Europe
AR-INV-22402,CUST-2039,EMP-103,2025-09-01,2025-10-01,2025-10-09,12689.3,0.0,0.0,12689.3,6896.17,Paid,Asia Pacific
AR-INV-22403,CUST-2050,EMP-133,2025-09-01,2025-10-01,2025-09-18,8096.2,647.7,0.08,7448.5,3708.96,Paid,Asia Pacific
AR-INV-22404,CUST-2018,EMP-133,2025-09-01,2025-10-01,2025-10-23,17111.71,513.35,0.03,16598.36,9688.98,Paid,Asia Pacific
AR-INV-22405,CUST-2011,EMP-133,2025-09-02,2025-10-02,2025-09-28,16096.85,1609.69,0.1,14487.16,7397.51,Paid,North America
AR-INV-22406,CUST-2001,EMP-129,2025-09-02,2025-10-02,2025-09-26,20416.71,0.0,0.0,20416.71,8794.66,Paid,North America
AR-INV-22407,CUST-2024,EMP-130,2025-09-02,2025-10-02,2025-09-20,14269.67,713.48,0.05,13556.19,6778.78,Paid,Asia Pacific
AR-INV-22410,CUST-2038,EMP-125,2025-09-03,2025-10-03,2025-10-06,3277.96,163.9,0.05,3114.06,1800.8,Paid,North America
AR-INV-22408,CUST-2047,EMP-129,2025-09-03,2025-10-03,2025-11-07,8823.79,882.38,0.1,7941.41,4106.49,Paid,Asia Pacific
AR-INV-22409,CUST-2046,EMP-130,2025-09-03,2025-10-03,2025-10-13,13992.64,1119.41,0.08,12873.23,6382.96,Paid,North America
AR-INV-22411,CUST-2014,EMP-125,2025-09-04,2025-10-04,2025-10-01,8442.28,0.0,0.0,8442.28,4593.63,Paid,North America
AR-INV-22412,CUST-2011,EMP-133,2025-09-04,2025-10-04,2025-09-29,24772.58,1238.63,0.05,23533.95,11966.6,Paid,North America
AR-INV-22413,CUST-2038,EMP-120,2025-09-04,2025-10-04,2025-09-20,5146.95,0.0,0.0,5146.95,2830.28,Paid,North America
AR-INV-22414,CUST-2023,EMP-125,2025-09-04,2025-10-04,2025-10-30,3843.47,192.17,0.05,3651.3,1945.33,Paid,Asia Pacific
AR-INV-22415,CUST-2009,EMP-133,2025-09-05,2025-10-05,2025-10-27,8944.22,447.21,0.05,8497.01,3886.04,Paid,North America
AR-INV-22416,CUST-2004,EMP-120,2025-09-05,2025-10-05,2025-10-15,9050.18,452.51,0.05,8597.67,4889.06,Paid,Europe
AR-INV-22417,CUST-2021,EMP-125,2025-09-05,2025-10-05,2025-09-23,16466.36,493.99,0.03,15972.37,7268.64,Paid,Europe
AR-INV-22418,CUST-2016,EMP-120,2025-09-06,2025-10-06,2025-10-20,12032.38,360.97,0.03,11671.41,5198.48,Paid,Latin America
AR-INV-22419,CUST-2020,EMP-125,2025-09-06,2025-10-06,2025-09-21,10464.1,0.0,0.0,10464.1,4662.89,Paid,North America
AR-INV-22420,CUST-2025,EMP-129,2025-09-06,2025-10-06,2025-11-01,4083.83,122.51,0.03,3961.32,2281.69,Paid,Latin America
AR-INV-22421,CUST-2014,EMP-120,2025-09-07,2025-10-07,2025-09-28,10582.5,0.0,0.0,10582.5,6114.12,Paid,North America
AR-INV-22422,CUST-2038,EMP-129,2025-09-07,2025-10-07,2025-11-05,6962.97,0.0,0.0,6962.97,3421.7,Paid,North America
AR-INV-22424,CUST-2018,EMP-120,2025-09-08,2025-10-08,2025-10-25,10755.1,0.0,0.0,10755.1,5666.27,Paid,Asia Pacific
AR-INV-22423,CUST-2031,EMP-133,2025-09-08,2025-10-08,2025-10-20,15324.42,0.0,0.0,15324.42,7418.94,Paid,Asia Pacific
AR-INV-22425,CUST-2041,EMP-120,2025-09-08,2025-10-08,2025-10-02,2456.31,0.0,0.0,2456.31,1072.09,Paid,Europe
AR-INV-22429,CUST-2013,EMP-129,2025-09-09,2025-10-09,2025-11-07,9707.65,485.38,0.05,9222.27,4174.75,Paid,Europe
AR-INV-22428,CUST-2035,EMP-133,2025-09-09,2025-10-09,2025-09-27,11252.53,0.0,0.0,11252.53,4973.49,Paid,Europe
AR-INV-22430,CUST-2015,EMP-133,2025-09-09,2025-10-09,2025-10-11,13752.86,0.0,0.0,13752.86,6475.5,Paid,Latin America
AR-INV-22426,CUST-2040,EMP-120,2025-09-09,2025-10-09,2025-10-08,19963.85,0.0,0.0,19963.85,10967.82,Paid,North America
AR-INV-22427,CUST-2002,EMP-103,2025-09-09,2025-10-09,2025-11-10,5606.7,168.2,0.03,5438.5,2496.86,Paid,North America
AR-INV-22431,CUST-2050,EMP-129,2025-09-10,2025-10-10,2025-10-14,7610.44,0.0,0.0,7610.44,3975.51,Paid,Asia Pacific
AR-INV-22432,CUST-2016,EMP-130,2025-09-10,2025-10-10,2025-10-23,6918.99,345.95,0.05,6573.04,3478.78,Paid,Latin America
AR-INV-22433,CUST-2032,EMP-125,2025-09-10,2025-10-10,2025-10-24,9378.2,281.35,0.03,9096.85,4148.4,Paid,Europe
AR-INV-22434,CUST-2009,EMP-133,2025-09-11,2025-10-11,2025-10-04,21264.79,1063.24,0.05,20201.55,9786.31,Paid,North America
AR-INV-22435,CUST-2010,EMP-103,2025-09-11,2025-10-11,2025-10-12,5278.87,158.37,0.03,5120.5,2416.68,Paid,North America
AR-INV-22436,CUST-2041,EMP-130,2025-09-11,2025-10-11,2025-11-15,10708.95,0.0,0.0,10708.95,6094.29,Paid,Europe
AR-INV-22437,CUST-2008,EMP-125,2025-09-11,2025-10-11,2025-09-26,12261.4,0.0,0.0,12261.4,6969.72,Paid,Europe
AR-INV-22438,CUST-2035,EMP-120,2025-09-12,2025-10-12,2025-11-06,11356.55,340.7,0.03,11015.85,5553.67,Paid,Europe
AR-INV-22439,CUST-2025,EMP-125,2025-09-12,2025-10-12,2025-10-12,7758.97,0.0,0.0,7758.97,3518.19,Paid,Latin America
AR-INV-22440,CUST-2049,EMP-129,2025-09-12,2025-10-12,2025-10-24,8542.27,256.27,0.03,8286.0,4935.62,Paid,Asia Pacific
AR-INV-22443,CUST-2004,EMP-125,2025-09-13,2025-10-13,2025-11-17,3095.42,0.0,0.0,3095.42,1549.42,Paid,Europe
AR-INV-22441,CUST-2023,EMP-125,2025-09-13,2025-10-13,2025-10-27,9636.2,770.9,0.08,8865.3,4303.03,Paid,Asia Pacific
AR-INV-22442,CUST-2046,EMP-125,2025-09-13,2025-10-13,2025-10-15,10389.21,519.46,0.05,9869.75,5959.31,Paid,North America
AR-INV-22444,CUST-2034,EMP-125,2025-09-14,2025-10-14,2025-10-09,14034.74,0.0,0.0,14034.74,7553.65,Paid,Asia Pacific
AR-INV-22445,CUST-2050,EMP-133,2025-09-14,2025-10-14,2025-10-29,12837.18,641.86,0.05,12195.32,6851.15,Paid,Asia Pacific
AR-INV-22446,CUST-2009,EMP-120,2025-09-14,2025-10-14,2025-10-31,16295.57,814.78,0.05,15480.79,6891.04,Paid,North America
AR-INV-22447,CUST-2031,EMP-129,2025-09-15,2025-10-15,2025-10-23,3554.94,177.75,0.05,3377.19,1936.12,Paid,Asia Pacific
AR-INV-22448,CUST-2020,EMP-129,2025-09-15,2025-10-15,2025-10-20,12145.52,971.64,0.08,11173.88,6340.25,Paid,North America
AR-INV-22449,CUST-2048,EMP-133,2025-09-15,2025-10-15,2025-10-10,9790.86,0.0,0.0,9790.86,5029.53,Paid,Latin America
AR-INV-22453,CUST-2012,EMP-125,2025-09-16,2025-10-16,2025-10-17,7386.89,221.61,0.03,7165.28,3798.61,Paid,North America
AR-INV-22452,CUST-2026,EMP-129,2025-09-16,2025-10-16,2025-10-29,12906.46,645.32,0.05,12261.14,7462.74,Paid,Europe
AR-INV-22451,CUST-2035,EMP-129,2025-09-16,2025-10-16,2025-11-10,9343.62,0.0,0.0,9343.62,5114.05,Paid,Europe
AR-INV-22450,CUST-2012,EMP-129,2025-09-16,2025-10-16,2025-10-07,11378.86,910.31,0.08,10468.55,4794.82,Paid,North America
AR-INV-22454,CUST-2042,EMP-103,2025-09-17,2025-10-17,2025-11-21,10957.15,0.0,0.0,10957.15,6260.06,Paid,Europe
AR-INV-22455,CUST-2011,EMP-129,2025-09-17,2025-10-17,2025-11-07,3989.01,319.12,0.08,3669.89,1731.03,Paid,North America
AR-INV-22456,CUST-2037,EMP-129,2025-09-17,2025-10-17,2025-11-09,8574.74,257.24,0.03,8317.5,4682.58,Paid,Asia Pacific
AR-INV-22457,CUST-2045,EMP-130,2025-09-17,2025-10-17,2025-11-15,8820.74,264.62,0.03,8556.12,3944.97,Paid,Latin America
AR-INV-22458,CUST-2029,EMP-103,2025-09-17,2025-10-17,2025-10-18,2431.3,0.0,0.0,2431.3,1176.17,Paid,Europe
AR-INV-22464,CUST-2030,EMP-103,2025-09-18,2025-10-18,2025-10-27,26703.09,0.0,0.0,26703.09,13744.13,Paid,Europe
AR-INV-22463,CUST-2013,EMP-125,2025-09-18,2025-10-18,2025-10-22,20048.27,601.45,0.03,19446.82,8851.61,Paid,Europe
AR-INV-22462,CUST-2049,EMP-103,2025-09-18,2025-10-18,2025-11-20,15253.19,457.6,0.03,14795.59,7005.75,Paid,Asia Pacific
AR-INV-22460,CUST-2012,EMP-103,2025-09-18,2025-10-18,2025-10-05,12571.56,377.15,0.03,12194.41,5853.4,Paid,North America
AR-INV-22459,CUST-2022,EMP-103,2025-09-18,2025-10-18,2025-10-15,11127.05,1112.7,0.1,10014.35,5316.61,Paid,Latin America
AR-INV-22461,CUST-2002,EMP-130,2025-09-18,2025-10-18,2025-11-19,8529.93,0.0,0.0,8529.93,3684.75,Paid,North America
AR-INV-22465,CUST-2045,EMP-103,2025-09-19,2025-10-19,2025-11-06,5070.38,152.11,0.03,4918.27,2146.81,Paid,Latin America
AR-INV-22466,CUST-2010,EMP-120,2025-09-19,2025-10-19,2025-10-29,13849.57,415.49,0.03,13434.08,5899.41,Paid,North America
AR-INV-22467,CUST-2018,EMP-120,2025-09-19,2025-10-19,2025-10-30,11208.81,0.0,0.0,11208.81,5936.34,Paid,Asia Pacific
AR-INV-22468,CUST-2004,EMP-120,2025-09-19,2025-10-19,2025-10-29,10218.4,1021.84,0.1,9196.56,5714.63,Paid,Europe
AR-INV-22469,CUST-2019,EMP-129,2025-09-19,2025-10-19,2025-10-26,5073.48,253.67,0.05,4819.81,2709.83,Paid,Asia Pacific
AR-INV-22470,CUST-2037,EMP-133,2025-09-20,2025-10-20,2025-10-10,10382.78,3322.49,0.32,7060.29,4811.59,Paid,Asia Pacific
AR-INV-22471,CUST-2029,EMP-120,2025-09-20,2025-10-20,2025-11-17,2643.21,132.16,0.05,2511.05,1472.75,Paid,Europe
AR-INV-22474,CUST-2013,EMP-130,2025-09-21,2025-10-21,2025-10-24,7900.74,0.0,0.0,7900.74,3759.45,Paid,Europe
AR-INV-22472,CUST-2013,EMP-120,2025-09-21,2025-10-21,2025-11-25,9387.38,0.0,0.0,9387.38,4908.34,Paid,Europe
AR-INV-22473,CUST-2040,EMP-133,2025-09-21,2025-10-21,2025-10-14,3906.45,1211.0,0.31,2695.45,1912.77,Paid,North America
AR-INV-22475,CUST-2048,EMP-129,2025-09-22,2025-10-22,2025-11-18,17219.18,516.58,0.03,16702.6,8510.19,Paid,Latin America
AR-INV-22476,CUST-2025,EMP-125,2025-09-22,2025-10-22,2025-11-24,7176.87,0.0,0.0,7176.87,4106.34,Paid,Latin America
AR-INV-22477,CUST-2003,EMP-120,2025-09-22,2025-10-22,2025-10-23,3330.56,266.44,0.08,3064.12,1509.9,Paid,North America
AR-INV-22478,CUST-2012,EMP-125,2025-09-23,2025-10-23,2025-11-04,12083.99,1208.4,0.1,10875.59,6658.35,Paid,North America
AR-INV-22479,CUST-2005,EMP-120,2025-09-23,2025-10-23,2025-11-09,6952.41,0.0,0.0,6952.41,3298.42,Paid,North America
AR-INV-22480,CUST-2036,EMP-120,2025-09-23,2025-10-23,2025-11-08,26976.87,0.0,0.0,26976.87,11703.83,Paid,North America
AR-INV-22481,CUST-2040,EMP-125,2025-09-23,2025-10-23,2025-11-21,4160.14,124.8,0.03,4035.34,1862.04,Paid,North America
AR-INV-22483,CUST-2005,EMP-120,2025-09-24,2025-10-24,2025-11-05,7618.48,0.0,0.0,7618.48,3527.26,Paid,North America
AR-INV-22484,CUST-2050,EMP-133,2025-09-24,2025-10-24,2025-10-25,7433.98,2676.23,0.36,4757.75,3584.63,Paid,Asia Pacific
AR-INV-22482,CUST-2011,EMP-133,2025-09-24,2025-10-24,2025-10-26,37900.8,13265.28,0.35,24635.52,17535.09,Paid,North America
AR-INV-22485,CUST-2049,EMP-103,2025-09-25,2025-10-25,2025-11-28,4569.12,0.0,0.0,4569.12,2558.08,Paid,Asia Pacific
AR-INV-22486,CUST-2035,EMP-133,2025-09-25,2025-10-25,2025-11-05,12772.89,4470.51,0.35,8302.38,6919.97,Paid,Europe
AR-INV-22487,CUST-2036,EMP-125,2025-09-25,2025-10-25,2025-10-21,2787.75,0.0,0.0,2787.75,1477.83,Paid,North America
AR-INV-22488,CUST-2013,EMP-125,2025-09-25,2025-10-25,2025-10-14,12185.59,365.57,0.03,11820.02,6494.62,Paid,Europe
AR-INV-22489,CUST-2001,EMP-125,2025-09-26,2025-10-26,2025-11-01,16276.41,0.0,0.0,16276.41,8140.44,Paid,North America
AR-INV-22490,CUST-2041,EMP-133,2025-09-26,2025-10-26,2025-11-05,4979.64,2041.65,0.41,2937.99,2230.39,Paid,Europe
AR-INV-22491,CUST-2047,EMP-133,2025-09-26,2025-10-26,2025-10-13,22974.09,8959.9,0.39,14014.19,11867.15,Paid,Asia Pacific
AR-INV-22492,CUST-2038,EMP-129,2025-09-26,2025-10-26,2025-11-23,6449.04,193.47,0.03,6255.57,2788.72,Paid,North America
AR-INV-22496,CUST-2006,EMP-125,2025-09-27,2025-10-27,2025-11-03,13302.77,665.14,0.05,12637.63,7381.95,Paid,North America
AR-INV-22495,CUST-2018,EMP-129,2025-09-27,2025-10-27,2025-11-05,9586.06,287.58,0.03,9298.48,4633.79,Paid,Asia Pacific
AR-INV-22494,CUST-2007,EMP-133,2025-09-27,2025-10-27,2025-10-28,3802.18,1368.78,0.36,2433.4,2148.4,Paid,Asia Pacific
AR-INV-22493,CUST-2020,EMP-120,2025-09-27,2025-10-27,2025-11-28,8773.89,438.69,0.05,8335.2,4576.59,Paid,North America
AR-INV-22497,CUST-2017,EMP-120,2025-09-28,2025-10-28,2025-11-06,5035.82,251.79,0.05,4784.03,2220.9,Paid,Latin America
AR-INV-22498,CUST-2049,EMP-129,2025-09-28,2025-10-28,2025-12-02,11529.98,345.9,0.03,11184.08,6548.32,Paid,Asia Pacific
AR-INV-22499,CUST-2005,EMP-133,2025-09-28,2025-10-28,2025-11-05,12870.3,5276.82,0.41,7593.48,5584.94,Paid,North America
AR-INV-22500,CUST-2034,EMP-130,2025-09-28,2025-10-28,2025-10-16,15098.58,452.96,0.03,14645.62,6422.47,Paid,Asia Pacific
AR-INV-22501,CUST-2010,EMP-120,2025-09-28,2025-10-28,2025-11-18,10151.62,304.55,0.03,9847.07,5393.8,Paid,North America
AR-INV-22506,CUST-2038,EMP-125,2025-09-29,2025-10-29,2025-11-13,12098.88,0.0,0.0,12098.88,5133.89,Paid,North America
AR-INV-22504,CUST-2024,EMP-120,2025-09-29,2025-10-29,2025-11-04,12540.03,627.0,0.05,11913.03,6126.37,Paid,Asia Pacific
AR-INV-22505,CUST-2003,EMP-129,2025-09-29,2025-10-29,2025-11-10,6743.32,337.17,0.05,6406.15,3311.46,Paid,North America
AR-INV-22502,CUST-2001,EMP-125,2025-09-29,2025-10-29,2025-11-12,19135.99,0.0,0.0,19135.99,8162.68,Paid,North America
AR-INV-22503,CUST-2042,EMP-125,2025-09-29,2025-10-29,2025-10-29,4928.19,0.0,0.0,4928.19,2298.55,Paid,Europe
AR-INV-22507,CUST-2043,EMP-129,2025-09-30,2025-10-30,2025-11-28,10840.78,0.0,0.0,10840.78,5254.83,Paid,Europe
AR-INV-22508,CUST-2008,EMP-125,2025-09-30,2025-10-30,2025-10-26,6583.93,526.71,0.08,6057.22,2958.07,Paid,Europe
AR-INV-22509,CUST-2027,EMP-120,2025-09-30,2025-10-30,2025-11-20,9747.08,779.77,0.08,8967.31,4835.14,Paid,North America
AR-INV-22510,CUST-2042,EMP-133,2025-09-30,2025-10-30,2025-11-12,6497.09,2403.92,0.37,4093.17,3530.36,Paid,Europe
AR-INV-22513,CUST-2049,EMP-129,2025-10-01,2025-10-31,2025-11-28,25724.81,771.74,0.03,24953.07,11645.52,Paid,Asia Pacific
AR-INV-22511,CUST-2033,EMP-120,2025-10-01,2025-10-31,2025-11-06,25431.53,0.0,0.0,25431.53,12725.45,Paid,Asia Pacific
AR-INV-22512,CUST-2044,EMP-125,2025-10-01,2025-10-31,2025-11-15,14388.23,719.41,0.05,13668.82,6150.54,Paid,North America
AR-INV-22514,CUST-2011,EMP-130,2025-10-01,2025-10-31,2025-11-17,6102.33,183.07,0.03,5919.26,3166.3,Paid,North America
AR-INV-22518,CUST-2017,EMP-130,2025-10-02,2025-11-01,2025-11-30,14881.03,1190.48,0.08,13690.55,7256.2,Paid,Latin America
AR-INV-22517,CUST-2009,EMP-129,2025-10-02,2025-11-01,2025-10-20,12443.15,622.16,0.05,11820.99,6608.74,Paid,North America
AR-INV-22519,CUST-2049,EMP-103,2025-10-02,2025-11-01,2025-12-02,14929.7,447.89,0.03,14481.81,7229.49,Paid,Asia Pacific
AR-INV-22515,CUST-2026,EMP-103,2025-10-02,2025-11-01,2025-11-26,3644.77,182.24,0.05,3462.53,1714.45,Paid,Europe
AR-INV-22516,CUST-2021,EMP-103,2025-10-02,2025-11-01,2025-11-22,12297.33,614.87,0.05,11682.46,6417.83,Paid,Europe
AR-INV-22523,CUST-2012,EMP-125,2025-10-03,2025-11-02,2025-11-23,4438.18,221.91,0.05,4216.27,1920.91,Paid,North America
AR-INV-22522,CUST-2001,EMP-120,2025-10-03,2025-11-02,2025-11-24,5533.01,0.0,0.0,5533.01,3040.57,Paid,North America
AR-INV-22520,CUST-2027,EMP-120,2025-10-03,2025-11-02,2025-12-05,24752.44,0.0,0.0,24752.44,13718.54,Paid,North America
AR-INV-22521,CUST-2005,EMP-120,2025-10-03,2025-11-02,2025-11-30,14852.79,742.64,0.05,14110.15,7611.47,Paid,North America
AR-INV-22524,CUST-2011,EMP-120,2025-10-04,2025-11-03,2025-12-02,25774.77,0.0,0.0,25774.77,11460.16,Paid,North America
AR-INV-22525,CUST-2021,EMP-129,2025-10-04,2025-11-03,2025-10-24,10198.12,509.91,0.05,9688.21,4664.02,Paid,Europe
AR-INV-22526,CUST-2030,EMP-130,2025-10-04,2025-11-03,2025-11-15,20193.26,1615.46,0.08,18577.8,8500.8,Paid,Europe
AR-INV-22527,CUST-2020,EMP-125,2025-10-04,2025-11-03,2025-11-06,6313.27,0.0,0.0,6313.27,3060.9,Paid,North America
AR-INV-22528,CUST-2011,EMP-103,2025-10-04,2025-11-03,2025-11-22,14599.6,0.0,0.0,14599.6,7756.37,Paid,North America
AR-INV-22529,CUST-2043,EMP-129,2025-10-05,2025-11-04,2025-12-08,6272.84,627.28,0.1,5645.56,2722.01,Paid,Europe
AR-INV-22530,CUST-2016,EMP-133,2025-10-05,2025-11-04,2025-11-27,2348.91,0.0,0.0,2348.91,1358.45,Paid,Latin America
AR-INV-22531,CUST-2045,EMP-103,2025-10-05,2025-11-04,2025-11-25,18186.89,0.0,0.0,18186.89,8682.55,Paid,Latin America
AR-INV-22532,CUST-2040,EMP-120,2025-10-05,2025-11-04,2025-11-27,5030.24,150.91,0.03,4879.33,2912.62,Paid,North America
AR-INV-22535,CUST-2015,EMP-125,2025-10-06,2025-11-05,2025-11-07,9655.61,772.45,0.08,8883.16,5202.44,Paid,Latin America
AR-INV-22534,CUST-2024,EMP-133,2025-10-06,2025-11-05,2025-11-07,9547.28,954.73,0.1,8592.55,4820.23,Paid,Asia Pacific
AR-INV-22533,CUST-2040,EMP-133,2025-10-06,2025-11-05,2025-10-21,4673.26,233.66,0.05,4439.6,2291.16,Paid,North America
AR-INV-22536,CUST-2016,EMP-103,2025-10-07,2025-11-06,2025-12-05,11832.95,591.65,0.05,11241.3,6451.91,Paid,Latin America
AR-INV-22537,CUST-2044,EMP-130,2025-10-07,2025-11-06,2025-10-29,12581.24,0.0,0.0,12581.24,6742.9,Paid,North America
AR-INV-22538,CUST-2027,EMP-120,2025-10-07,2025-11-06,2025-11-15,6291.8,188.75,0.03,6103.05,3576.18,Paid,North America
AR-INV-22539,CUST-2041,EMP-120,2025-10-07,2025-11-06,2025-11-05,4718.56,471.86,0.1,4246.7,2186.45,Paid,Europe
AR-INV-22540,CUST-2022,EMP-130,2025-10-08,2025-11-07,2025-12-10,19456.46,583.69,0.03,18872.77,10860.43,Paid,Latin America
AR-INV-22541,CUST-2004,EMP-103,2025-10-08,2025-11-07,2025-12-11,15769.37,0.0,0.0,15769.37,8770.08,Paid,Europe
AR-INV-22542,CUST-2038,EMP-130,2025-10-08,2025-11-07,2025-12-03,4999.62,249.98,0.05,4749.64,2820.79,Paid,North America
AR-INV-22543,CUST-2033,EMP-103,2025-10-08,2025-11-07,2025-11-20,3918.41,0.0,0.0,3918.41,1770.94,Paid,Asia Pacific
AR-INV-22548,CUST-2011,EMP-125,2025-10-09,2025-11-08,2025-12-04,9286.09,742.89,0.08,8543.2,4717.73,Paid,North America
AR-INV-22547,CUST-2041,EMP-103,2025-10-09,2025-11-08,2025-11-26,15231.63,456.95,0.03,14774.68,7377.25,Paid,Europe
AR-INV-22544,CUST-2008,EMP-120,2025-10-09,2025-11-08,2025-11-02,8203.59,0.0,0.0,8203.59,4231.84,Paid,Europe
AR-INV-22545,CUST-2027,EMP-130,2025-10-09,2025-11-08,2025-10-27,4627.13,0.0,0.0,4627.13,2273.78,Paid,North America
AR-INV-22546,CUST-2014,EMP-103,2025-10-09,2025-11-08,2025-11-26,8039.04,241.17,0.03,7797.87,4070.23,Paid,North America
AR-INV-22549,CUST-2019,EMP-133,2025-10-10,2025-11-09,2025-10-26,18343.37,917.17,0.05,17426.2,8661.74,Paid,Asia Pacific
AR-INV-22550,CUST-2043,EMP-103,2025-10-10,2025-11-09,2025-12-06,8521.61,255.65,0.03,8265.96,4283.08,Paid,Europe
AR-INV-22551,CUST-2038,EMP-133,2025-10-10,2025-11-09,2025-12-05,17681.59,1768.16,0.1,15913.43,7946.39,Paid,North America
AR-INV-22552,CUST-2030,EMP-130,2025-10-10,2025-11-09,2025-11-28,7804.44,0.0,0.0,7804.44,3371.85,Paid,Europe
AR-INV-22553,CUST-2001,EMP-120,2025-10-10,2025-11-09,2025-12-10,2298.93,183.91,0.08,2115.02,1217.67,Paid,North America
AR-INV-22557,CUST-2012,EMP-120,2025-10-11,2025-11-10,2025-11-11,2210.64,0.0,0.0,2210.64,1247.28,Paid,North America
AR-INV-22556,CUST-2016,EMP-125,2025-10-11,2025-11-10,2025-12-13,7183.05,0.0,0.0,7183.05,3082.18,Paid,Latin America
AR-INV-22554,CUST-2025,EMP-103,2025-10-11,2025-11-10,2025-11-20,12438.98,0.0,0.0,12438.98,6164.26,Paid,Latin America
AR-INV-22555,CUST-2009,EMP-103,2025-10-11,2025-11-10,2025-10-27,3154.45,94.63,0.03,3059.82,1592.56,Paid,North America
AR-INV-22558,CUST-2014,EMP-133,2025-10-12,2025-11-11,2025-12-07,9985.17,499.26,0.05,9485.91,4803.24,Paid,North America
AR-INV-22559,CUST-2012,EMP-130,2025-10-12,2025-11-11,2025-12-09,11122.78,0.0,0.0,11122.78,6448.22,Paid,North America
AR-INV-22560,CUST-2032,EMP-103,2025-10-12,2025-11-11,2025-12-13,13482.67,0.0,0.0,13482.67,5686.35,Paid,Europe
AR-INV-22561,CUST-2043,EMP-130,2025-10-13,2025-11-12,2025-11-20,3916.68,0.0,0.0,3916.68,1746.72,Paid,Europe
AR-INV-22562,CUST-2014,EMP-120,2025-10-13,2025-11-12,2025-11-06,5761.22,172.84,0.03,5588.38,2959.49,Paid,North America
AR-INV-22563,CUST-2015,EMP-120,2025-10-13,2025-11-12,2025-12-02,8435.93,0.0,0.0,8435.93,3555.18,Paid,Latin America
AR-INV-22568,CUST-2003,EMP-133,2025-10-14,2025-11-13,2025-11-25,4011.31,0.0,0.0,4011.31,2132.99,Paid,North America
AR-INV-22569,CUST-2017,EMP-125,2025-10-14,2025-11-13,2025-11-26,12059.78,602.99,0.05,11456.79,6415.63,Paid,Latin America
AR-INV-22566,CUST-2001,EMP-129,2025-10-14,2025-11-13,2025-11-22,5682.46,454.6,0.08,5227.86,2653.61,Paid,North America
AR-INV-22565,CUST-2004,EMP-129,2025-10-14,2025-11-13,2025-11-26,11496.7,344.9,0.03,11151.8,6022.48,Paid,Europe
AR-INV-22567,CUST-2021,EMP-129,2025-10-14,2025-11-13,2025-11-17,17458.91,872.95,0.05,16585.96,9822.79,Paid,Europe
AR-INV-22564,CUST-2037,EMP-120,2025-10-14,2025-11-13,2025-12-13,13596.91,407.91,0.03,13189.0,7486.7,Paid,Asia Pacific
AR-INV-22570,CUST-2050,EMP-133,2025-10-15,2025-11-14,2025-11-24,6287.0,314.35,0.05,5972.65,3617.19,Paid,Asia Pacific
AR-INV-22571,CUST-2045,EMP-133,2025-10-15,2025-11-14,2025-12-03,15481.19,774.06,0.05,14707.13,8728.57,Paid,Latin America
AR-INV-22572,CUST-2010,EMP-103,2025-10-15,2025-11-14,2025-11-27,7169.15,0.0,0.0,7169.15,3833.32,Paid,North America
AR-INV-22573,CUST-2032,EMP-129,2025-10-15,2025-11-14,2025-12-14,38735.86,1162.08,0.03,37573.78,17982.4,Paid,Europe
AR-INV-22574,CUST-2026,EMP-120,2025-10-15,2025-11-14,2025-11-07,12216.39,0.0,0.0,12216.39,5517.09,Paid,Europe
AR-INV-22576,CUST-2040,EMP-125,2025-10-16,2025-11-15,2025-11-08,24975.24,749.26,0.03,24225.98,12828.51,Paid,North America
AR-INV-22577,CUST-2024,EMP-125,2025-10-16,2025-11-15,2025-12-12,8673.16,0.0,0.0,8673.16,4775.92,Paid,Asia Pacific
AR-INV-22575,CUST-2003,EMP-120,2025-10-16,2025-11-15,2025-12-19,20640.25,619.21,0.03,20021.04,10199.89,Paid,North America
AR-INV-22578,CUST-2009,EMP-130,2025-10-17,2025-11-16,2025-12-09,9422.52,0.0,0.0,9422.52,4344.27,Paid,North America
AR-INV-22579,CUST-2034,EMP-120,2025-10-17,2025-11-16,2025-12-07,19565.17,0.0,0.0,19565.17,11226.48,Paid,Asia Pacific
AR-INV-22580,CUST-2040,EMP-129,2025-10-17,2025-11-16,2025-11-05,10537.45,0.0,0.0,10537.45,5128.71,Paid,North America
AR-INV-22581,CUST-2030,EMP-125,2025-10-17,2025-11-16,2025-11-23,5556.94,166.71,0.03,5390.23,2491.22,Paid,Europe
AR-INV-22582,CUST-2025,EMP-125,2025-10-17,2025-11-16,2025-12-09,3757.05,375.71,0.1,3381.34,2124.19,Paid,Latin America
AR-INV-22583,CUST-2043,EMP-129,2025-10-17,2025-11-16,2025-12-21,11322.33,339.67,0.03,10982.66,6090.94,Paid,Europe
AR-INV-22588,CUST-2004,EMP-125,2025-10-18,2025-11-17,2025-12-10,5995.35,479.63,0.08,5515.72,3292.63,Paid,Europe
AR-INV-22589,CUST-2016,EMP-103,2025-10-18,2025-11-17,2025-12-19,4778.29,0.0,0.0,4778.29,2467.98,Paid,Latin America
AR-INV-22587,CUST-2001,EMP-133,2025-10-18,2025-11-17,2025-11-13,24370.26,0.0,0.0,24370.26,11229.06,Paid,North America
AR-INV-22586,CUST-2029,EMP-125,2025-10-18,2025-11-17,2025-11-29,7830.56,0.0,0.0,7830.56,4436.94,Paid,Europe
AR-INV-22585,CUST-2031,EMP-120,2025-10-18,2025-11-17,2025-12-03,15155.96,454.68,0.03,14701.28,7490.66,Paid,Asia Pacific
AR-INV-22584,CUST-2036,EMP-129,2025-10-18,2025-11-17,2025-12-19,7296.7,0.0,0.0,7296.7,3941.96,Paid,North America
AR-INV-22590,CUST-2049,EMP-125,2025-10-19,2025-11-18,2025-11-28,9347.64,0.0,0.0,9347.64,5408.23,Paid,Asia Pacific
AR-INV-22591,CUST-2001,EMP-103,2025-10-19,2025-11-18,2025-11-22,14421.12,0.0,0.0,14421.12,6210.31,Paid,North America
AR-INV-22592,CUST-2004,EMP-130,2025-10-19,2025-11-18,2025-11-28,15855.83,1585.58,0.1,14270.25,8431.23,Paid,Europe
AR-INV-22593,CUST-2040,EMP-130,2025-10-20,2025-11-19,2025-12-24,10547.64,527.38,0.05,10020.26,4543.65,Paid,North America
AR-INV-22594,CUST-2020,EMP-130,2025-10-20,2025-11-19,2025-11-06,25161.17,1258.06,0.05,23903.11,11480.86,Paid,North America
AR-INV-22595,CUST-2019,EMP-130,2025-10-20,2025-11-19,2025-11-23,9925.81,794.06,0.08,9131.75,4281.15,Paid,Asia Pacific
AR-INV-22598,CUST-2035,EMP-120,2025-10-21,2025-11-20,2025-11-29,5212.42,156.37,0.03,5056.05,2883.78,Paid,Europe
AR-INV-22596,CUST-2014,EMP-125,2025-10-21,2025-11-20,2025-11-14,8533.95,426.7,0.05,8107.25,4261.11,Paid,North America
AR-INV-22597,CUST-2041,EMP-125,2025-10-21,2025-11-20,2025-12-14,12309.81,369.29,0.03,11940.52,5235.45,Paid,Europe
AR-INV-22599,CUST-2048,EMP-130,2025-10-22,2025-11-21,2025-11-06,17606.54,1408.52,0.08,16198.02,7776.27,Paid,Latin America
AR-INV-22600,CUST-2022,EMP-125,2025-10-22,2025-11-21,2025-11-09,19318.86,1931.89,0.1,17386.97,10119.88,Paid,Latin America
AR-INV-22601,CUST-2034,EMP-129,2025-10-22,2025-11-21,2025-11-07,11082.62,0.0,0.0,11082.62,6129.4,Paid,Asia Pacific
AR-INV-22604,CUST-2037,EMP-125,2025-10-23,2025-11-22,2025-11-09,24493.3,1959.46,0.08,22533.84,14123.8,Paid,Asia Pacific
AR-INV-22602,CUST-2032,EMP-120,2025-10-23,2025-11-22,2025-11-13,5774.72,173.24,0.03,5601.48,3296.13,Paid,Europe
AR-INV-22603,CUST-2040,EMP-133,2025-10-23,2025-11-22,2025-11-15,11511.49,345.34,0.03,11166.15,5977.58,Paid,North America
AR-INV-22605,CUST-2042,EMP-133,2025-10-23,2025-11-22,2025-11-07,13682.98,410.49,0.03,13272.49,6035.2,Paid,Europe
AR-INV-22606,CUST-2043,EMP-133,2025-10-24,2025-11-23,2025-12-06,15538.09,0.0,0.0,15538.09,8851.1,Paid,Europe
AR-INV-22607,CUST-2040,EMP-120,2025-10-24,2025-11-23,2025-12-05,16992.32,509.77,0.03,16482.55,9682.76,Paid,North America
AR-INV-22611,CUST-2015,EMP-103,2025-10-25,2025-11-24,2025-12-18,4321.7,216.09,0.05,4105.61,2148.52,Paid,Latin America
AR-INV-22610,CUST-2020,EMP-120,2025-10-25,2025-11-24,2025-11-29,14691.15,0.0,0.0,14691.15,7841.13,Paid,North America
AR-INV-22609,CUST-2042,EMP-133,2025-10-25,2025-11-24,2025-11-24,8997.79,449.89,0.05,8547.9,3788.76,Paid,Europe
AR-INV-22608,CUST-2031,EMP-129,2025-10-25,2025-11-24,2025-12-25,5142.67,257.13,0.05,4885.54,2696.11,Paid,Asia Pacific
AR-INV-22612,CUST-2026,EMP-103,2025-10-26,2025-11-25,2025-12-11,18711.63,0.0,0.0,18711.63,9344.44,Paid,Europe
AR-INV-22613,CUST-2013,EMP-130,2025-10-26,2025-11-25,2025-12-02,4498.47,0.0,0.0,4498.47,2246.59,Paid,Europe
AR-INV-22614,CUST-2004,EMP-129,2025-10-26,2025-11-25,2025-12-28,7598.21,227.95,0.03,7370.26,4112.24,Paid,Europe
AR-INV-22615,CUST-2003,EMP-129,2025-10-27,2025-11-26,2025-12-28,18333.28,916.66,0.05,17416.62,10144.39,Paid,North America
AR-INV-22616,CUST-2038,EMP-125,2025-10-27,2025-11-26,2025-12-14,9495.77,474.79,0.05,9020.98,4885.82,Paid,North America
AR-INV-22617,CUST-2031,EMP-129,2025-10-27,2025-11-26,2025-11-30,11343.87,0.0,0.0,11343.87,4837.6,Paid,Asia Pacific
AR-INV-22618,CUST-2047,EMP-129,2025-10-27,2025-11-26,2025-11-30,26777.28,1338.86,0.05,25438.42,14895.81,Paid,Asia Pacific
AR-INV-22621,CUST-2027,EMP-129,2025-10-28,2025-11-27,2025-11-16,17230.66,861.53,0.05,16369.13,8105.89,Paid,North America
AR-INV-22619,CUST-2029,EMP-133,2025-10-28,2025-11-27,2025-11-29,16720.74,501.62,0.03,16219.12,7022.94,Paid,Europe
AR-INV-22620,CUST-2032,EMP-120,2025-10-28,2025-11-27,2025-12-16,9786.16,0.0,0.0,9786.16,5284.2,Paid,Europe
AR-INV-22627,CUST-2017,EMP-103,2025-10-29,2025-11-28,,7900.84,237.03,0.03,7663.81,3411.11,Overdue,Latin America
AR-INV-22622,CUST-2001,EMP-130,2025-10-29,2025-11-28,2025-11-17,9914.32,495.72,0.05,9418.6,4820.01,Paid,North America
AR-INV-22623,CUST-2050,EMP-125,2025-10-29,2025-11-28,2025-11-15,8964.49,0.0,0.0,8964.49,4440.96,Paid,Asia Pacific
AR-INV-22624,CUST-2045,EMP-125,2025-10-29,2025-11-28,2025-11-18,10286.75,822.94,0.08,9463.81,5925.15,Paid,Latin America
AR-INV-22625,CUST-2031,EMP-130,2025-10-29,2025-11-28,2025-12-17,8358.09,0.0,0.0,8358.09,4389.55,Paid,Asia Pacific
AR-INV-22626,CUST-2038,EMP-133,2025-10-29,2025-11-28,2025-11-25,6977.56,0.0,0.0,6977.56,3323.19,Paid,North America
AR-INV-22630,CUST-2046,EMP-125,2025-10-30,2025-11-29,2025-12-22,14318.1,0.0,0.0,14318.1,6851.49,Paid,North America
AR-INV-22631,CUST-2043,EMP-103,2025-10-30,2025-11-29,2025-12-15,15345.75,1227.66,0.08,14118.09,6560.35,Paid,Europe
AR-INV-22628,CUST-2023,EMP-133,2025-10-30,2025-11-29,2025-12-31,7436.94,223.11,0.03,7213.83,3217.58,Paid,Asia Pacific
AR-INV-22629,CUST-2007,EMP-133,2025-10-30,2025-11-29,2025-12-01,5819.75,465.58,0.08,5354.17,2865.08,Paid,Asia Pacific
AR-INV-22632,CUST-2001,EMP-103,2025-10-31,2025-11-30,2025-11-15,9028.4,0.0,0.0,9028.4,4641.08,Paid,North America
AR-INV-22633,CUST-2046,EMP-133,2025-10-31,2025-11-30,2025-12-19,27872.99,0.0,0.0,27872.99,13097.0,Paid,North America
AR-INV-22634,CUST-2018,EMP-103,2025-10-31,2025-11-30,,20071.36,2007.14,0.1,18064.22,9228.47,Bad Debt Written Off,Asia Pacific
AR-INV-22635,CUST-2035,EMP-129,2025-10-31,2025-11-30,2025-11-16,14159.46,0.0,0.0,14159.46,7769.06,Paid,Europe
AR-INV-22636,CUST-2044,EMP-129,2025-10-31,2025-11-30,2025-11-25,16377.52,491.33,0.03,15886.19,7910.1,Paid,North America
AR-INV-22641,CUST-2006,EMP-120,2025-11-01,2025-12-01,2025-12-24,37229.36,0.0,0.0,37229.36,18241.37,Paid,North America
AR-INV-22639,CUST-2048,EMP-103,2025-11-01,2025-12-01,2025-11-16,7110.88,355.54,0.05,6755.34,3594.33,Paid,Latin America
AR-INV-22640,CUST-2010,EMP-120,2025-11-01,2025-12-01,2025-12-07,24703.16,0.0,0.0,24703.16,12778.77,Paid,North America
AR-INV-22637,CUST-2048,EMP-130,2025-11-01,2025-12-01,2025-12-20,4768.0,0.0,0.0,4768.0,2394.48,Paid,Latin America
AR-INV-22638,CUST-2036,EMP-120,2025-11-01,2025-12-01,2025-12-30,19067.01,953.35,0.05,18113.66,8858.38,Paid,North America
AR-INV-22642,CUST-2014,EMP-130,2025-11-02,2025-12-02,2025-11-25,31076.42,0.0,0.0,31076.42,16636.24,Paid,North America
AR-INV-22643,CUST-2013,EMP-103,2025-11-02,2025-12-02,2025-12-16,14424.83,1153.99,0.08,13270.84,7454.52,Paid,Europe
AR-INV-22644,CUST-2020,EMP-133,2025-11-02,2025-12-02,2025-12-19,15598.56,1247.88,0.08,14350.68,7807.11,Paid,North America
AR-INV-22650,CUST-2025,EMP-120,2025-11-03,2025-12-03,2025-12-05,15424.91,0.0,0.0,15424.91,7305.94,Paid,Latin America
AR-INV-22645,CUST-2049,EMP-120,2025-11-03,2025-12-03,2025-12-26,16094.68,482.84,0.03,15611.84,8061.73,Paid,Asia Pacific
AR-INV-22646,CUST-2036,EMP-120,2025-11-03,2025-12-03,2025-11-28,8715.34,871.53,0.1,7843.81,3719.79,Paid,North America
AR-INV-22647,CUST-2003,EMP-130,2025-11-03,2025-12-03,2025-12-27,13933.99,696.7,0.05,13237.29,7188.79,Paid,North America
AR-INV-22648,CUST-2006,EMP-125,2025-11-03,2025-12-03,2025-12-28,6530.37,326.52,0.05,6203.85,3601.97,Paid,North America
AR-INV-22649,CUST-2019,EMP-129,2025-11-03,2025-12-03,2025-11-27,24396.57,0.0,0.0,24396.57,11026.05,Paid,Asia Pacific
AR-INV-22654,CUST-2010,EMP-103,2025-11-04,2025-12-04,2025-12-19,4910.25,0.0,0.0,4910.25,2534.18,Paid,North America
AR-INV-22653,CUST-2003,EMP-133,2025-11-04,2025-12-04,,8066.69,806.67,0.1,7260.02,4418.89,Overdue,North America
AR-INV-22652,CUST-2012,EMP-130,2025-11-04,2025-12-04,2025-12-14,10851.48,0.0,0.0,10851.48,5588.95,Paid,North America
AR-INV-22651,CUST-2036,EMP-103,2025-11-04,2025-12-04,2025-12-04,19930.11,0.0,0.0,19930.11,10922.79,Paid,North America
AR-INV-22655,CUST-2031,EMP-120,2025-11-05,2025-12-05,2025-12-07,7258.44,725.84,0.1,6532.6,3470.53,Paid,Asia Pacific
AR-INV-22656,CUST-2019,EMP-120,2025-11-05,2025-12-05,2025-11-23,9779.97,489.0,0.05,9290.97,5607.57,Paid,Asia Pacific
AR-INV-22657,CUST-2035,EMP-130,2025-11-05,2025-12-05,2025-12-30,15679.93,1254.39,0.08,14425.54,8523.8,Paid,Europe
AR-INV-22658,CUST-2013,EMP-103,2025-11-05,2025-12-05,2025-12-14,13000.9,390.03,0.03,12610.87,5592.52,Paid,Europe
AR-INV-22663,CUST-2048,EMP-120,2025-11-06,2025-12-06,2025-11-22,11898.0,0.0,0.0,11898.0,6014.91,Paid,Latin America
AR-INV-22661,CUST-2027,EMP-129,2025-11-06,2025-12-06,2025-12-27,9851.51,0.0,0.0,9851.51,5245.93,Paid,North America
AR-INV-22662,CUST-2025,EMP-103,2025-11-06,2025-12-06,2025-11-29,15179.63,0.0,0.0,15179.63,8746.44,Paid,Latin America
AR-INV-22659,CUST-2040,EMP-125,2025-11-06,2025-12-06,2025-12-08,12007.37,0.0,0.0,12007.37,5511.63,Paid,North America
AR-INV-22660,CUST-2027,EMP-120,2025-11-06,2025-12-06,2025-11-29,15157.81,757.89,0.05,14399.92,8786.2,Paid,North America
AR-INV-22664,CUST-2032,EMP-125,2025-11-07,2025-12-07,2025-12-16,11601.03,928.08,0.08,10672.95,4883.45,Paid,Europe
AR-INV-22665,CUST-2034,EMP-120,2025-11-07,2025-12-07,2025-11-25,6946.39,0.0,0.0,6946.39,3949.02,Paid,Asia Pacific
AR-INV-22666,CUST-2026,EMP-129,2025-11-07,2025-12-07,2025-12-19,8698.2,0.0,0.0,8698.2,4204.1,Paid,Europe
AR-INV-22671,CUST-2041,EMP-103,2025-11-08,2025-12-08,2025-12-31,12914.37,0.0,0.0,12914.37,5703.51,Paid,Europe
AR-INV-22667,CUST-2024,EMP-103,2025-11-08,2025-12-08,,3401.71,0.0,0.0,3401.71,1717.67,Overdue,Asia Pacific
AR-INV-22668,CUST-2042,EMP-130,2025-11-08,2025-12-08,,6396.11,191.88,0.03,6204.23,3543.36,Bad Debt Written Off,Europe
AR-INV-22669,CUST-2038,EMP-103,2025-11-08,2025-12-08,2025-11-25,18029.08,0.0,0.0,18029.08,8196.32,Paid,North America
AR-INV-22670,CUST-2038,EMP-103,2025-11-08,2025-12-08,,6820.94,682.09,0.1,6138.85,2928.86,Overdue,North America
AR-INV-22674,CUST-2037,EMP-130,2025-11-09,2025-12-09,2025-11-26,13432.53,671.63,0.05,12760.9,7724.62,Paid,Asia Pacific
AR-INV-22672,CUST-2011,EMP-130,2025-11-09,2025-12-09,,6484.14,0.0,0.0,6484.14,3701.41,Overdue,North America
AR-INV-22673,CUST-2037,EMP-120,2025-11-09,2025-12-09,2025-12-01,16546.24,827.31,0.05,15718.93,7920.14,Paid,Asia Pacific
AR-INV-22675,CUST-2046,EMP-125,2025-11-10,2025-12-10,2025-12-24,5112.38,153.37,0.03,4959.01,2256.03,Paid,North America
AR-INV-22676,CUST-2023,EMP-120,2025-11-10,2025-12-10,2025-12-11,17086.11,1366.89,0.08,15719.22,8984.8,Paid,Asia Pacific
AR-INV-22677,CUST-2041,EMP-125,2025-11-11,2025-12-11,2025-12-14,19850.13,1985.01,0.1,17865.12,8476.31,Paid,Europe
AR-INV-22678,CUST-2048,EMP-125,2025-11-11,2025-12-11,2025-12-14,6574.29,657.43,0.1,5916.86,3057.32,Paid,Latin America
AR-INV-22679,CUST-2022,EMP-129,2025-11-11,2025-12-11,2025-11-27,9161.14,274.83,0.03,8886.31,4029.96,Paid,Latin America
AR-INV-22680,CUST-2041,EMP-125,2025-11-11,2025-12-11,2025-12-20,5891.22,0.0,0.0,5891.22,2990.88,Paid,Europe
AR-INV-22681,CUST-2023,EMP-130,2025-11-11,2025-12-11,2025-12-14,16163.44,0.0,0.0,16163.44,7335.26,Paid,Asia Pacific
AR-INV-22683,CUST-2024,EMP-129,2025-11-12,2025-12-12,2025-11-30,10658.08,0.0,0.0,10658.08,5527.76,Paid,Asia Pacific
AR-INV-22682,CUST-2026,EMP-120,2025-11-12,2025-12-12,,10696.96,0.0,0.0,10696.96,4780.04,Bad Debt Written Off,Europe
AR-INV-22684,CUST-2021,EMP-130,2025-11-12,2025-12-12,2025-12-23,9723.83,291.71,0.03,9432.12,4102.79,Paid,Europe
AR-INV-22685,CUST-2007,EMP-120,2025-11-12,2025-12-12,2025-12-24,20363.36,1018.17,0.05,19345.19,9561.32,Paid,Asia Pacific
AR-INV-22686,CUST-2002,EMP-120,2025-11-12,2025-12-12,,29709.67,0.0,0.0,29709.67,14611.98,Overdue,North America
AR-INV-22690,CUST-2006,EMP-120,2025-11-13,2025-12-13,2025-12-25,7437.89,223.14,0.03,7214.75,3235.65,Paid,North America
AR-INV-22689,CUST-2044,EMP-103,2025-11-13,2025-12-13,,8008.19,0.0,0.0,8008.19,3658.65,Bad Debt Written Off,North America
AR-INV-22691,CUST-2004,EMP-133,2025-11-13,2025-12-13,2025-12-21,7004.21,210.13,0.03,6794.08,3582.88,Paid,Europe
AR-INV-22687,CUST-2026,EMP-103,2025-11-13,2025-12-13,2025-12-02,20023.16,0.0,0.0,20023.16,9541.66,Paid,Europe
AR-INV-22688,CUST-2024,EMP-125,2025-11-13,2025-12-13,2025-12-10,16402.76,0.0,0.0,16402.76,7075.51,Paid,Asia Pacific
AR-INV-22693,CUST-2020,EMP-120,2025-11-14,2025-12-14,2025-12-23,8239.62,247.19,0.03,7992.43,3535.28,Paid,North America
AR-INV-22694,CUST-2017,EMP-130,2025-11-14,2025-12-14,,14699.26,734.96,0.05,13964.3,6676.51,Overdue,Latin America
AR-INV-22692,CUST-2017,EMP-133,2025-11-14,2025-12-14,2025-12-19,8699.14,0.0,0.0,8699.14,3995.06,Paid,Latin America
AR-INV-22698,CUST-2046,EMP-120,2025-11-15,2025-12-15,2025-12-24,16600.27,498.01,0.03,16102.26,8113.38,Paid,North America
AR-INV-22697,CUST-2037,EMP-125,2025-11-15,2025-12-15,2025-12-19,3257.82,0.0,0.0,3257.82,1870.99,Paid,Asia Pacific
AR-INV-22695,CUST-2030,EMP-125,2025-11-15,2025-12-15,2025-12-07,4365.84,0.0,0.0,4365.84,2338.47,Paid,Europe
AR-INV-22696,CUST-2037,EMP-130,2025-11-15,2025-12-15,,8545.35,0.0,0.0,8545.35,4468.17,Bad Debt Written Off,Asia Pacific
AR-INV-22703,CUST-2035,EMP-133,2025-11-16,2025-12-16,,4769.04,0.0,0.0,4769.04,2007.56,Overdue,Europe
AR-INV-22702,CUST-2048,EMP-130,2025-11-16,2025-12-16,,3293.68,98.81,0.03,3194.87,1633.16,Overdue,Latin America
AR-INV-22699,CUST-2036,EMP-129,2025-11-16,2025-12-16,,8605.54,0.0,0.0,8605.54,4058.05,Overdue,North America
AR-INV-22700,CUST-2017,EMP-130,2025-11-16,2025-12-16,,24126.69,1206.33,0.05,22920.36,11908.96,Overdue,Latin America
AR-INV-22701,CUST-2024,EMP-130,2025-11-16,2025-12-16,2025-12-16,15216.79,456.5,0.03,14760.29,8270.62,Paid,Asia Pacific
AR-INV-22704,CUST-2011,EMP-103,2025-11-17,2025-12-17,2025-12-17,8449.96,253.5,0.03,8196.46,4133.7,Paid,North America
AR-INV-22705,CUST-2014,EMP-129,2025-11-17,2025-12-17,,30062.09,2404.97,0.08,27657.12,13317.06,Bad Debt Written Off,North America
AR-INV-22706,CUST-2045,EMP-120,2025-11-17,2025-12-17,2025-12-15,6129.62,0.0,0.0,6129.62,3243.91,Paid,Latin America
AR-INV-22707,CUST-2037,EMP-120,2025-11-17,2025-12-17,,11692.23,0.0,0.0,11692.23,4985.41,Overdue,Asia Pacific
AR-INV-22708,CUST-2049,EMP-129,2025-11-18,2025-12-18,,17938.02,896.9,0.05,17041.12,10216.84,Overdue,Asia Pacific
AR-INV-22709,CUST-2040,EMP-125,2025-11-18,2025-12-18,2025-12-31,20252.93,1012.65,0.05,19240.28,9343.2,Paid,North America
AR-INV-22710,CUST-2031,EMP-129,2025-11-18,2025-12-18,2025-12-17,9729.73,291.89,0.03,9437.84,5190.4,Paid,Asia Pacific
AR-INV-22715,CUST-2032,EMP-130,2025-11-19,2025-12-19,2025-12-13,3571.7,0.0,0.0,3571.7,1837.85,Paid,Europe
AR-INV-22713,CUST-2005,EMP-120,2025-11-19,2025-12-19,2025-12-15,17341.07,520.23,0.03,16820.84,7915.72,Paid,North America
AR-INV-22714,CUST-2034,EMP-133,2025-11-19,2025-12-19,2025-12-23,14905.98,0.0,0.0,14905.98,6767.12,Paid,Asia Pacific
AR-INV-22711,CUST-2022,EMP-130,2025-11-19,2025-12-19,,5763.13,0.0,0.0,5763.13,2546.53,Overdue,Latin America
AR-INV-22712,CUST-2002,EMP-125,2025-11-19,2025-12-19,2025-12-04,10440.38,0.0,0.0,10440.38,5535.47,Paid,North America
AR-INV-22716,CUST-2001,EMP-130,2025-11-20,2025-12-20,2025-12-10,4093.58,122.81,0.03,3970.77,2256.3,Paid,North America
AR-INV-22717,CUST-2022,EMP-133,2025-11-20,2025-12-20,2025-12-29,4385.35,219.27,0.05,4166.08,1930.84,Paid,Latin America
AR-INV-22718,CUST-2004,EMP-120,2025-11-20,2025-12-20,,17682.13,0.0,0.0,17682.13,9034.56,Bad Debt Written Off,Europe
AR-INV-22719,CUST-2005,EMP-129,2025-11-20,2025-12-20,2025-12-06,5013.37,150.4,0.03,4862.97,2283.0,Paid,North America
AR-INV-22720,CUST-2001,EMP-130,2025-11-20,2025-12-20,2025-12-20,4687.07,234.35,0.05,4452.72,2559.97,Paid,North America
AR-INV-22721,CUST-2010,EMP-129,2025-11-21,2025-12-21,,11046.78,552.34,0.05,10494.44,5404.08,Bad Debt Written Off,North America
AR-INV-22722,CUST-2050,EMP-129,2025-11-21,2025-12-21,,17279.57,1382.37,0.08,15897.2,8619.78,Overdue,Asia Pacific
AR-INV-22723,CUST-2014,EMP-129,2025-11-21,2025-12-21,,22787.66,1823.01,0.08,20964.65,11080.88,Bad Debt Written Off,North America
AR-INV-22727,CUST-2020,EMP-129,2025-11-22,2025-12-22,2025-12-09,7939.66,238.19,0.03,7701.47,3442.4,Paid,North America
AR-INV-22726,CUST-2025,EMP-103,2025-11-22,2025-12-22,,3424.68,0.0,0.0,3424.68,1609.98,Bad Debt Written Off,Latin America
AR-INV-22724,CUST-2003,EMP-120,2025-11-22,2025-12-22,,5178.43,155.35,0.03,5023.08,2422.46,Overdue,North America
AR-INV-22725,CUST-2029,EMP-103,2025-11-22,2025-12-22,2025-12-22,29118.85,0.0,0.0,29118.85,13914.18,Paid,Europe
AR-INV-22728,CUST-2046,EMP-133,2025-11-23,2025-12-23,,14118.44,705.92,0.05,13412.52,6228.55,Overdue,North America
AR-INV-22729,CUST-2002,EMP-130,2025-11-23,2025-12-23,,5600.88,168.03,0.03,5432.85,2741.59,Overdue,North America
AR-INV-22730,CUST-2033,EMP-129,2025-11-23,2025-12-23,2025-12-31,8870.18,266.11,0.03,8604.07,4321.9,Paid,Asia Pacific
AR-INV-22731,CUST-2037,EMP-103,2025-11-23,2025-12-23,2025-12-18,8128.99,406.45,0.05,7722.54,3973.06,Paid,Asia Pacific
AR-INV-22732,CUST-2003,EMP-129,2025-11-24,2025-12-24,,3798.64,189.93,0.05,3608.71,1711.46,Bad Debt Written Off,North America
AR-INV-22733,CUST-2023,EMP-130,2025-11-24,2025-12-24,,10155.76,507.79,0.05,9647.97,5580.91,Overdue,Asia Pacific
AR-INV-22735,CUST-2039,EMP-120,2025-11-25,2025-12-25,,6370.95,191.13,0.03,6179.82,2888.71,Overdue,Asia Pacific
AR-INV-22734,CUST-2047,EMP-103,2025-11-25,2025-12-25,2025-12-30,6973.55,0.0,0.0,6973.55,3428.55,Paid,Asia Pacific
AR-INV-22736,CUST-2038,EMP-130,2025-11-25,2025-12-25,,8159.8,407.99,0.05,7751.81,4314.11,Bad Debt Written Off,North America
AR-INV-22737,CUST-2035,EMP-130,2025-11-25,2025-12-25,,19967.46,0.0,0.0,19967.46,11572.36,Overdue,Europe
AR-INV-22738,CUST-2017,EMP-125,2025-11-25,2025-12-25,2025-12-12,17659.29,1412.74,0.08,16246.55,8846.84,Paid,Latin America
AR-INV-22739,CUST-2038,EMP-130,2025-11-25,2025-12-25,2025-12-30,2485.97,74.58,0.03,2411.39,1169.4,Paid,North America
AR-INV-22740,CUST-2019,EMP-125,2025-11-26,2025-12-26,2025-12-20,15828.57,791.43,0.05,15037.14,8324.15,Paid,Asia Pacific
AR-INV-22741,CUST-2027,EMP-120,2025-11-26,2025-12-26,,5488.14,0.0,0.0,5488.14,2417.03,Overdue,North America
AR-INV-22746,CUST-2028,EMP-130,2025-11-27,2025-12-27,2025-12-22,12965.29,648.26,0.05,12317.03,7352.27,Paid,Europe
AR-INV-22747,CUST-2009,EMP-129,2025-11-27,2025-12-27,,8406.8,420.34,0.05,7986.46,4838.51,Overdue,North America
AR-INV-22745,CUST-2017,EMP-103,2025-11-27,2025-12-27,,8207.69,0.0,0.0,8207.69,3543.4,Overdue,Latin America
AR-INV-22744,CUST-2043,EMP-103,2025-11-27,2025-12-27,,14828.87,0.0,0.0,14828.87,6912.19,Overdue,Europe
AR-INV-22743,CUST-2038,EMP-130,2025-11-27,2025-12-27,,5676.37,454.11,0.08,5222.26,2868.76,Overdue,North America
AR-INV-22742,CUST-2017,EMP-120,2025-11-27,2025-12-27,,24713.46,0.0,0.0,24713.46,10778.41,Bad Debt Written Off,Latin America
AR-INV-22748,CUST-2020,EMP-129,2025-11-28,2025-12-28,2025-12-23,5135.11,256.76,0.05,4878.35,2920.15,Paid,North America
AR-INV-22749,CUST-2022,EMP-120,2025-11-28,2025-12-28,,6508.25,325.41,0.05,6182.84,3510.83,Overdue,Latin America
AR-INV-22750,CUST-2005,EMP-125,2025-11-28,2025-12-28,2025-12-21,3554.75,177.74,0.05,3377.01,1792.36,Paid,North America
AR-INV-22751,CUST-2014,EMP-120,2025-11-28,2025-12-28,,18278.81,548.36,0.03,17730.45,9274.04,Overdue,North America
AR-INV-22752,CUST-2022,EMP-130,2025-11-28,2025-12-28,2025-12-17,15577.76,467.33,0.03,15110.43,8655.8,Paid,Latin America
AR-INV-22753,CUST-2025,EMP-125,2025-11-28,2025-12-28,,12142.14,0.0,0.0,12142.14,6454.82,Overdue,Latin America
AR-INV-22757,CUST-2029,EMP-125,2025-11-29,2025-12-29,,7331.11,0.0,0.0,7331.11,3988.18,Overdue,Europe
AR-INV-22756,CUST-2026,EMP-103,2025-11-29,2025-12-29,,11423.44,571.17,0.05,10852.27,5391.07,Bad Debt Written Off,Europe
AR-INV-22754,CUST-2017,EMP-125,2025-11-29,2025-12-29,,12639.88,379.2,0.03,12260.68,6119.35,Bad Debt Written Off,Latin America
AR-INV-22755,CUST-2037,EMP-125,2025-11-29,2025-12-29,2025-12-31,5947.28,178.42,0.03,5768.86,3325.57,Paid,Asia Pacific
AR-INV-22762,CUST-2029,EMP-130,2025-11-30,2025-12-30,,10095.84,302.88,0.03,9792.96,5776.57,Overdue,Europe
AR-INV-22758,CUST-2035,EMP-129,2025-11-30,2025-12-30,,27664.84,2766.48,0.1,24898.36,15409.61,Overdue,Europe
AR-INV-22759,CUST-2013,EMP-120,2025-11-30,2025-12-30,,12734.0,636.7,0.05,12097.3,5451.57,Overdue,Europe
AR-INV-22760,CUST-2037,EMP-129,2025-11-30,2025-12-30,2025-12-23,6769.8,203.09,0.03,6566.71,3259.46,Paid,Asia Pacific
AR-INV-22761,CUST-2001,EMP-103,2025-11-30,2025-12-30,,8494.95,254.85,0.03,8240.1,4052.2,Bad Debt Written Off,North America
AR-INV-22766,CUST-2034,EMP-120,2025-12-01,2025-12-31,,15974.99,0.0,0.0,15974.99,8720.8,Outstanding,Asia Pacific
AR-INV-22765,CUST-2031,EMP-120,2025-12-01,2025-12-31,,13152.83,0.0,0.0,13152.83,5538.6,Outstanding,Asia Pacific
AR-INV-22763,CUST-2034,EMP-120,2025-12-01,2025-12-31,,8161.65,0.0,0.0,8161.65,4409.39,Outstanding,Asia Pacific
AR-INV-22764,CUST-2032,EMP-133,2025-12-01,2025-12-31,,5763.11,0.0,0.0,5763.11,3311.31,Outstanding,Europe
AR-INV-22767,CUST-2009,EMP-133,2025-12-02,2026-01-01,,16685.8,834.29,0.05,15851.51,7962.23,Outstanding,North America
AR-INV-22768,CUST-2025,EMP-133,2025-12-02,2026-01-01,2025-12-28,14875.4,0.0,0.0,14875.4,6501.17,Paid,Latin America
AR-INV-22769,CUST-2017,EMP-133,2025-12-02,2026-01-01,,5829.3,0.0,0.0,5829.3,3166.33,Outstanding,Latin America
AR-INV-22770,CUST-2040,EMP-120,2025-12-02,2026-01-01,2025-12-29,14907.51,1192.6,0.08,13714.91,6272.93,Paid,North America
AR-INV-22771,CUST-2013,EMP-125,2025-12-02,2026-01-01,,14873.56,446.21,0.03,14427.35,7518.67,Outstanding,Europe
AR-INV-22773,CUST-2047,EMP-103,2025-12-03,2026-01-02,,17393.43,521.8,0.03,16871.63,9972.23,Outstanding,Asia Pacific
AR-INV-22772,CUST-2050,EMP-129,2025-12-03,2026-01-02,2025-12-20,13358.8,667.94,0.05,12690.86,7364.62,Paid,Asia Pacific
AR-INV-22776,CUST-2022,EMP-130,2025-12-04,2026-01-03,,16527.79,0.0,0.0,16527.79,8558.65,Outstanding,Latin America
AR-INV-22775,CUST-2033,EMP-130,2025-12-04,2026-01-03,,8675.9,260.28,0.03,8415.62,3884.52,Outstanding,Asia Pacific
AR-INV-22774,CUST-2040,EMP-133,2025-12-04,2026-01-03,,6981.37,349.07,0.05,6632.3,3231.29,Outstanding,North America
AR-INV-22777,CUST-2039,EMP-133,2025-12-05,2026-01-04,,9993.43,499.67,0.05,9493.76,4537.16,Outstanding,Asia Pacific
AR-INV-22778,CUST-2038,EMP-103,2025-12-05,2026-01-04,2025-12-24,7435.15,223.05,0.03,7212.1,3638.18,Paid,North America
AR-INV-22779,CUST-2039,EMP-120,2025-12-05,2026-01-04,,12262.4,367.87,0.03,11894.53,6853.22,Outstanding,Asia Pacific
AR-INV-22783,CUST-2023,EMP-120,2025-12-06,2026-01-05,,6721.96,336.1,0.05,6385.86,3352.53,Outstanding,Asia Pacific
AR-INV-22782,CUST-2001,EMP-133,2025-12-06,2026-01-05,,28111.24,0.0,0.0,28111.24,11996.7,Outstanding,North America
AR-INV-22784,CUST-2001,EMP-125,2025-12-06,2026-01-05,,9690.77,0.0,0.0,9690.77,5062.8,Outstanding,North America
AR-INV-22780,CUST-2009,EMP-133,2025-12-06,2026-01-05,,20124.1,0.0,0.0,20124.1,8944.3,Outstanding,North America
AR-INV-22781,CUST-2008,EMP-129,2025-12-06,2026-01-05,,7113.07,0.0,0.0,7113.07,3681.03,Outstanding,Europe
AR-INV-22788,CUST-2042,EMP-103,2025-12-07,2026-01-06,,4524.94,226.25,0.05,4298.69,2602.35,Outstanding,Europe
AR-INV-22787,CUST-2001,EMP-129,2025-12-07,2026-01-06,2025-12-31,17294.42,864.72,0.05,16429.7,7958.13,Paid,North America
AR-INV-22785,CUST-2044,EMP-103,2025-12-07,2026-01-06,,22448.61,1795.89,0.08,20652.72,11527.73,Outstanding,North America
AR-INV-22786,CUST-2049,EMP-125,2025-12-07,2026-01-06,,10503.21,0.0,0.0,10503.21,5516.89,Outstanding,Asia Pacific
AR-INV-22789,CUST-2039,EMP-129,2025-12-08,2026-01-07,2025-12-24,8083.22,0.0,0.0,8083.22,3757.55,Paid,Asia Pacific
AR-INV-22790,CUST-2030,EMP-129,2025-12-08,2026-01-07,,11349.52,567.48,0.05,10782.04,5045.66,Outstanding,Europe
AR-INV-22791,CUST-2007,EMP-125,2025-12-08,2026-01-07,,4188.55,209.43,0.05,3979.12,2204.84,Outstanding,Asia Pacific
AR-INV-22792,CUST-2019,EMP-125,2025-12-08,2026-01-07,,4954.32,148.63,0.03,4805.69,2368.22,Outstanding,Asia Pacific
AR-INV-22793,CUST-2008,EMP-130,2025-12-08,2026-01-07,,15260.95,0.0,0.0,15260.95,7663.4,Outstanding,Europe
AR-INV-22794,CUST-2048,EMP-133,2025-12-08,2026-01-07,,9023.11,902.31,0.1,8120.8,4781.15,Outstanding,Latin America
AR-INV-22795,CUST-2001,EMP-125,2025-12-09,2026-01-08,,7998.76,239.96,0.03,7758.8,4285.94,Outstanding,North America
AR-INV-22796,CUST-2021,EMP-130,2025-12-09,2026-01-08,,8275.37,248.26,0.03,8027.11,4000.55,Outstanding,Europe
AR-INV-22797,CUST-2018,EMP-103,2025-12-09,2026-01-08,,25145.35,754.36,0.03,24390.99,11201.44,Outstanding,Asia Pacific
AR-INV-22802,CUST-2001,EMP-120,2025-12-10,2026-01-09,,10457.34,313.72,0.03,10143.62,5803.28,Outstanding,North America
AR-INV-22801,CUST-2014,EMP-103,2025-12-10,2026-01-09,,4092.79,204.64,0.05,3888.15,2009.37,Outstanding,North America
AR-INV-22798,CUST-2011,EMP-120,2025-12-10,2026-01-09,,17275.14,0.0,0.0,17275.14,9032.34,Outstanding,North America
AR-INV-22799,CUST-2036,EMP-120,2025-12-10,2026-01-09,,14572.59,728.63,0.05,13843.96,7884.92,Outstanding,North America
AR-INV-22800,CUST-2030,EMP-120,2025-12-10,2026-01-09,,9889.07,494.45,0.05,9394.62,4616.27,Outstanding,Europe
AR-INV-22803,CUST-2042,EMP-130,2025-12-11,2026-01-10,,8708.43,0.0,0.0,8708.43,3786.11,Outstanding,Europe
AR-INV-22804,CUST-2049,EMP-103,2025-12-11,2026-01-10,,3719.39,111.58,0.03,3607.81,1860.08,Outstanding,Asia Pacific
AR-INV-22805,CUST-2050,EMP-129,2025-12-11,2026-01-10,,26161.22,2092.9,0.08,24068.32,14434.0,Outstanding,Asia Pacific
AR-INV-22806,CUST-2037,EMP-133,2025-12-11,2026-01-10,2025-12-27,16744.28,502.33,0.03,16241.95,8502.77,Paid,Asia Pacific
AR-INV-22812,CUST-2035,EMP-130,2025-12-12,2026-01-11,,12982.78,389.48,0.03,12593.3,5568.32,Outstanding,Europe
AR-INV-22811,CUST-2028,EMP-133,2025-12-12,2026-01-11,,8142.65,407.13,0.05,7735.52,4557.18,Outstanding,Europe
AR-INV-22810,CUST-2037,EMP-103,2025-12-12,2026-01-11,,8585.53,0.0,0.0,8585.53,4722.11,Outstanding,Asia Pacific
AR-INV-22808,CUST-2042,EMP-120,2025-12-12,2026-01-11,,3543.87,0.0,0.0,3543.87,1842.63,Outstanding,Europe
AR-INV-22807,CUST-2010,EMP-129,2025-12-12,2026-01-11,,13737.28,0.0,0.0,13737.28,7363.03,Outstanding,North America
AR-INV-22809,CUST-2002,EMP-129,2025-12-12,2026-01-11,,19055.33,1524.43,0.08,17530.9,8698.37,Outstanding,North America
AR-INV-22813,CUST-2030,EMP-120,2025-12-13,2026-01-12,,11363.57,340.91,0.03,11022.66,6051.36,Outstanding,Europe
AR-INV-22814,CUST-2041,EMP-120,2025-12-13,2026-01-12,,4643.23,139.3,0.03,4503.93,2183.4,Outstanding,Europe
AR-INV-22815,CUST-2038,EMP-125,2025-12-13,2026-01-12,,9143.23,0.0,0.0,9143.23,5037.62,Outstanding,North America
AR-INV-22816,CUST-2044,EMP-103,2025-12-14,2026-01-13,,4787.29,239.36,0.05,4547.93,2584.33,Outstanding,North America
AR-INV-22817,CUST-2033,EMP-103,2025-12-14,2026-01-13,,5003.53,0.0,0.0,5003.53,2153.36,Outstanding,Asia Pacific
AR-INV-22818,CUST-2039,EMP-103,2025-12-14,2026-01-13,,13271.73,398.15,0.03,12873.58,6216.48,Outstanding,Asia Pacific
AR-INV-22819,CUST-2039,EMP-130,2025-12-14,2026-01-13,,10520.69,315.62,0.03,10205.07,4700.89,Outstanding,Asia Pacific
AR-INV-22822,CUST-2006,EMP-129,2025-12-15,2026-01-14,,24298.23,0.0,0.0,24298.23,11757.03,Outstanding,North America
AR-INV-22820,CUST-2017,EMP-125,2025-12-15,2026-01-14,,22669.67,680.09,0.03,21989.58,11012.11,Outstanding,Latin America
AR-INV-22821,CUST-2002,EMP-129,2025-12-15,2026-01-14,,6013.18,601.32,0.1,5411.86,3184.82,Outstanding,North America
AR-INV-22823,CUST-2041,EMP-130,2025-12-16,2026-01-15,,7211.18,216.34,0.03,6994.84,3757.93,Outstanding,Europe
AR-INV-22824,CUST-2048,EMP-103,2025-12-16,2026-01-15,,7843.64,235.31,0.03,7608.33,4307.45,Outstanding,Latin America
AR-INV-22825,CUST-2010,EMP-125,2025-12-16,2026-01-15,,6357.14,190.71,0.03,6166.43,3219.28,Outstanding,North America
AR-INV-22826,CUST-2042,EMP-103,2025-12-17,2026-01-16,,12332.94,369.99,0.03,11962.95,5443.89,Outstanding,Europe
AR-INV-22827,CUST-2042,EMP-120,2025-12-17,2026-01-16,,15415.85,0.0,0.0,15415.85,7465.69,Outstanding,Europe
AR-INV-22828,CUST-2049,EMP-125,2025-12-17,2026-01-16,,7052.29,0.0,0.0,7052.29,3095.58,Outstanding,Asia Pacific
AR-INV-22832,CUST-2020,EMP-125,2025-12-18,2026-01-17,,13925.06,1114.0,0.08,12811.06,7901.24,Outstanding,North America
AR-INV-22831,CUST-2046,EMP-125,2025-12-18,2026-01-17,,10791.84,539.59,0.05,10252.25,5999.46,Outstanding,North America
AR-INV-22829,CUST-2015,EMP-120,2025-12-18,2026-01-17,,21827.33,1091.37,0.05,20735.96,11226.16,Outstanding,Latin America
AR-INV-22830,CUST-2025,EMP-125,2025-12-18,2026-01-17,,5788.54,173.66,0.03,5614.88,2645.1,Outstanding,Latin America
AR-INV-22833,CUST-2003,EMP-120,2025-12-19,2026-01-18,,17215.06,516.45,0.03,16698.61,8498.02,Outstanding,North America
AR-INV-22834,CUST-2027,EMP-125,2025-12-19,2026-01-18,,20638.98,1031.95,0.05,19607.03,11524.91,Outstanding,North America
AR-INV-22835,CUST-2022,EMP-133,2025-12-19,2026-01-18,,9263.46,463.17,0.05,8800.29,3910.32,Outstanding,Latin America
AR-INV-22836,CUST-2029,EMP-129,2025-12-19,2026-01-18,,14029.73,701.49,0.05,13328.24,7611.84,Outstanding,Europe
AR-INV-22837,CUST-2014,EMP-103,2025-12-19,2026-01-18,,14201.9,0.0,0.0,14201.9,6737.98,Outstanding,North America
AR-INV-22840,CUST-2015,EMP-125,2025-12-20,2026-01-19,,5845.57,0.0,0.0,5845.57,3224.11,Outstanding,Latin America
AR-INV-22838,CUST-2050,EMP-133,2025-12-20,2026-01-19,,6428.19,2635.56,0.41,3792.63,3067.51,Outstanding,Asia Pacific
AR-INV-22839,CUST-2006,EMP-125,2025-12-20,2026-01-19,,9351.88,280.56,0.03,9071.32,4830.81,Outstanding,North America
AR-INV-22841,CUST-2003,EMP-133,2025-12-20,2026-01-19,,8000.89,2880.32,0.36,5120.57,3628.23,Outstanding,North America
AR-INV-22844,CUST-2021,EMP-103,2025-12-21,2026-01-20,,7959.12,0.0,0.0,7959.12,4025.09,Outstanding,Europe
AR-INV-22842,CUST-2020,EMP-120,2025-12-21,2026-01-20,,9702.53,970.25,0.1,8732.28,5086.3,Outstanding,North America
AR-INV-22843,CUST-2007,EMP-129,2025-12-21,2026-01-20,,13813.4,1105.07,0.08,12708.33,7962.66,Outstanding,Asia Pacific
AR-INV-22847,CUST-2040,EMP-120,2025-12-22,2026-01-21,,8239.05,247.17,0.03,7991.88,4612.17,Outstanding,North America
AR-INV-22845,CUST-2041,EMP-120,2025-12-22,2026-01-21,,17138.03,856.9,0.05,16281.13,9327.05,Outstanding,Europe
AR-INV-22846,CUST-2005,EMP-130,2025-12-22,2026-01-21,,4611.57,0.0,0.0,4611.57,2408.25,Outstanding,North America
AR-INV-22849,CUST-2017,EMP-120,2025-12-23,2026-01-22,,16701.45,1670.15,0.1,15031.3,8549.82,Outstanding,Latin America
AR-INV-22850,CUST-2002,EMP-129,2025-12-23,2026-01-22,,8787.36,439.37,0.05,8347.99,4285.78,Outstanding,North America
AR-INV-22848,CUST-2020,EMP-130,2025-12-23,2026-01-22,,7527.07,0.0,0.0,7527.07,3674.84,Outstanding,North America
AR-INV-22856,CUST-2026,EMP-125,2025-12-24,2026-01-23,,9759.76,487.99,0.05,9271.77,4424.49,Outstanding,Europe
AR-INV-22855,CUST-2043,EMP-129,2025-12-24,2026-01-23,,14815.98,740.8,0.05,14075.18,6776.29,Outstanding,Europe
AR-INV-22854,CUST-2029,EMP-130,2025-12-24,2026-01-23,,3843.1,307.45,0.08,3535.65,1983.91,Outstanding,Europe
AR-INV-22852,CUST-2021,EMP-120,2025-12-24,2026-01-23,,5072.63,0.0,0.0,5072.63,2535.19,Outstanding,Europe
AR-INV-22851,CUST-2002,EMP-103,2025-12-24,2026-01-23,,7866.62,236.0,0.03,7630.62,4484.14,Outstanding,North America
AR-INV-22853,CUST-2014,EMP-103,2025-12-24,2026-01-23,,14523.02,0.0,0.0,14523.02,8295.32,Outstanding,North America
AR-INV-22857,CUST-2006,EMP-133,2025-12-25,2026-01-24,,7666.16,3143.13,0.41,4523.03,4031.65,Outstanding,North America
AR-INV-22858,CUST-2011,EMP-129,2025-12-25,2026-01-24,,8572.19,0.0,0.0,8572.19,4011.9,Outstanding,North America
AR-INV-22859,CUST-2048,EMP-133,2025-12-25,2026-01-24,,8787.95,2987.9,0.34,5800.05,4729.84,Outstanding,Latin America
AR-INV-22860,CUST-2028,EMP-120,2025-12-26,2026-01-25,,8706.67,0.0,0.0,8706.67,4306.76,Outstanding,Europe
AR-INV-22861,CUST-2020,EMP-133,2025-12-26,2026-01-25,,2995.01,1198.0,0.4,1797.01,1597.67,Outstanding,North America
AR-INV-22862,CUST-2012,EMP-130,2025-12-26,2026-01-25,,17439.68,0.0,0.0,17439.68,9397.92,Outstanding,North America
AR-INV-22863,CUST-2019,EMP-130,2025-12-27,2026-01-26,,5430.6,0.0,0.0,5430.6,2825.75,Outstanding,Asia Pacific
AR-INV-22864,CUST-2048,EMP-125,2025-12-27,2026-01-26,,5781.21,0.0,0.0,5781.21,2486.98,Outstanding,Latin America
AR-INV-22865,CUST-2022,EMP-103,2025-12-27,2026-01-26,,9000.95,720.08,0.08,8280.87,5073.02,Outstanding,Latin America
AR-INV-22868,CUST-2043,EMP-120,2025-12-28,2026-01-27,,5919.83,0.0,0.0,5919.83,3328.71,Outstanding,Europe
AR-INV-22866,CUST-2007,EMP-120,2025-12-28,2026-01-27,,15535.57,466.07,0.03,15069.5,6703.43,Outstanding,Asia Pacific
AR-INV-22867,CUST-2007,EMP-129,2025-12-28,2026-01-27,,11959.27,597.96,0.05,11361.31,5596.65,Outstanding,Asia Pacific
AR-INV-22869,CUST-2038,EMP-133,2025-12-28,2026-01-27,,21107.96,6754.55,0.32,14353.41,10509.58,Outstanding,North America
AR-INV-22871,CUST-2035,EMP-120,2025-12-29,2026-01-28,,25287.9,0.0,0.0,25287.9,13197.94,Outstanding,Europe
AR-INV-22870,CUST-2048,EMP-129,2025-12-29,2026-01-28,,9289.43,278.68,0.03,9010.75,4970.17,Outstanding,Latin America
AR-INV-22872,CUST-2013,EMP-103,2025-12-29,2026-01-28,,13221.81,661.09,0.05,12560.72,6451.72,Outstanding,Europe
AR-INV-22874,CUST-2046,EMP-129,2025-12-30,2026-01-29,,6743.47,0.0,0.0,6743.47,3793.27,Outstanding,North America
AR-INV-22873,CUST-2048,EMP-103,2025-12-30,2026-01-29,,13503.13,405.09,0.03,13098.04,7066.59,Outstanding,Latin America
AR-INV-22875,CUST-2025,EMP-120,2025-12-30,2026-01-29,,3691.59,110.75,0.03,3580.84,1904.73,Outstanding,Latin America
AR-INV-22879,CUST-2018,EMP-125,2025-12-31,2026-01-30,,4997.9,149.94,0.03,4847.96,2130.8,Outstanding,Asia Pacific
AR-INV-22878,CUST-2009,EMP-129,2025-12-31,2026-01-30,,11573.2,0.0,0.0,11573.2,6155.0,Outstanding,North America
AR-INV-22880,CUST-2047,EMP-120,2025-12-31,2026-01-30,,24921.19,2492.12,0.1,22429.07,12674.82,Outstanding,Asia Pacific
AR-INV-22876,CUST-2027,EMP-120,2025-12-31,2026-01-30,,6194.52,619.45,0.1,5575.07,2603.18,Outstanding,North America
AR-INV-22877,CUST-2048,EMP-120,2025-12-31,2026-01-30,,15880.25,1270.42,0.08,14609.83,7375.77,Outstanding,Latin America
AR-INV-22881,CUST-2032,EMP-133,2025-12-31,2026-01-30,,10818.1,3245.43,0.3,7572.67,5364.66,Outstanding,Europe
