Invoice_ID,Vendor_ID,PO_Number,Invoice_Date,Due_Date,Payment_Date,Cost_Center_ID,Invoice_Amount,Paid_Amount,Discount_Taken,Payment_Status,Approved_By,Payment_Method,Is_PO_Matched,Notes
AP-INV-10001,VND-1006,PO-50001,2024-01-01,2024-02-15,2024-01-17,CC-100,2261.71,2261.71,0.0,Paid,EMP-105,ACH Wire,Yes,Standard operational vendor invoice verified against goods received.
AP-INV-10002,VND-1040,PO-50002,2024-01-02,2024-03-02,2024-02-23,CC-500,13695.55,13695.55,0.0,Paid,EMP-102,Check,Yes,Standard operational vendor invoice verified against goods received.
AP-INV-10003,VND-1024,PO-50003,2024-01-02,2024-02-16,2024-02-27,CC-700,6075.36,6075.36,0.0,Paid,EMP-102,Corporate Card,Yes,Standard operational vendor invoice verified against goods received.
AP-INV-10004,VND-1024,PO-50004,2024-01-03,2024-03-03,2024-03-17,CC-100,4258.24,4258.24,0.0,Paid,EMP-104,ACH Wire,Yes,Standard operational vendor invoice verified against goods received.
AP-INV-10005,VND-1046,PO-50005,2024-01-03,2024-02-02,2024-01-19,CC-400,913.31,913.31,0.0,Paid,EMP-105,Corporate Card,Yes,Standard operational vendor invoice verified against goods received.
AP-INV-10006,VND-1008,PO-50006,2024-01-03,2024-02-02,2024-01-27,CC-700,913.18,913.18,0.0,Paid,EMP-118,EFT,Yes,Standard operational vendor invoice verified against goods received.
AP-INV-10007,VND-1046,PO-50007,2024-01-04,2024-02-03,2024-01-15,CC-700,419.27,419.27,0.0,Paid,EMP-104,Corporate Card,Yes,Standard operational vendor invoice verified against goods received.
AP-INV-10008,VND-1048,PO-50008,2024-01-04,2024-02-03,2024-02-04,CC-700,9200.54,9200.54,0.0,Paid,EMP-105,EFT,Yes,Standard operational vendor invoice verified against goods received.
AP-INV-10009,VND-1012,PO-50009,2024-01-04,2024-02-03,2024-02-08,CC-700,4285.87,4285.87,0.0,Paid,EMP-102,ACH Wire,Yes,Standard operational vendor invoice verified against goods received.
AP-INV-10012,VND-1039,PO-50012,2024-01-05,2024-01-20,2024-01-16,CC-500,15916.01,15916.01,0.0,Paid,EMP-104,ACH Wire,Yes,Standard operational vendor invoice verified against goods received.
AP-INV-10010,VND-1002,PO-50010,2024-01-05,2024-03-05,2024-02-11,CC-100,5690.63,5690.63,0.0,Paid,EMP-118,Check,Yes,Standard operational vendor invoice verified against goods received.
AP-INV-10011,VND-1031,PO-50011,2024-01-05,2024-02-04,2024-02-07,CC-300,243.6,243.6,0.0,Paid,EMP-105,Corporate Card,Yes,Standard operational vendor invoice verified against goods received.
AP-INV-10013,VND-1004,PO-50013,2024-01-06,2024-01-21,2024-01-24,CC-600,8188.93,8188.93,0.0,Paid,EMP-118,Check,Yes,Standard operational vendor invoice verified against goods received.
AP-INV-10014,VND-1033,PO-50014,2024-01-06,2024-02-20,2024-02-11,CC-500,1224.09,1224.09,0.0,Paid,EMP-105,ACH Wire,Yes,Standard operational vendor invoice verified against goods received.
AP-INV-10015,VND-1034,PO-50015,2024-01-06,2024-02-05,2024-02-12,CC-100,1053.06,1053.06,0.0,Paid,EMP-102,Corporate Card,Yes,Standard operational vendor invoice verified against goods received.
AP-INV-10018,VND-1018,PO-50018,2024-01-07,2024-02-06,2024-01-24,CC-300,3497.68,3497.68,0.0,Paid,EMP-102,Check,Yes,Standard operational vendor invoice verified against goods received.
AP-INV-10016,VND-1040,PO-50016,2024-01-07,2024-03-07,2024-02-25,CC-400,1061.75,1061.75,0.0,Paid,EMP-102,ACH Wire,Yes,Standard operational vendor invoice verified against goods received.
AP-INV-10017,VND-1027,PO-50017,2024-01-07,2024-01-22,2024-01-17,CC-500,1782.39,1746.74,35.65,Paid,EMP-104,ACH Wire,Yes,Standard operational vendor invoice verified against goods received.
AP-INV-10020,VND-1005,PO-50020,2024-01-08,2024-01-23,2024-01-31,CC-400,1699.0,1699.0,0.0,Paid,EMP-102,Check,Yes,Standard operational vendor invoice verified against goods received.
AP-INV-10021,VND-1005,PO-50021,2024-01-08,2024-02-07,2024-02-14,CC-700,4408.67,4408.67,0.0,Paid,EMP-118,Check,Yes,Standard operational vendor invoice verified against goods received.
AP-INV-10019,VND-1012,PO-50019,2024-01-08,2024-02-22,2024-02-21,CC-200,2694.92,2694.92,0.0,Paid,EMP-104,Corporate Card,Yes,Standard operational vendor invoice verified against goods received.
AP-INV-10022,VND-1027,PO-50022,2024-01-09,2024-02-08,2024-01-29,CC-100,826.06,826.06,0.0,Paid,EMP-118,Corporate Card,Yes,Standard operational vendor invoice verified against goods received.
AP-INV-10023,VND-1006,PO-50023,2024-01-09,2024-01-24,2024-01-26,CC-400,1704.82,1704.82,0.0,Paid,EMP-118,Check,Yes,Standard operational vendor invoice verified against goods received.
AP-INV-10024,VND-1027,PO-50024,2024-01-10,2024-02-09,2024-02-10,CC-700,2203.25,2203.25,0.0,Paid,EMP-104,Corporate Card,Yes,Standard operational vendor invoice verified against goods received.
AP-INV-10025,VND-1011,PO-50025,2024-01-10,2024-03-10,2024-02-03,CC-100,2890.21,2890.21,0.0,Paid,EMP-104,Corporate Card,Yes,Standard operational vendor invoice verified against goods received.
AP-INV-10026,VND-1045,PO-50026,2024-01-11,2024-02-10,2024-02-05,CC-700,7070.71,7070.71,0.0,Paid,EMP-102,ACH Wire,Yes,Standard operational vendor invoice verified against goods received.
AP-INV-10027,VND-1018,PO-50027,2024-01-11,2024-02-10,2024-01-30,CC-200,1152.31,1152.31,0.0,Paid,EMP-102,ACH Wire,Yes,Standard operational vendor invoice verified against goods received.
AP-INV-10031,VND-1034,PO-50031,2024-01-12,2024-02-11,2024-02-20,CC-100,4359.0,4359.0,0.0,Paid,EMP-118,EFT,Yes,Standard operational vendor invoice verified against goods received.
AP-INV-10030,VND-1030,PO-50030,2024-01-12,2024-02-11,2024-02-08,CC-600,364.04,364.04,0.0,Paid,EMP-102,Corporate Card,Yes,Standard operational vendor invoice verified against goods received.
AP-INV-10028,VND-1044,PO-50028,2024-01-12,2024-02-26,2024-03-10,CC-400,3399.13,3399.13,0.0,Paid,EMP-118,Corporate Card,Yes,Standard operational vendor invoice verified against goods received.
AP-INV-10029,VND-1044,PO-50029,2024-01-12,2024-02-11,2024-02-19,CC-300,4188.77,4188.77,0.0,Paid,EMP-102,Check,Yes,Standard operational vendor invoice verified against goods received.
AP-INV-10032,VND-1020,PO-50032,2024-01-13,2024-01-28,2024-02-11,CC-100,991.33,991.33,0.0,Paid,EMP-118,Check,Yes,Standard operational vendor invoice verified against goods received.
AP-INV-10033,VND-1003,PO-50033,2024-01-14,2024-03-14,2024-02-17,CC-400,452.69,452.69,0.0,Paid,EMP-105,Check,Yes,Standard operational vendor invoice verified against goods received.
AP-INV-10034,VND-1034,PO-50034,2024-01-14,2024-01-29,2024-02-07,CC-200,13531.6,13531.6,0.0,Paid,EMP-102,Corporate Card,Yes,Standard operational vendor invoice verified against goods received.
AP-INV-10035,VND-1006,PO-50035,2024-01-15,2024-02-14,2024-01-27,CC-500,15317.84,15317.84,0.0,Paid,EMP-104,Check,Yes,Standard operational vendor invoice verified against goods received.
AP-INV-10036,VND-1030,PO-50036,2024-01-15,2024-03-15,2024-02-14,CC-500,7585.49,7585.49,0.0,Paid,EMP-105,Corporate Card,Yes,Standard operational vendor invoice verified against goods received.
AP-INV-10037,VND-1020,PO-50037,2024-01-15,2024-02-29,2024-03-14,CC-400,1784.8,1784.8,0.0,Paid,EMP-105,EFT,Yes,Standard operational vendor invoice verified against goods received.
AP-INV-10038,VND-1044,PO-50038,2024-01-15,2024-02-14,2024-01-29,CC-600,612.5,612.5,0.0,Paid,EMP-105,EFT,Yes,Standard operational vendor invoice verified against goods received.
AP-INV-10039,VND-1026,PO-50039,2024-01-16,2024-02-15,2024-02-04,CC-300,5337.38,5337.38,0.0,Paid,EMP-105,EFT,Yes,Standard operational vendor invoice verified against goods received.
AP-INV-10040,VND-1040,PO-50040,2024-01-16,2024-02-15,2024-02-17,CC-600,2760.41,2760.41,0.0,Paid,EMP-105,Check,Yes,Standard operational vendor invoice verified against goods received.
AP-INV-10041,VND-1049,PO-50041,2024-01-17,2024-02-16,2024-03-02,CC-100,735.69,735.69,0.0,Paid,EMP-118,Corporate Card,Yes,Standard operational vendor invoice verified against goods received.
AP-INV-10044,VND-1033,PO-50044,2024-01-18,2024-02-17,2024-02-05,CC-200,10951.9,10951.9,0.0,Paid,EMP-104,EFT,Yes,Standard operational vendor invoice verified against goods received.
AP-INV-10042,VND-1046,PO-50042,2024-01-18,2024-03-18,2024-02-08,CC-600,3225.96,3225.96,0.0,Paid,EMP-118,Corporate Card,Yes,Standard operational vendor invoice verified against goods received.
AP-INV-10043,VND-1002,PO-50043,2024-01-18,2024-02-17,2024-02-08,CC-300,307.47,307.47,0.0,Paid,EMP-104,Corporate Card,Yes,Standard operational vendor invoice verified against goods received.
AP-INV-10045,VND-1007,PO-50045,2024-01-19,2024-03-19,2024-02-02,CC-500,1497.56,1497.56,0.0,Paid,EMP-105,ACH Wire,Yes,Standard operational vendor invoice verified against goods received.
AP-INV-10046,VND-1041,PO-50046,2024-01-19,2024-02-18,2024-02-08,CC-400,5038.15,5038.15,0.0,Paid,EMP-104,ACH Wire,Yes,Standard operational vendor invoice verified against goods received.
AP-INV-10047,VND-1003,PO-50047,2024-01-20,2024-02-19,2024-02-14,CC-400,1830.96,1830.96,0.0,Paid,EMP-118,Corporate Card,Yes,Standard operational vendor invoice verified against goods received.
AP-INV-10048,VND-1030,PO-50048,2024-01-20,2024-03-20,2024-02-29,CC-200,3453.5,3453.5,0.0,Paid,EMP-105,Check,Yes,Standard operational vendor invoice verified against goods received.
AP-INV-10049,VND-1013,PO-50049,2024-01-20,2024-03-20,2024-03-26,CC-300,3710.51,3710.51,0.0,Paid,EMP-118,Corporate Card,Yes,Standard operational vendor invoice verified against goods received.
AP-INV-10050,VND-1034,PO-50050,2024-01-21,2024-03-06,2024-02-10,CC-500,1069.75,1069.75,0.0,Paid,EMP-104,ACH Wire,Yes,Standard operational vendor invoice verified against goods received.
AP-INV-10051,VND-1018,PO-50051,2024-01-21,2024-03-06,2024-02-23,CC-100,15867.63,15867.63,0.0,Paid,EMP-102,EFT,Yes,Standard operational vendor invoice verified against goods received.
AP-INV-10052,VND-1020,PO-50052,2024-01-21,2024-02-20,2024-02-17,CC-100,6865.1,6865.1,0.0,Paid,EMP-118,ACH Wire,Yes,Standard operational vendor invoice verified against goods received.
AP-INV-10055,VND-1006,PO-50055,2024-01-22,2024-02-21,2024-02-02,CC-300,4249.74,4249.74,0.0,Paid,EMP-105,EFT,Yes,Standard operational vendor invoice verified against goods received.
AP-INV-10053,VND-1006,PO-50053,2024-01-22,2024-03-07,2024-02-23,CC-200,12772.92,12772.92,0.0,Paid,EMP-102,Check,Yes,Standard operational vendor invoice verified against goods received.
AP-INV-10054,VND-1004,PO-50054,2024-01-22,2024-03-22,2024-03-19,CC-400,10284.68,10284.68,0.0,Paid,EMP-104,Check,Yes,Standard operational vendor invoice verified against goods received.
AP-INV-10056,VND-1045,PO-50056,2024-01-23,2024-02-22,2024-02-10,CC-300,11622.46,11622.46,0.0,Paid,EMP-102,Corporate Card,Yes,Standard operational vendor invoice verified against goods received.
AP-INV-10057,VND-1032,PO-50057,2024-01-23,2024-02-22,2024-03-03,CC-600,566.95,566.95,0.0,Paid,EMP-118,EFT,Yes,Standard operational vendor invoice verified against goods received.
AP-INV-10058,VND-1006,PO-50058,2024-01-23,2024-02-22,2024-02-15,CC-100,1131.61,1131.61,0.0,Paid,EMP-104,Check,Yes,Standard operational vendor invoice verified against goods received.
AP-INV-10059,VND-1020,PO-50059,2024-01-24,2024-02-23,2024-02-10,CC-200,358.27,358.27,0.0,Paid,EMP-102,ACH Wire,Yes,Standard operational vendor invoice verified against goods received.
AP-INV-10061,VND-1044,PO-50061,2024-01-25,2024-03-25,2024-03-05,CC-500,2364.59,2364.59,0.0,Paid,EMP-104,Corporate Card,Yes,Standard operational vendor invoice verified against goods received.
AP-INV-10060,VND-1043,PO-50060,2024-01-25,2024-02-09,2024-02-07,CC-400,1920.89,1920.89,0.0,Paid,EMP-118,EFT,Yes,Standard operational vendor invoice verified against goods received.
AP-INV-10063,VND-1035,PO-50063,2024-01-26,2024-02-10,2024-02-21,CC-300,8090.51,8090.51,0.0,Paid,EMP-102,Check,Yes,Standard operational vendor invoice verified against goods received.
AP-INV-10062,VND-1043,PO-50062,2024-01-26,2024-02-25,2024-03-02,CC-300,1574.52,1574.52,0.0,Paid,EMP-104,EFT,Yes,Standard operational vendor invoice verified against goods received.
AP-INV-10064,VND-1003,PO-50064,2024-01-27,2024-03-12,2024-02-29,CC-600,2135.52,2135.52,0.0,Paid,EMP-105,EFT,Yes,Standard operational vendor invoice verified against goods received.
AP-INV-10065,VND-1024,PO-50065,2024-01-27,2024-02-11,2024-02-17,CC-700,1634.11,1634.11,0.0,Paid,EMP-104,EFT,Yes,Standard operational vendor invoice verified against goods received.
AP-INV-10066,VND-1040,PO-50066,2024-01-27,2024-02-26,2024-02-14,CC-600,3670.83,3670.83,0.0,Paid,EMP-102,Corporate Card,Yes,Standard operational vendor invoice verified against goods received.
AP-INV-10067,VND-1045,PO-50067,2024-01-28,2024-03-13,2024-03-22,CC-200,833.54,833.54,0.0,Paid,EMP-118,ACH Wire,Yes,Standard operational vendor invoice verified against goods received.
AP-INV-10068,VND-1009,PO-50068,2024-01-28,2024-03-13,2024-02-09,CC-100,7442.18,7442.18,0.0,Paid,EMP-105,ACH Wire,Yes,Standard operational vendor invoice verified against goods received.
AP-INV-10069,VND-1013,PO-50069,2024-01-29,2024-02-28,2024-02-27,CC-100,498.64,498.64,0.0,Paid,EMP-118,Check,Yes,Standard operational vendor invoice verified against goods received.
AP-INV-10070,VND-1045,PO-50070,2024-01-30,2024-02-29,2024-03-02,CC-200,19653.66,19653.66,0.0,Paid,EMP-102,Corporate Card,Yes,Standard operational vendor invoice verified against goods received.
AP-INV-10071,VND-1019,PO-50071,2024-01-30,2024-02-29,2024-03-07,CC-100,6807.68,6807.68,0.0,Paid,EMP-118,Check,Yes,Standard operational vendor invoice verified against goods received.
AP-INV-10074,VND-1041,PO-50074,2024-01-31,2024-03-01,2024-03-15,CC-700,7754.54,7754.54,0.0,Paid,EMP-105,Corporate Card,Yes,Standard operational vendor invoice verified against goods received.
AP-INV-10072,VND-1026,PO-50072,2024-01-31,2024-03-01,2024-03-12,CC-300,1146.93,1146.93,0.0,Paid,EMP-118,Corporate Card,Yes,Standard operational vendor invoice verified against goods received.
AP-INV-10073,VND-1035,PO-50073,2024-01-31,2024-02-15,2024-02-23,CC-300,174.92,174.92,0.0,Paid,EMP-102,Check,Yes,Standard operational vendor invoice verified against goods received.
AP-INV-10075,VND-1022,PO-50075,2024-02-01,2024-03-02,2024-03-01,CC-600,5671.93,5671.93,0.0,Paid,EMP-118,Check,Yes,Standard operational vendor invoice verified against goods received.
AP-INV-10076,VND-1030,PO-50076,2024-02-02,2024-03-18,2024-02-14,CC-300,6025.48,6025.48,0.0,Paid,EMP-105,Check,Yes,Standard operational vendor invoice verified against goods received.
AP-INV-10077,VND-1004,PO-50077,2024-02-03,2024-03-19,2024-03-07,CC-100,6788.47,6788.47,0.0,Paid,EMP-104,EFT,Yes,Standard operational vendor invoice verified against goods received.
AP-INV-10078,VND-1010,PO-50078,2024-02-03,2024-04-03,2024-04-09,CC-700,496.18,496.18,0.0,Paid,EMP-102,ACH Wire,Yes,Standard operational vendor invoice verified against goods received.
AP-INV-10079,VND-1045,PO-50079,2024-02-04,2024-03-05,2024-03-09,CC-300,2147.52,2147.52,0.0,Paid,EMP-102,ACH Wire,Yes,Standard operational vendor invoice verified against goods received.
AP-INV-10081,VND-1035,PO-50081,2024-02-05,2024-03-21,2024-03-06,CC-300,9098.38,9098.38,0.0,Paid,EMP-105,ACH Wire,Yes,Standard operational vendor invoice verified against goods received.
AP-INV-10082,VND-1008,PO-50082,2024-02-05,2024-03-06,2024-03-17,CC-100,4543.36,4543.36,0.0,Paid,EMP-118,EFT,Yes,Standard operational vendor invoice verified against goods received.
AP-INV-10080,VND-1025,PO-50080,2024-02-05,2024-03-21,2024-04-03,CC-300,704.18,704.18,0.0,Paid,EMP-102,ACH Wire,Yes,Standard operational vendor invoice verified against goods received.
AP-INV-10084,VND-1013,PO-50084,2024-02-06,2024-03-07,2024-02-20,CC-100,445.51,445.51,0.0,Paid,EMP-118,ACH Wire,Yes,Standard operational vendor invoice verified against goods received.
AP-INV-10083,VND-1018,PO-50083,2024-02-06,2024-03-22,2024-02-29,CC-600,1958.18,1958.18,0.0,Paid,EMP-105,Check,Yes,Standard operational vendor invoice verified against goods received.
AP-INV-10085,VND-1030,PO-50085,2024-02-07,2024-03-08,2024-03-10,CC-100,1826.2,1826.2,0.0,Paid,EMP-102,Corporate Card,Yes,Standard operational vendor invoice verified against goods received.
AP-INV-10086,VND-1021,PO-50086,2024-02-07,2024-03-08,2024-02-28,CC-700,1919.91,1919.91,0.0,Paid,EMP-105,ACH Wire,Yes,Standard operational vendor invoice verified against goods received.
AP-INV-10087,VND-1008,PO-50087,2024-02-07,2024-03-08,2024-03-03,CC-200,6035.44,6035.44,0.0,Paid,EMP-118,EFT,Yes,Standard operational vendor invoice verified against goods received.
AP-INV-10088,VND-1039,PO-50088,2024-02-08,2024-03-24,2024-03-24,CC-300,4717.0,4717.0,0.0,Paid,EMP-104,EFT,Yes,Standard operational vendor invoice verified against goods received.
AP-INV-10089,VND-1005,PO-50089,2024-02-08,2024-03-24,2024-04-03,CC-300,9970.13,9970.13,0.0,Paid,EMP-118,Check,Yes,Standard operational vendor invoice verified against goods received.
AP-INV-10090,VND-1039,PO-50090,2024-02-09,2024-03-10,2024-03-10,CC-100,3025.8,3025.8,0.0,Paid,EMP-102,Check,Yes,Standard operational vendor invoice verified against goods received.
AP-INV-10091,VND-1031,PO-50091,2024-02-09,2024-04-09,2024-04-03,CC-600,723.18,723.18,0.0,Paid,EMP-104,ACH Wire,Yes,Standard operational vendor invoice verified against goods received.
AP-INV-10092,VND-1009,PO-50092,2024-02-09,2024-04-09,2024-02-26,CC-400,5771.07,5771.07,0.0,Paid,EMP-102,ACH Wire,Yes,Standard operational vendor invoice verified against goods received.
AP-INV-10093,VND-1011,PO-50093,2024-02-10,2024-03-11,2024-03-13,CC-300,6586.77,6586.77,0.0,Paid,EMP-105,EFT,Yes,Standard operational vendor invoice verified against goods received.
AP-INV-10094,VND-1018,PO-50094,2024-02-10,2024-04-10,2024-03-26,CC-200,3857.49,3857.49,0.0,Paid,EMP-104,Corporate Card,Yes,Standard operational vendor invoice verified against goods received.
AP-INV-10097,VND-1045,PO-50097,2024-02-11,2024-04-11,2024-04-14,CC-200,3478.55,3478.55,0.0,Paid,EMP-102,Check,Yes,Standard operational vendor invoice verified against goods received.
AP-INV-10095,VND-1006,PO-50095,2024-02-11,2024-03-12,2024-03-01,CC-500,6782.5,6782.5,0.0,Paid,EMP-104,Corporate Card,Yes,Standard operational vendor invoice verified against goods received.
AP-INV-10096,VND-1039,PO-50096,2024-02-11,2024-02-26,2024-02-23,CC-100,3213.67,3213.67,0.0,Paid,EMP-102,Corporate Card,Yes,Standard operational vendor invoice verified against goods received.
AP-INV-10098,VND-1036,PO-50098,2024-02-12,2024-03-13,2024-03-23,CC-300,2660.16,2660.16,0.0,Paid,EMP-104,Check,Yes,Standard operational vendor invoice verified against goods received.
AP-INV-10099,VND-1021,PO-50099,2024-02-12,2024-02-27,2024-02-23,CC-400,265.86,265.86,0.0,Paid,EMP-104,Check,Yes,Standard operational vendor invoice verified against goods received.
AP-INV-10100,VND-1028,PO-50100,2024-02-12,2024-03-28,2024-03-06,CC-400,663.75,663.75,0.0,Paid,EMP-105,ACH Wire,Yes,Standard operational vendor invoice verified against goods received.
AP-INV-10101,VND-1049,PO-50101,2024-02-13,2024-03-14,2024-03-19,CC-300,293.7,293.7,0.0,Paid,EMP-104,Corporate Card,Yes,Standard operational vendor invoice verified against goods received.
AP-INV-10102,VND-1034,PO-50102,2024-02-13,2024-02-28,2024-03-04,CC-500,4702.78,4702.78,0.0,Paid,EMP-104,Check,Yes,Standard operational vendor invoice verified against goods received.
AP-INV-10103,VND-1030,PO-50103,2024-02-14,2024-03-15,2024-03-01,CC-200,1848.29,1848.29,0.0,Paid,EMP-102,Corporate Card,Yes,Standard operational vendor invoice verified against goods received.
AP-INV-10107,VND-1017,PO-50107,2024-02-15,2024-04-15,2024-04-10,CC-200,2527.27,2527.27,0.0,Paid,EMP-102,EFT,Yes,Standard operational vendor invoice verified against goods received.
AP-INV-10106,VND-1021,PO-50106,2024-02-15,2024-03-01,2024-02-27,CC-400,1440.32,1440.32,0.0,Paid,EMP-118,Check,Yes,Standard operational vendor invoice verified against goods received.
AP-INV-10104,VND-1043,PO-50104,2024-02-15,2024-03-16,2024-03-06,CC-400,3346.97,3346.97,0.0,Paid,EMP-105,Corporate Card,Yes,Standard operational vendor invoice verified against goods received.
AP-INV-10105,VND-1013,PO-50105,2024-02-15,2024-03-16,2024-03-27,CC-700,10865.69,10865.69,0.0,Paid,EMP-118,Check,Yes,Standard operational vendor invoice verified against goods received.
AP-INV-10108,VND-1041,PO-50108,2024-02-16,2024-04-01,2024-03-15,CC-700,6489.37,6489.37,0.0,Paid,EMP-102,EFT,Yes,Standard operational vendor invoice verified against goods received.
AP-INV-10109,VND-1029,PO-50109,2024-02-16,2024-03-17,2024-03-20,CC-200,1319.12,1319.12,0.0,Paid,EMP-118,Corporate Card,Yes,Standard operational vendor invoice verified against goods received.
AP-INV-10110,VND-1004,PO-50110,2024-02-17,2024-04-17,2024-03-22,CC-500,510.47,510.47,0.0,Paid,EMP-105,Corporate Card,Yes,Standard operational vendor invoice verified against goods received.
AP-INV-10111,VND-1034,PO-50111,2024-02-18,2024-04-18,2024-04-03,CC-400,1689.63,1689.63,0.0,Paid,EMP-102,ACH Wire,Yes,Standard operational vendor invoice verified against goods received.
AP-INV-10115,VND-1041,PO-50115,2024-02-19,2024-03-20,2024-03-20,CC-500,4665.72,4665.72,0.0,Paid,EMP-105,ACH Wire,Yes,Standard operational vendor invoice verified against goods received.
AP-INV-10112,VND-1027,PO-50112,2024-02-19,2024-03-20,2024-04-04,CC-300,941.14,941.14,0.0,Paid,EMP-105,ACH Wire,Yes,Standard operational vendor invoice verified against goods received.
AP-INV-10113,VND-1013,PO-50113,2024-02-19,2024-04-19,2024-04-20,CC-500,12097.28,12097.28,0.0,Paid,EMP-102,EFT,Yes,Standard operational vendor invoice verified against goods received.
AP-INV-10114,VND-1003,PO-50114,2024-02-19,2024-03-20,2024-03-30,CC-200,7578.99,7578.99,0.0,Paid,EMP-118,ACH Wire,Yes,Standard operational vendor invoice verified against goods received.
AP-INV-10116,VND-1043,PO-50116,2024-02-20,2024-03-21,2024-03-22,CC-600,9381.84,9381.84,0.0,Paid,EMP-118,Corporate Card,Yes,Standard operational vendor invoice verified against goods received.
AP-INV-10117,VND-1032,PO-50117,2024-02-20,2024-03-06,2024-03-12,CC-700,7475.86,7475.86,0.0,Paid,EMP-105,EFT,Yes,Standard operational vendor invoice verified against goods received.
AP-INV-10118,VND-1040,PO-50118,2024-02-21,2024-03-07,2024-03-21,CC-300,1079.23,1079.23,0.0,Paid,EMP-118,Corporate Card,Yes,Standard operational vendor invoice verified against goods received.
AP-INV-10119,VND-1045,PO-50119,2024-02-21,2024-04-21,2024-03-31,CC-700,10188.66,10188.66,0.0,Paid,EMP-102,Check,Yes,Standard operational vendor invoice verified against goods received.
AP-INV-10120,VND-1011,PO-50120,2024-02-21,2024-04-21,2024-04-19,CC-500,3637.95,3637.95,0.0,Paid,EMP-104,ACH Wire,Yes,Standard operational vendor invoice verified against goods received.
AP-INV-10121,VND-1003,PO-50121,2024-02-21,2024-03-07,2024-03-08,CC-500,7563.07,7563.07,0.0,Paid,EMP-102,Check,Yes,Standard operational vendor invoice verified against goods received.
AP-INV-10122,VND-1010,PO-50122,2024-02-22,2024-03-23,2024-03-29,CC-400,10339.09,10339.09,0.0,Paid,EMP-118,EFT,Yes,Standard operational vendor invoice verified against goods received.
AP-INV-10123,VND-1049,PO-50123,2024-02-22,2024-04-22,2024-03-29,CC-200,1872.29,1872.29,0.0,Paid,EMP-105,Check,Yes,Standard operational vendor invoice verified against goods received.
AP-INV-10125,VND-1047,PO-50125,2024-02-23,2024-03-24,2024-04-03,CC-700,1314.09,1314.09,0.0,Paid,EMP-104,ACH Wire,Yes,Standard operational vendor invoice verified against goods received.
AP-INV-10124,VND-1022,PO-50124,2024-02-23,2024-04-08,2024-04-07,CC-200,674.66,674.66,0.0,Paid,EMP-105,Corporate Card,Yes,Standard operational vendor invoice verified against goods received.
AP-INV-10126,VND-1021,PO-50126,2024-02-24,2024-03-25,2024-03-23,CC-200,2656.76,2656.76,0.0,Paid,EMP-104,Check,Yes,Standard operational vendor invoice verified against goods received.
AP-INV-10127,VND-1022,PO-50127,2024-02-24,2024-03-25,2024-04-09,CC-400,7817.23,7817.23,0.0,Paid,EMP-105,Corporate Card,Yes,Standard operational vendor invoice verified against goods received.
AP-INV-10128,VND-1047,PO-50128,2024-02-25,2024-04-10,2024-03-31,CC-500,9021.05,9021.05,0.0,Paid,EMP-105,ACH Wire,Yes,Standard operational vendor invoice verified against goods received.
AP-INV-10129,VND-1020,PO-50129,2024-02-26,2024-03-12,2024-03-18,CC-600,181.39,181.39,0.0,Paid,EMP-118,Corporate Card,Yes,Standard operational vendor invoice verified against goods received.
AP-INV-10130,VND-1032,PO-50130,2024-02-26,2024-03-27,2024-04-10,CC-200,3366.94,3366.94,0.0,Paid,EMP-105,Corporate Card,Yes,Standard operational vendor invoice verified against goods received.
AP-INV-10131,VND-1043,PO-50131,2024-02-27,2024-04-27,2024-04-07,CC-600,2581.23,2581.23,0.0,Paid,EMP-104,EFT,Yes,Standard operational vendor invoice verified against goods received.
AP-INV-10132,VND-1035,PO-50132,2024-02-28,2024-03-29,2024-03-12,CC-200,1280.25,1280.25,0.0,Paid,EMP-102,Check,Yes,Standard operational vendor invoice verified against goods received.
AP-INV-10133,VND-1023,PO-50133,2024-02-28,2024-04-13,2024-03-15,CC-600,724.56,724.56,0.0,Paid,EMP-104,EFT,Yes,Standard operational vendor invoice verified against goods received.
AP-INV-10134,VND-1037,PO-50134,2024-02-28,2024-04-13,2024-04-19,CC-200,2003.59,2003.59,0.0,Paid,EMP-118,Check,Yes,Standard operational vendor invoice verified against goods received.
AP-INV-10137,VND-1003,PO-50137,2024-02-29,2024-04-14,2024-04-29,CC-700,3441.54,3441.54,0.0,Paid,EMP-118,ACH Wire,Yes,Standard operational vendor invoice verified against goods received.
AP-INV-10136,VND-1036,PO-50136,2024-02-29,2024-03-15,2024-03-15,CC-600,1906.73,1906.73,0.0,Paid,EMP-118,ACH Wire,Yes,Standard operational vendor invoice verified against goods received.
AP-INV-10135,VND-1020,PO-50135,2024-02-29,2024-03-30,2024-03-13,CC-300,13034.05,13034.05,0.0,Paid,EMP-102,ACH Wire,Yes,Standard operational vendor invoice verified against goods received.
AP-INV-10138,VND-1020,PO-50138,2024-03-01,2024-03-16,2024-03-20,CC-100,5613.39,5613.39,0.0,Paid,EMP-102,Corporate Card,Yes,Standard operational vendor invoice verified against goods received.
AP-INV-10139,VND-1020,PO-50139,2024-03-01,2024-04-30,2024-05-13,CC-400,2183.89,2183.89,0.0,Paid,EMP-104,Check,Yes,Standard operational vendor invoice verified against goods received.
AP-INV-10140,VND-1019,PO-50140,2024-03-01,2024-03-16,2024-03-21,CC-200,16205.09,16205.09,0.0,Paid,EMP-104,Check,Yes,Standard operational vendor invoice verified against goods received.
AP-INV-10141,VND-1045,PO-50141,2024-03-01,2024-03-31,2024-03-11,CC-300,14919.04,14919.04,0.0,Paid,EMP-105,ACH Wire,Yes,Standard operational vendor invoice verified against goods received.
AP-INV-10142,VND-1044,PO-50142,2024-03-02,2024-04-16,2024-04-13,CC-400,1455.28,1455.28,0.0,Paid,EMP-105,EFT,Yes,Standard operational vendor invoice verified against goods received.
AP-INV-10144,VND-1001,PO-50144,2024-03-03,2024-04-17,2024-03-28,CC-300,1760.69,1760.69,0.0,Paid,EMP-118,Corporate Card,Yes,Standard operational vendor invoice verified against goods received.
AP-INV-10143,VND-1007,PO-50143,2024-03-03,2024-04-02,2024-04-12,CC-200,3244.47,3244.47,0.0,Paid,EMP-105,ACH Wire,Yes,Standard operational vendor invoice verified against goods received.
AP-INV-10146,VND-1048,PO-50146,2024-03-04,2024-03-19,2024-03-17,CC-200,319.13,319.13,0.0,Paid,EMP-118,Corporate Card,Yes,Standard operational vendor invoice verified against goods received.
AP-INV-10145,VND-1021,PO-50145,2024-03-04,2024-05-03,2024-03-15,CC-500,1658.62,1658.62,0.0,Paid,EMP-105,Corporate Card,Yes,Standard operational vendor invoice verified against goods received.
AP-INV-10147,VND-1011,PO-50147,2024-03-04,2024-05-03,2024-04-22,CC-400,4382.21,4382.21,0.0,Paid,EMP-102,Corporate Card,Yes,Standard operational vendor invoice verified against goods received.
AP-INV-10148,VND-1025,PO-50148,2024-03-04,2024-04-03,2024-03-28,CC-500,3293.34,3293.34,0.0,Paid,EMP-104,Check,Yes,Standard operational vendor invoice verified against goods received.
AP-INV-11714,VND-1038,NONE-EMERGENCY,2024-03-05,2024-03-06,2024-03-07,CC-500,23873.18,23873.18,0.0,Paid,EMP-118,ACH Wire,No,Executive supply chain optimization & strategic restructuring advisory retainer.
AP-INV-10149,VND-1041,PO-50149,2024-03-05,2024-04-19,2024-04-28,CC-300,387.83,387.83,0.0,Paid,EMP-118,ACH Wire,Yes,Standard operational vendor invoice verified against goods received.
AP-INV-10150,VND-1047,PO-50150,2024-03-06,2024-05-05,2024-03-26,CC-700,1619.82,1619.82,0.0,Paid,EMP-118,Corporate Card,Yes,Standard operational vendor invoice verified against goods received.
AP-INV-10151,VND-1005,PO-50151,2024-03-06,2024-03-21,2024-03-17,CC-500,10899.87,10899.87,0.0,Paid,EMP-104,ACH Wire,Yes,Standard operational vendor invoice verified against goods received.
AP-INV-10152,VND-1011,PO-50152,2024-03-06,2024-05-05,2024-05-11,CC-300,1382.37,1382.37,0.0,Paid,EMP-102,ACH Wire,Yes,Standard operational vendor invoice verified against goods received.
AP-INV-10153,VND-1033,PO-50153,2024-03-07,2024-05-06,2024-05-13,CC-100,854.39,854.39,0.0,Paid,EMP-102,Check,Yes,Standard operational vendor invoice verified against goods received.
AP-INV-10154,VND-1009,PO-50154,2024-03-07,2024-04-21,2024-04-15,CC-500,3175.22,3175.22,0.0,Paid,EMP-102,Check,Yes,Standard operational vendor invoice verified against goods received.
AP-INV-10155,VND-1047,PO-50155,2024-03-07,2024-04-06,2024-03-18,CC-700,19248.17,19248.17,0.0,Paid,EMP-118,Corporate Card,Yes,Standard operational vendor invoice verified against goods received.
AP-INV-10156,VND-1014,PO-50156,2024-03-08,2024-03-23,2024-03-19,CC-500,1397.15,1397.15,0.0,Paid,EMP-118,Corporate Card,Yes,Standard operational vendor invoice verified against goods received.
AP-INV-10157,VND-1048,PO-50157,2024-03-08,2024-05-07,2024-03-25,CC-100,5168.2,5168.2,0.0,Paid,EMP-102,Check,Yes,Standard operational vendor invoice verified against goods received.
AP-INV-10158,VND-1003,PO-50158,2024-03-08,2024-04-22,2024-03-29,CC-300,6602.49,6602.49,0.0,Paid,EMP-104,Check,Yes,Standard operational vendor invoice verified against goods received.
AP-INV-10159,VND-1026,PO-50159,2024-03-09,2024-04-23,2024-04-12,CC-400,1371.0,1371.0,0.0,Paid,EMP-102,ACH Wire,Yes,Standard operational vendor invoice verified against goods received.
AP-INV-10160,VND-1045,PO-50160,2024-03-09,2024-04-08,2024-03-26,CC-700,6012.37,6012.37,0.0,Paid,EMP-104,Check,Yes,Standard operational vendor invoice verified against goods received.
AP-INV-10161,VND-1050,PO-50161,2024-03-10,2024-03-25,2024-03-20,CC-200,2213.35,2213.35,0.0,Paid,EMP-118,Check,Yes,Standard operational vendor invoice verified against goods received.
AP-INV-10162,VND-1036,PO-50162,2024-03-10,2024-04-09,2024-04-04,CC-400,4652.27,4652.27,0.0,Paid,EMP-118,Corporate Card,Yes,Standard operational vendor invoice verified against goods received.
AP-INV-10163,VND-1013,PO-50163,2024-03-11,2024-03-26,2024-03-22,CC-600,4667.27,4667.27,0.0,Paid,EMP-118,EFT,Yes,Standard operational vendor invoice verified against goods received.
AP-INV-11667,VND-1042,PO-51667,2024-03-12,2024-03-27,2024-03-22,CC-300,4987.46,4987.46,0.0,Paid,EMP-103,ACH Wire,No,Expedited cloud analytics consulting modules - approved under departmental limit.
AP-INV-11666,VND-1042,PO-51666,2024-03-12,2024-03-27,2024-03-22,CC-300,4860.57,4860.57,0.0,Paid,EMP-103,ACH Wire,No,Expedited cloud analytics consulting modules - approved under departmental limit.
AP-INV-10164,VND-1005,PO-50164,2024-03-12,2024-05-11,2024-03-26,CC-100,3603.23,3603.23,0.0,Paid,EMP-118,EFT,Yes,Standard operational vendor invoice verified against goods received.
AP-INV-10165,VND-1017,PO-50165,2024-03-12,2024-03-27,2024-04-03,CC-600,575.83,575.83,0.0,Paid,EMP-118,ACH Wire,Yes,Standard operational vendor invoice verified against goods received.
AP-INV-10167,VND-1039,PO-50167,2024-03-13,2024-04-12,2024-04-07,CC-500,1890.65,1890.65,0.0,Paid,EMP-105,ACH Wire,Yes,Standard operational vendor invoice verified against goods received.
AP-INV-10166,VND-1004,PO-50166,2024-03-13,2024-05-12,2024-04-29,CC-200,8266.4,8266.4,0.0,Paid,EMP-104,Corporate Card,Yes,Standard operational vendor invoice verified against goods received.
AP-INV-10171,VND-1028,PO-50171,2024-03-14,2024-04-13,2024-04-17,CC-200,5243.33,5243.33,0.0,Paid,EMP-104,Check,Yes,Standard operational vendor invoice verified against goods received.
AP-INV-10169,VND-1037,PO-50169,2024-03-14,2024-04-13,2024-04-20,CC-500,337.33,337.33,0.0,Paid,EMP-118,EFT,Yes,Standard operational vendor invoice verified against goods received.
AP-INV-10168,VND-1035,PO-50168,2024-03-14,2024-04-28,2024-04-12,CC-200,1078.94,1078.94,0.0,Paid,EMP-105,EFT,Yes,Standard operational vendor invoice verified against goods received.
AP-INV-10170,VND-1024,PO-50170,2024-03-14,2024-04-28,2024-05-13,CC-600,4172.0,4172.0,0.0,Paid,EMP-105,Check,Yes,Standard operational vendor invoice verified against goods received.
AP-INV-11669,VND-1042,PO-51669,2024-03-14,2024-03-29,2024-03-24,CC-300,4951.95,4951.95,0.0,Paid,EMP-103,ACH Wire,No,Expedited cloud analytics consulting modules - approved under departmental limit.
AP-INV-11668,VND-1042,PO-51668,2024-03-14,2024-03-29,2024-03-24,CC-300,4981.13,4981.13,0.0,Paid,EMP-103,ACH Wire,No,Expedited cloud analytics consulting modules - approved under departmental limit.
AP-INV-11670,VND-1042,PO-51670,2024-03-15,2024-03-30,2024-03-25,CC-300,4961.01,4961.01,0.0,Paid,EMP-103,ACH Wire,No,Expedited cloud analytics consulting modules - approved under departmental limit.
AP-INV-11671,VND-1042,PO-51671,2024-03-15,2024-03-30,2024-03-25,CC-300,4855.13,4855.13,0.0,Paid,EMP-103,ACH Wire,No,Expedited cloud analytics consulting modules - approved under departmental limit.
AP-INV-10173,VND-1028,PO-50173,2024-03-15,2024-05-14,2024-04-11,CC-500,3379.34,3379.34,0.0,Paid,EMP-118,ACH Wire,Yes,Standard operational vendor invoice verified against goods received.
AP-INV-10172,VND-1016,PO-50172,2024-03-15,2024-04-14,2024-04-23,CC-300,225.27,225.27,0.0,Paid,EMP-102,Check,Yes,Standard operational vendor invoice verified against goods received.
AP-INV-10175,VND-1036,PO-50175,2024-03-16,2024-04-15,2024-03-29,CC-600,4812.56,4812.56,0.0,Paid,EMP-105,Check,Yes,Standard operational vendor invoice verified against goods received.
AP-INV-10174,VND-1023,PO-50174,2024-03-16,2024-03-31,2024-04-09,CC-600,1305.71,1305.71,0.0,Paid,EMP-105,EFT,Yes,Standard operational vendor invoice verified against goods received.
AP-INV-10176,VND-1041,PO-50176,2024-03-17,2024-04-01,2024-04-02,CC-100,1012.22,1012.22,0.0,Paid,EMP-104,Check,Yes,Standard operational vendor invoice verified against goods received.
AP-INV-10177,VND-1014,PO-50177,2024-03-17,2024-04-16,2024-04-15,CC-700,5433.96,5433.96,0.0,Paid,EMP-102,ACH Wire,Yes,Standard operational vendor invoice verified against goods received.
AP-INV-10178,VND-1013,PO-50178,2024-03-17,2024-04-01,2024-04-11,CC-600,2350.31,2350.31,0.0,Paid,EMP-104,ACH Wire,Yes,Standard operational vendor invoice verified against goods received.
AP-INV-10180,VND-1036,PO-50180,2024-03-18,2024-04-17,2024-04-16,CC-600,815.75,815.75,0.0,Paid,EMP-105,Corporate Card,Yes,Standard operational vendor invoice verified against goods received.
AP-INV-10179,VND-1017,PO-50179,2024-03-18,2024-04-17,2024-04-15,CC-500,12571.55,12571.55,0.0,Paid,EMP-118,Check,Yes,Standard operational vendor invoice verified against goods received.
AP-INV-10182,VND-1025,PO-50182,2024-03-19,2024-05-03,2024-03-31,CC-300,692.0,692.0,0.0,Paid,EMP-104,ACH Wire,Yes,Standard operational vendor invoice verified against goods received.
AP-INV-10181,VND-1033,PO-50181,2024-03-19,2024-04-03,2024-04-13,CC-400,2027.1,2027.1,0.0,Paid,EMP-105,ACH Wire,Yes,Standard operational vendor invoice verified against goods received.
AP-INV-10183,VND-1037,PO-50183,2024-03-20,2024-05-19,2024-05-22,CC-500,11787.86,11787.86,0.0,Paid,EMP-105,ACH Wire,Yes,Standard operational vendor invoice verified against goods received.
AP-INV-10184,VND-1016,PO-50184,2024-03-21,2024-05-20,2024-05-01,CC-400,9592.5,9592.5,0.0,Paid,EMP-118,Corporate Card,Yes,Standard operational vendor invoice verified against goods received.
AP-INV-10185,VND-1033,PO-50185,2024-03-22,2024-05-06,2024-04-30,CC-600,1492.47,1492.47,0.0,Paid,EMP-104,Corporate Card,Yes,Standard operational vendor invoice verified against goods received.
AP-INV-10186,VND-1011,PO-50186,2024-03-22,2024-05-21,2024-06-02,CC-200,5004.43,5004.43,0.0,Paid,EMP-104,EFT,Yes,Standard operational vendor invoice verified against goods received.
AP-INV-10188,VND-1049,PO-50188,2024-03-23,2024-04-07,2024-04-08,CC-200,3795.6,3795.6,0.0,Paid,EMP-118,Corporate Card,Yes,Standard operational vendor invoice verified against goods received.
AP-INV-10187,VND-1005,PO-50187,2024-03-23,2024-04-07,2024-04-02,CC-700,7797.68,7797.68,0.0,Paid,EMP-104,EFT,Yes,Standard operational vendor invoice verified against goods received.
AP-INV-10189,VND-1044,PO-50189,2024-03-24,2024-05-23,2024-06-03,CC-600,3544.26,3544.26,0.0,Paid,EMP-118,EFT,Yes,Standard operational vendor invoice verified against goods received.
AP-INV-10190,VND-1037,PO-50190,2024-03-25,2024-04-09,2024-04-04,CC-400,1395.95,1395.95,0.0,Paid,EMP-105,Corporate Card,Yes,Standard operational vendor invoice verified against goods received.
AP-INV-10191,VND-1048,PO-50191,2024-03-26,2024-05-10,2024-04-16,CC-600,589.77,589.77,0.0,Paid,EMP-102,EFT,Yes,Standard operational vendor invoice verified against goods received.
AP-INV-10193,VND-1027,PO-50193,2024-03-27,2024-04-26,2024-05-01,CC-100,10530.48,10530.48,0.0,Paid,EMP-118,ACH Wire,Yes,Standard operational vendor invoice verified against goods received.
AP-INV-10192,VND-1017,PO-50192,2024-03-27,2024-05-26,2024-05-08,CC-200,10388.05,10388.05,0.0,Paid,EMP-105,Corporate Card,Yes,Standard operational vendor invoice verified against goods received.
AP-INV-10195,VND-1027,PO-50195,2024-03-28,2024-05-12,2024-05-12,CC-400,2013.21,2013.21,0.0,Paid,EMP-118,EFT,Yes,Standard operational vendor invoice verified against goods received.
AP-INV-10196,VND-1044,PO-50196,2024-03-28,2024-04-27,2024-04-12,CC-100,2083.05,2083.05,0.0,Paid,EMP-118,Check,Yes,Standard operational vendor invoice verified against goods received.
AP-INV-10197,VND-1045,PO-50197,2024-03-28,2024-04-27,2024-04-13,CC-700,5975.09,5975.09,0.0,Paid,EMP-102,ACH Wire,Yes,Standard operational vendor invoice verified against goods received.
AP-INV-10194,VND-1016,PO-50194,2024-03-28,2024-04-12,2024-04-27,CC-300,4662.01,4662.01,0.0,Paid,EMP-102,EFT,Yes,Standard operational vendor invoice verified against goods received.
AP-INV-10199,VND-1047,PO-50199,2024-03-29,2024-05-28,2024-04-12,CC-300,9965.1,9965.1,0.0,Paid,EMP-104,Corporate Card,Yes,Standard operational vendor invoice verified against goods received.
AP-INV-10198,VND-1048,PO-50198,2024-03-29,2024-05-13,2024-04-25,CC-500,10383.44,10383.44,0.0,Paid,EMP-102,EFT,Yes,Standard operational vendor invoice verified against goods received.
AP-INV-10200,VND-1014,PO-50200,2024-03-30,2024-04-29,2024-05-04,CC-500,6961.03,6961.03,0.0,Paid,EMP-102,Corporate Card,Yes,Standard operational vendor invoice verified against goods received.
AP-INV-10201,VND-1017,PO-50201,2024-03-31,2024-05-15,2024-05-23,CC-500,4772.9,4772.9,0.0,Paid,EMP-105,Check,Yes,Standard operational vendor invoice verified against goods received.
AP-INV-10204,VND-1022,PO-50204,2024-04-01,2024-05-01,2024-05-09,CC-100,10447.04,10447.04,0.0,Paid,EMP-118,ACH Wire,Yes,Standard operational vendor invoice verified against goods received.
AP-INV-10202,VND-1009,PO-50202,2024-04-01,2024-04-16,2024-04-27,CC-700,545.51,545.51,0.0,Paid,EMP-105,EFT,Yes,Standard operational vendor invoice verified against goods received.
AP-INV-10203,VND-1007,PO-50203,2024-04-01,2024-05-01,2024-04-15,CC-400,943.32,943.32,0.0,Paid,EMP-105,Check,Yes,Standard operational vendor invoice verified against goods received.
AP-INV-10206,VND-1017,PO-50206,2024-04-02,2024-04-17,2024-04-14,CC-600,191.58,191.58,0.0,Paid,EMP-105,ACH Wire,Yes,Standard operational vendor invoice verified against goods received.
AP-INV-10205,VND-1026,PO-50205,2024-04-02,2024-05-02,2024-05-06,CC-400,4346.22,4346.22,0.0,Paid,EMP-102,Corporate Card,Yes,Standard operational vendor invoice verified against goods received.
AP-INV-10207,VND-1044,PO-50207,2024-04-03,2024-05-18,2024-05-03,CC-200,631.49,631.49,0.0,Paid,EMP-105,EFT,Yes,Standard operational vendor invoice verified against goods received.
AP-INV-10208,VND-1006,PO-50208,2024-04-03,2024-05-03,2024-05-11,CC-100,5051.23,5051.23,0.0,Paid,EMP-105,Corporate Card,Yes,Standard operational vendor invoice verified against goods received.
AP-INV-10209,VND-1006,PO-50209,2024-04-04,2024-05-19,2024-05-12,CC-200,172.83,172.83,0.0,Paid,EMP-118,EFT,Yes,Standard operational vendor invoice verified against goods received.
AP-INV-10210,VND-1024,PO-50210,2024-04-05,2024-04-20,2024-05-04,CC-500,938.92,938.92,0.0,Paid,EMP-105,Check,Yes,Standard operational vendor invoice verified against goods received.
AP-INV-10211,VND-1028,PO-50211,2024-04-06,2024-04-21,2024-05-03,CC-400,3730.64,3730.64,0.0,Paid,EMP-104,ACH Wire,Yes,Standard operational vendor invoice verified against goods received.
AP-INV-10212,VND-1011,PO-50212,2024-04-07,2024-05-07,2024-05-06,CC-200,5447.92,5447.92,0.0,Paid,EMP-105,Check,Yes,Standard operational vendor invoice verified against goods received.
AP-INV-10213,VND-1010,PO-50213,2024-04-07,2024-05-07,2024-05-14,CC-100,4899.49,4899.49,0.0,Paid,EMP-105,Check,Yes,Standard operational vendor invoice verified against goods received.
AP-INV-10214,VND-1021,PO-50214,2024-04-07,2024-04-22,2024-04-28,CC-400,1292.77,1292.77,0.0,Paid,EMP-105,ACH Wire,Yes,Standard operational vendor invoice verified against goods received.
AP-INV-10216,VND-1009,PO-50216,2024-04-08,2024-04-23,2024-04-30,CC-300,1368.71,1368.71,0.0,Paid,EMP-105,Check,Yes,Standard operational vendor invoice verified against goods received.
AP-INV-10215,VND-1033,PO-50215,2024-04-08,2024-06-07,2024-05-13,CC-500,5754.38,5754.38,0.0,Paid,EMP-118,EFT,Yes,Standard operational vendor invoice verified against goods received.
AP-INV-10217,VND-1023,PO-50217,2024-04-08,2024-05-08,2024-05-15,CC-400,1921.36,1921.36,0.0,Paid,EMP-104,Corporate Card,Yes,Standard operational vendor invoice verified against goods received.
AP-INV-10218,VND-1048,PO-50218,2024-04-09,2024-05-24,2024-05-09,CC-200,6325.61,6325.61,0.0,Paid,EMP-104,Check,Yes,Standard operational vendor invoice verified against goods received.
AP-INV-10219,VND-1022,PO-50219,2024-04-09,2024-05-24,2024-05-25,CC-300,4869.48,4869.48,0.0,Paid,EMP-104,Corporate Card,Yes,Standard operational vendor invoice verified against goods received.
AP-INV-77102,VND-1015,PO-51714,2024-04-10,2024-05-10,2024-05-05,CC-500,18450.0,18450.0,0.0,Paid,EMP-118,ACH Wire,Yes,Heavy freight logistics delivery across Western distribution hubs.
AP-INV-10220,VND-1027,PO-50220,2024-04-10,2024-04-25,2024-05-08,CC-300,8663.8,8663.8,0.0,Paid,EMP-104,ACH Wire,Yes,Standard operational vendor invoice verified against goods received.
AP-INV-10221,VND-1047,PO-50221,2024-04-10,2024-06-09,2024-04-23,CC-700,4973.16,4973.16,0.0,Paid,EMP-118,ACH Wire,Yes,Standard operational vendor invoice verified against goods received.
AP-INV-10222,VND-1020,PO-50222,2024-04-11,2024-04-26,2024-05-04,CC-700,3930.2,3930.2,0.0,Paid,EMP-118,ACH Wire,Yes,Standard operational vendor invoice verified against goods received.
AP-INV-10223,VND-1044,PO-50223,2024-04-11,2024-05-11,2024-05-07,CC-300,592.61,592.61,0.0,Paid,EMP-104,Check,Yes,Standard operational vendor invoice verified against goods received.
AP-INV-11715,VND-1038,NONE-EMERGENCY,2024-04-12,2024-04-13,2024-04-14,CC-500,23083.4,23083.4,0.0,Paid,EMP-118,ACH Wire,No,Executive supply chain optimization & strategic restructuring advisory retainer.
AP-INV-10224,VND-1005,PO-50224,2024-04-12,2024-06-11,2024-06-22,CC-400,2212.87,2212.87,0.0,Paid,EMP-118,Check,Yes,Standard operational vendor invoice verified against goods received.
AP-INV-10225,VND-1036,PO-50225,2024-04-12,2024-05-12,2024-05-26,CC-100,1536.72,1536.72,0.0,Paid,EMP-102,EFT,Yes,Standard operational vendor invoice verified against goods received.
AP-INV-10226,VND-1017,PO-50226,2024-04-12,2024-05-12,2024-05-02,CC-600,1408.65,1408.65,0.0,Paid,EMP-102,Check,Yes,Standard operational vendor invoice verified against goods received.
AP-INV-10230,VND-1002,PO-50230,2024-04-13,2024-04-28,2024-05-02,CC-400,4638.0,4638.0,0.0,Paid,EMP-118,EFT,Yes,Standard operational vendor invoice verified against goods received.
AP-INV-10227,VND-1023,PO-50227,2024-04-13,2024-05-28,2024-04-29,CC-700,16405.39,16405.39,0.0,Paid,EMP-102,EFT,Yes,Standard operational vendor invoice verified against goods received.
AP-INV-10228,VND-1018,PO-50228,2024-04-13,2024-06-12,2024-05-21,CC-200,2397.24,2397.24,0.0,Paid,EMP-118,Corporate Card,Yes,Standard operational vendor invoice verified against goods received.
AP-INV-10229,VND-1027,PO-50229,2024-04-13,2024-06-12,2024-06-26,CC-400,10167.25,10167.25,0.0,Paid,EMP-104,Corporate Card,Yes,Standard operational vendor invoice verified against goods received.
AP-INV-10231,VND-1050,PO-50231,2024-04-14,2024-05-14,2024-05-13,CC-200,7277.21,7277.21,0.0,Paid,EMP-105,Check,Yes,Standard operational vendor invoice verified against goods received.
AP-INV-10232,VND-1035,PO-50232,2024-04-15,2024-05-15,2024-05-25,CC-400,3292.96,3292.96,0.0,Paid,EMP-102,Check,Yes,Standard operational vendor invoice verified against goods received.
AP-INV-10233,VND-1050,PO-50233,2024-04-15,2024-05-30,2024-05-15,CC-600,4020.7,4020.7,0.0,Paid,EMP-102,Corporate Card,Yes,Standard operational vendor invoice verified against goods received.
AP-INV-10234,VND-1003,PO-50234,2024-04-15,2024-04-30,2024-04-25,CC-700,3202.32,3202.32,0.0,Paid,EMP-102,ACH Wire,Yes,Standard operational vendor invoice verified against goods received.
AP-INV-10235,VND-1017,PO-50235,2024-04-16,2024-05-16,2024-05-31,CC-500,1127.47,1127.47,0.0,Paid,EMP-104,Corporate Card,Yes,Standard operational vendor invoice verified against goods received.
AP-INV-10236,VND-1037,PO-50236,2024-04-16,2024-05-31,2024-05-10,CC-400,5917.93,5917.93,0.0,Paid,EMP-118,ACH Wire,Yes,Standard operational vendor invoice verified against goods received.
AP-INV-10237,VND-1012,PO-50237,2024-04-16,2024-05-31,2024-05-21,CC-600,1633.1,1633.1,0.0,Paid,EMP-102,ACH Wire,Yes,Standard operational vendor invoice verified against goods received.
AP-INV-10238,VND-1030,PO-50238,2024-04-16,2024-05-31,2024-05-20,CC-500,260.77,260.77,0.0,Paid,EMP-102,ACH Wire,Yes,Standard operational vendor invoice verified against goods received.
AP-INV-10239,VND-1049,PO-50239,2024-04-17,2024-05-02,2024-05-15,CC-700,4816.36,4816.36,0.0,Paid,EMP-102,ACH Wire,Yes,Standard operational vendor invoice verified against goods received.
AP-INV-10240,VND-1025,PO-50240,2024-04-17,2024-05-17,2024-05-26,CC-300,1027.2,1027.2,0.0,Paid,EMP-102,Corporate Card,Yes,Standard operational vendor invoice verified against goods received.
AP-INV-10243,VND-1043,PO-50243,2024-04-18,2024-05-03,2024-05-02,CC-500,11235.79,11235.79,0.0,Paid,EMP-105,EFT,Yes,Standard operational vendor invoice verified against goods received.
AP-INV-10242,VND-1024,PO-50242,2024-04-18,2024-06-02,2024-06-06,CC-300,13999.03,13999.03,0.0,Paid,EMP-104,Corporate Card,Yes,Standard operational vendor invoice verified against goods received.
AP-INV-10241,VND-1033,PO-50241,2024-04-18,2024-05-18,2024-05-22,CC-500,12844.87,12844.87,0.0,Paid,EMP-118,EFT,Yes,Standard operational vendor invoice verified against goods received.
AP-INV-10245,VND-1041,PO-50245,2024-04-19,2024-06-18,2024-06-17,CC-200,220.1,220.1,0.0,Paid,EMP-118,ACH Wire,Yes,Standard operational vendor invoice verified against goods received.
AP-INV-10244,VND-1008,PO-50244,2024-04-19,2024-05-19,2024-05-08,CC-200,2230.29,2230.29,0.0,Paid,EMP-118,Check,Yes,Standard operational vendor invoice verified against goods received.
AP-INV-10246,VND-1036,PO-50246,2024-04-20,2024-05-20,2024-06-04,CC-600,12009.86,12009.86,0.0,Paid,EMP-104,Check,Yes,Standard operational vendor invoice verified against goods received.
AP-INV-10247,VND-1020,PO-50247,2024-04-20,2024-05-20,2024-05-20,CC-200,2665.22,2665.22,0.0,Paid,EMP-118,EFT,Yes,Standard operational vendor invoice verified against goods received.
AP-INV-10248,VND-1001,PO-50248,2024-04-21,2024-05-21,2024-05-13,CC-400,15453.79,15453.79,0.0,Paid,EMP-118,Check,Yes,Standard operational vendor invoice verified against goods received.
AP-INV-10249,VND-1028,PO-50249,2024-04-21,2024-06-05,2024-05-27,CC-600,15061.81,15061.81,0.0,Paid,EMP-118,Check,Yes,Standard operational vendor invoice verified against goods received.
AP-INV-10250,VND-1011,PO-50250,2024-04-21,2024-06-20,2024-05-04,CC-100,8778.24,8778.24,0.0,Paid,EMP-104,Corporate Card,Yes,Standard operational vendor invoice verified against goods received.
AP-INV-10251,VND-1016,PO-50251,2024-04-22,2024-05-22,2024-05-12,CC-500,1719.49,1719.49,0.0,Paid,EMP-118,Check,Yes,Standard operational vendor invoice verified against goods received.
AP-INV-10252,VND-1008,PO-50252,2024-04-23,2024-05-08,2024-05-11,CC-500,2338.31,2338.31,0.0,Paid,EMP-105,EFT,Yes,Standard operational vendor invoice verified against goods received.
AP-INV-10253,VND-1050,PO-50253,2024-04-23,2024-06-22,2024-05-30,CC-400,8721.27,8721.27,0.0,Paid,EMP-118,EFT,Yes,Standard operational vendor invoice verified against goods received.
AP-INV-10254,VND-1045,PO-50254,2024-04-24,2024-05-24,2024-05-23,CC-700,1865.16,1865.16,0.0,Paid,EMP-102,Check,Yes,Standard operational vendor invoice verified against goods received.
AP-INV-10255,VND-1018,PO-50255,2024-04-24,2024-05-09,2024-05-18,CC-300,985.73,985.73,0.0,Paid,EMP-102,ACH Wire,Yes,Standard operational vendor invoice verified against goods received.
AP-INV-10256,VND-1014,PO-50256,2024-04-24,2024-06-23,2024-06-17,CC-700,3811.82,3811.82,0.0,Paid,EMP-118,ACH Wire,Yes,Standard operational vendor invoice verified against goods received.
AP-INV-77102-DUP,VND-1015,PO-51715,2024-04-24,2024-05-24,2024-05-14,CC-500,18450.0,18450.0,0.0,Paid,EMP-118,Check,No,Duplicate freight billing - processed on alternative payment cycle.
AP-INV-10257,VND-1014,PO-50257,2024-04-25,2024-05-25,2024-05-08,CC-700,12530.82,12530.82,0.0,Paid,EMP-105,Corporate Card,Yes,Standard operational vendor invoice verified against goods received.
AP-INV-10258,VND-1041,PO-50258,2024-04-25,2024-05-25,2024-05-25,CC-500,5508.72,5508.72,0.0,Paid,EMP-105,Corporate Card,Yes,Standard operational vendor invoice verified against goods received.
AP-INV-10259,VND-1039,PO-50259,2024-04-25,2024-06-24,2024-05-17,CC-300,3948.51,3948.51,0.0,Paid,EMP-104,Check,Yes,Standard operational vendor invoice verified against goods received.
AP-INV-10263,VND-1005,PO-50263,2024-04-26,2024-05-11,2024-05-18,CC-600,829.14,829.14,0.0,Paid,EMP-105,Corporate Card,Yes,Standard operational vendor invoice verified against goods received.
AP-INV-10262,VND-1039,PO-50262,2024-04-26,2024-05-26,2024-06-01,CC-600,20897.56,20897.56,0.0,Paid,EMP-118,Check,Yes,Standard operational vendor invoice verified against goods received.
AP-INV-10261,VND-1049,PO-50261,2024-04-26,2024-05-26,2024-05-31,CC-300,4445.39,4445.39,0.0,Paid,EMP-118,ACH Wire,Yes,Standard operational vendor invoice verified against goods received.
AP-INV-10260,VND-1019,PO-50260,2024-04-26,2024-05-26,2024-05-14,CC-700,610.03,610.03,0.0,Paid,EMP-104,ACH Wire,Yes,Standard operational vendor invoice verified against goods received.
AP-INV-10264,VND-1033,PO-50264,2024-04-27,2024-06-26,2024-05-07,CC-300,3437.23,3437.23,0.0,Paid,EMP-102,Check,Yes,Standard operational vendor invoice verified against goods received.
AP-INV-10265,VND-1044,PO-50265,2024-04-27,2024-05-27,2024-05-11,CC-600,9593.74,9593.74,0.0,Paid,EMP-118,ACH Wire,Yes,Standard operational vendor invoice verified against goods received.
AP-INV-10269,VND-1030,PO-50269,2024-04-28,2024-05-13,2024-05-21,CC-400,2154.72,2154.72,0.0,Paid,EMP-104,ACH Wire,Yes,Standard operational vendor invoice verified against goods received.
AP-INV-10268,VND-1003,PO-50268,2024-04-28,2024-06-12,2024-05-09,CC-100,5605.29,5605.29,0.0,Paid,EMP-102,ACH Wire,Yes,Standard operational vendor invoice verified against goods received.
AP-INV-10267,VND-1037,PO-50267,2024-04-28,2024-05-28,2024-06-08,CC-500,5523.33,5523.33,0.0,Paid,EMP-105,EFT,Yes,Standard operational vendor invoice verified against goods received.
AP-INV-10266,VND-1014,PO-50266,2024-04-28,2024-05-28,2024-05-28,CC-400,6225.15,6225.15,0.0,Paid,EMP-105,Corporate Card,Yes,Standard operational vendor invoice verified against goods received.
AP-INV-10270,VND-1021,PO-50270,2024-04-29,2024-05-29,2024-05-14,CC-200,1714.03,1714.03,0.0,Paid,EMP-105,Corporate Card,Yes,Standard operational vendor invoice verified against goods received.
AP-INV-10271,VND-1006,PO-50271,2024-04-29,2024-05-29,2024-05-12,CC-300,7608.19,7608.19,0.0,Paid,EMP-118,Corporate Card,Yes,Standard operational vendor invoice verified against goods received.
AP-INV-10272,VND-1050,PO-50272,2024-04-29,2024-05-29,2024-06-05,CC-600,7625.98,7625.98,0.0,Paid,EMP-102,EFT,Yes,Standard operational vendor invoice verified against goods received.
AP-INV-10273,VND-1032,PO-50273,2024-04-30,2024-05-30,2024-05-24,CC-100,9230.78,9230.78,0.0,Paid,EMP-118,EFT,Yes,Standard operational vendor invoice verified against goods received.
AP-INV-10274,VND-1023,PO-50274,2024-05-01,2024-05-16,2024-05-24,CC-700,11150.77,11150.77,0.0,Paid,EMP-104,Check,Yes,Standard operational vendor invoice verified against goods received.
AP-INV-10275,VND-1026,PO-50275,2024-05-02,2024-05-17,2024-05-15,CC-100,3372.42,3372.42,0.0,Paid,EMP-105,Corporate Card,Yes,Standard operational vendor invoice verified against goods received.
AP-INV-10278,VND-1044,PO-50278,2024-05-03,2024-06-02,2024-06-08,CC-600,4873.74,4873.74,0.0,Paid,EMP-118,ACH Wire,Yes,Standard operational vendor invoice verified against goods received.
AP-INV-10277,VND-1043,PO-50277,2024-05-03,2024-06-02,2024-06-10,CC-600,7354.27,7354.27,0.0,Paid,EMP-105,ACH Wire,Yes,Standard operational vendor invoice verified against goods received.
AP-INV-10276,VND-1009,PO-50276,2024-05-03,2024-06-02,2024-05-22,CC-400,3282.83,3282.83,0.0,Paid,EMP-102,EFT,Yes,Standard operational vendor invoice verified against goods received.
AP-INV-10279,VND-1007,PO-50279,2024-05-04,2024-05-19,2024-06-01,CC-200,5597.48,5597.48,0.0,Paid,EMP-118,Corporate Card,Yes,Standard operational vendor invoice verified against goods received.
AP-INV-10280,VND-1022,PO-50280,2024-05-05,2024-06-04,2024-05-30,CC-700,7298.79,7298.79,0.0,Paid,EMP-105,EFT,Yes,Standard operational vendor invoice verified against goods received.
AP-INV-10281,VND-1017,PO-50281,2024-05-05,2024-07-04,2024-06-20,CC-500,10082.96,10082.96,0.0,Paid,EMP-102,Corporate Card,Yes,Standard operational vendor invoice verified against goods received.
AP-INV-10282,VND-1014,PO-50282,2024-05-05,2024-07-04,2024-07-19,CC-500,2006.17,2006.17,0.0,Paid,EMP-104,Check,Yes,Standard operational vendor invoice verified against goods received.
AP-INV-10283,VND-1020,PO-50283,2024-05-05,2024-05-20,2024-05-22,CC-600,2269.22,2269.22,0.0,Paid,EMP-118,Check,Yes,Standard operational vendor invoice verified against goods received.
AP-INV-10284,VND-1033,PO-50284,2024-05-06,2024-07-05,2024-05-25,CC-600,594.13,594.13,0.0,Paid,EMP-102,Corporate Card,Yes,Standard operational vendor invoice verified against goods received.
AP-INV-10287,VND-1014,PO-50287,2024-05-07,2024-05-22,2024-05-29,CC-100,2969.73,2969.73,0.0,Paid,EMP-105,Check,Yes,Standard operational vendor invoice verified against goods received.
AP-INV-10286,VND-1032,PO-50286,2024-05-07,2024-05-22,2024-05-17,CC-700,314.72,314.72,0.0,Paid,EMP-102,Corporate Card,Yes,Standard operational vendor invoice verified against goods received.
AP-INV-10285,VND-1009,PO-50285,2024-05-07,2024-07-06,2024-07-09,CC-400,4035.36,4035.36,0.0,Paid,EMP-105,ACH Wire,Yes,Standard operational vendor invoice verified against goods received.
AP-INV-10288,VND-1029,PO-50288,2024-05-07,2024-06-21,2024-05-22,CC-600,3670.33,3670.33,0.0,Paid,EMP-104,Corporate Card,Yes,Standard operational vendor invoice verified against goods received.
AP-INV-10289,VND-1006,PO-50289,2024-05-08,2024-06-07,2024-05-27,CC-500,1669.34,1669.34,0.0,Paid,EMP-105,Check,Yes,Standard operational vendor invoice verified against goods received.
AP-INV-10291,VND-1004,PO-50291,2024-05-09,2024-05-24,2024-06-01,CC-200,289.39,289.39,0.0,Paid,EMP-102,Check,Yes,Standard operational vendor invoice verified against goods received.
AP-INV-10290,VND-1045,PO-50290,2024-05-09,2024-05-24,2024-05-28,CC-600,4171.35,4171.35,0.0,Paid,EMP-118,ACH Wire,Yes,Standard operational vendor invoice verified against goods received.
AP-INV-10292,VND-1004,PO-50292,2024-05-10,2024-06-09,2024-05-27,CC-300,321.29,321.29,0.0,Paid,EMP-102,ACH Wire,Yes,Standard operational vendor invoice verified against goods received.
AP-INV-10293,VND-1048,PO-50293,2024-05-10,2024-06-09,2024-06-20,CC-100,7932.08,7932.08,0.0,Paid,EMP-105,Corporate Card,Yes,Standard operational vendor invoice verified against goods received.
AP-INV-10294,VND-1011,PO-50294,2024-05-10,2024-06-09,2024-06-06,CC-300,2159.63,2159.63,0.0,Paid,EMP-102,EFT,Yes,Standard operational vendor invoice verified against goods received.
AP-INV-10295,VND-1029,PO-50295,2024-05-11,2024-07-10,2024-05-29,CC-300,761.5,761.5,0.0,Paid,EMP-105,EFT,Yes,Standard operational vendor invoice verified against goods received.
AP-INV-10296,VND-1033,PO-50296,2024-05-11,2024-07-10,2024-07-06,CC-400,3473.94,3473.94,0.0,Paid,EMP-102,Check,Yes,Standard operational vendor invoice verified against goods received.
AP-INV-10297,VND-1011,PO-50297,2024-05-12,2024-06-11,2024-06-07,CC-300,6763.42,6763.42,0.0,Paid,EMP-102,EFT,Yes,Standard operational vendor invoice verified against goods received.
AP-INV-10298,VND-1016,PO-50298,2024-05-12,2024-07-11,2024-05-22,CC-600,1244.03,1219.15,24.88,Paid,EMP-102,ACH Wire,Yes,Standard operational vendor invoice verified against goods received.
AP-INV-10299,VND-1003,PO-50299,2024-05-12,2024-06-11,2024-06-15,CC-400,4538.49,4538.49,0.0,Paid,EMP-104,ACH Wire,Yes,Standard operational vendor invoice verified against goods received.
AP-INV-10300,VND-1003,PO-50300,2024-05-13,2024-06-27,2024-06-06,CC-500,551.45,551.45,0.0,Paid,EMP-105,ACH Wire,Yes,Standard operational vendor invoice verified against goods received.
AP-INV-10301,VND-1028,PO-50301,2024-05-13,2024-06-12,2024-06-09,CC-600,388.79,388.79,0.0,Paid,EMP-102,Corporate Card,Yes,Standard operational vendor invoice verified against goods received.
AP-INV-10303,VND-1027,PO-50303,2024-05-13,2024-06-27,2024-06-10,CC-100,3650.6,3650.6,0.0,Paid,EMP-105,Corporate Card,Yes,Standard operational vendor invoice verified against goods received.
AP-INV-10302,VND-1008,PO-50302,2024-05-13,2024-05-28,2024-05-28,CC-500,3560.59,3560.59,0.0,Paid,EMP-104,EFT,Yes,Standard operational vendor invoice verified against goods received.
AP-INV-10304,VND-1031,PO-50304,2024-05-14,2024-06-13,2024-06-05,CC-100,4715.42,4715.42,0.0,Paid,EMP-105,Corporate Card,Yes,Standard operational vendor invoice verified against goods received.
AP-INV-10307,VND-1044,PO-50307,2024-05-15,2024-05-30,2024-06-04,CC-700,3418.31,3418.31,0.0,Paid,EMP-102,Check,Yes,Standard operational vendor invoice verified against goods received.
AP-INV-10306,VND-1010,PO-50306,2024-05-15,2024-06-29,2024-05-26,CC-100,16906.01,16906.01,0.0,Paid,EMP-104,Corporate Card,Yes,Standard operational vendor invoice verified against goods received.
AP-INV-10305,VND-1017,PO-50305,2024-05-15,2024-06-14,2024-06-25,CC-400,5977.32,5977.32,0.0,Paid,EMP-104,ACH Wire,Yes,Standard operational vendor invoice verified against goods received.
AP-INV-10310,VND-1016,PO-50310,2024-05-16,2024-07-15,2024-07-17,CC-700,1571.33,1571.33,0.0,Paid,EMP-105,Check,Yes,Standard operational vendor invoice verified against goods received.
AP-INV-10309,VND-1033,PO-50309,2024-05-16,2024-06-15,2024-06-12,CC-100,7285.44,7285.44,0.0,Paid,EMP-102,EFT,Yes,Standard operational vendor invoice verified against goods received.
AP-INV-10308,VND-1050,PO-50308,2024-05-16,2024-05-31,2024-06-01,CC-300,1905.09,1905.09,0.0,Paid,EMP-104,Check,Yes,Standard operational vendor invoice verified against goods received.
AP-INV-10312,VND-1005,PO-50312,2024-05-17,2024-07-16,2024-06-03,CC-500,517.67,517.67,0.0,Paid,EMP-118,ACH Wire,Yes,Standard operational vendor invoice verified against goods received.
AP-INV-10314,VND-1022,PO-50314,2024-05-17,2024-06-16,2024-06-10,CC-400,14943.21,14943.21,0.0,Paid,EMP-102,ACH Wire,Yes,Standard operational vendor invoice verified against goods received.
AP-INV-10311,VND-1006,PO-50311,2024-05-17,2024-06-01,2024-06-12,CC-500,2750.93,2750.93,0.0,Paid,EMP-104,Check,Yes,Standard operational vendor invoice verified against goods received.
AP-INV-10313,VND-1017,PO-50313,2024-05-17,2024-06-16,2024-06-16,CC-300,265.55,265.55,0.0,Paid,EMP-118,Corporate Card,Yes,Standard operational vendor invoice verified against goods received.
AP-INV-10315,VND-1040,PO-50315,2024-05-18,2024-06-17,2024-06-03,CC-100,8284.95,8284.95,0.0,Paid,EMP-104,Check,Yes,Standard operational vendor invoice verified against goods received.
AP-INV-10316,VND-1028,PO-50316,2024-05-19,2024-07-18,2024-07-13,CC-100,5507.89,5507.89,0.0,Paid,EMP-104,Check,Yes,Standard operational vendor invoice verified against goods received.
AP-INV-10317,VND-1021,PO-50317,2024-05-19,2024-06-18,2024-06-05,CC-400,2516.37,2516.37,0.0,Paid,EMP-102,ACH Wire,Yes,Standard operational vendor invoice verified against goods received.
AP-INV-10318,VND-1021,PO-50318,2024-05-20,2024-07-19,2024-06-04,CC-700,1006.38,1006.38,0.0,Paid,EMP-104,Corporate Card,Yes,Standard operational vendor invoice verified against goods received.
AP-INV-10319,VND-1010,PO-50319,2024-05-20,2024-06-19,2024-06-21,CC-100,915.54,915.54,0.0,Paid,EMP-118,EFT,Yes,Standard operational vendor invoice verified against goods received.
AP-INV-10320,VND-1047,PO-50320,2024-05-20,2024-06-19,2024-06-10,CC-300,1446.03,1446.03,0.0,Paid,EMP-102,Check,Yes,Standard operational vendor invoice verified against goods received.
AP-INV-10321,VND-1037,PO-50321,2024-05-21,2024-07-20,2024-07-01,CC-600,3735.56,3735.56,0.0,Paid,EMP-102,Check,Yes,Standard operational vendor invoice verified against goods received.
AP-INV-10322,VND-1007,PO-50322,2024-05-21,2024-06-20,2024-06-07,CC-700,5792.32,5792.32,0.0,Paid,EMP-102,EFT,Yes,Standard operational vendor invoice verified against goods received.
AP-INV-10323,VND-1016,PO-50323,2024-05-21,2024-06-20,2024-06-25,CC-200,5007.26,5007.26,0.0,Paid,EMP-105,EFT,Yes,Standard operational vendor invoice verified against goods received.
AP-INV-11716,VND-1038,NONE-EMERGENCY,2024-05-22,2024-05-23,2024-05-24,CC-500,21214.8,21214.8,0.0,Paid,EMP-118,ACH Wire,No,Executive supply chain optimization & strategic restructuring advisory retainer.
AP-INV-10324,VND-1018,PO-50324,2024-05-22,2024-06-06,2024-06-01,CC-700,1627.86,1627.86,0.0,Paid,EMP-104,Check,Yes,Standard operational vendor invoice verified against goods received.
AP-INV-10325,VND-1009,PO-50325,2024-05-22,2024-06-21,2024-06-08,CC-100,14091.47,14091.47,0.0,Paid,EMP-102,Check,Yes,Standard operational vendor invoice verified against goods received.
AP-INV-10326,VND-1039,PO-50326,2024-05-23,2024-07-07,2024-07-03,CC-400,6175.58,6175.58,0.0,Paid,EMP-102,Check,Yes,Standard operational vendor invoice verified against goods received.
AP-INV-10327,VND-1012,PO-50327,2024-05-24,2024-06-23,2024-06-14,CC-300,3787.04,3787.04,0.0,Paid,EMP-105,Corporate Card,Yes,Standard operational vendor invoice verified against goods received.
AP-INV-10329,VND-1033,PO-50329,2024-05-24,2024-07-23,2024-08-03,CC-400,2598.17,2598.17,0.0,Paid,EMP-102,EFT,Yes,Standard operational vendor invoice verified against goods received.
AP-INV-10328,VND-1030,PO-50328,2024-05-24,2024-06-08,2024-06-22,CC-200,4407.14,4407.14,0.0,Paid,EMP-104,Corporate Card,Yes,Standard operational vendor invoice verified against goods received.
AP-INV-10331,VND-1026,PO-50331,2024-05-25,2024-06-24,2024-07-04,CC-700,2130.06,2130.06,0.0,Paid,EMP-118,Corporate Card,Yes,Standard operational vendor invoice verified against goods received.
AP-INV-10330,VND-1009,PO-50330,2024-05-25,2024-06-24,2024-07-07,CC-400,1430.98,1430.98,0.0,Paid,EMP-104,EFT,Yes,Standard operational vendor invoice verified against goods received.
AP-INV-10334,VND-1032,PO-50334,2024-05-26,2024-06-25,2024-06-19,CC-500,705.21,705.21,0.0,Paid,EMP-104,EFT,Yes,Standard operational vendor invoice verified against goods received.
AP-INV-10333,VND-1022,PO-50333,2024-05-26,2024-06-25,2024-06-06,CC-500,215.24,215.24,0.0,Paid,EMP-105,EFT,Yes,Standard operational vendor invoice verified against goods received.
AP-INV-10332,VND-1034,PO-50332,2024-05-26,2024-07-10,2024-06-22,CC-300,6531.82,6531.82,0.0,Paid,EMP-104,EFT,Yes,Standard operational vendor invoice verified against goods received.
AP-INV-10335,VND-1017,PO-50335,2024-05-26,2024-06-25,2024-06-22,CC-600,361.92,361.92,0.0,Paid,EMP-102,ACH Wire,Yes,Standard operational vendor invoice verified against goods received.
AP-INV-10336,VND-1026,PO-50336,2024-05-27,2024-06-26,2024-06-17,CC-300,337.12,337.12,0.0,Paid,EMP-104,Corporate Card,Yes,Standard operational vendor invoice verified against goods received.
AP-INV-10337,VND-1048,PO-50337,2024-05-27,2024-07-26,2024-06-09,CC-300,8853.91,8853.91,0.0,Paid,EMP-105,ACH Wire,Yes,Standard operational vendor invoice verified against goods received.
AP-INV-10338,VND-1013,PO-50338,2024-05-28,2024-07-12,2024-07-11,CC-700,5623.08,5623.08,0.0,Paid,EMP-105,ACH Wire,Yes,Standard operational vendor invoice verified against goods received.
AP-INV-10339,VND-1033,PO-50339,2024-05-28,2024-06-12,2024-06-08,CC-100,3042.53,3042.53,0.0,Paid,EMP-104,ACH Wire,Yes,Standard operational vendor invoice verified against goods received.
AP-INV-10340,VND-1032,PO-50340,2024-05-29,2024-06-28,2024-06-20,CC-100,613.31,613.31,0.0,Paid,EMP-104,Corporate Card,Yes,Standard operational vendor invoice verified against goods received.
AP-INV-10343,VND-1040,PO-50343,2024-05-30,2024-06-29,2024-06-28,CC-100,1005.88,1005.88,0.0,Paid,EMP-105,ACH Wire,Yes,Standard operational vendor invoice verified against goods received.
AP-INV-10342,VND-1035,PO-50342,2024-05-30,2024-06-29,2024-06-13,CC-700,3036.53,3036.53,0.0,Paid,EMP-105,Check,Yes,Standard operational vendor invoice verified against goods received.
AP-INV-10341,VND-1022,PO-50341,2024-05-30,2024-06-14,2024-06-13,CC-100,3194.33,3194.33,0.0,Paid,EMP-104,EFT,Yes,Standard operational vendor invoice verified against goods received.
AP-INV-10346,VND-1026,PO-50346,2024-05-31,2024-06-30,2024-06-18,CC-300,4455.25,4455.25,0.0,Paid,EMP-104,EFT,Yes,Standard operational vendor invoice verified against goods received.
AP-INV-10345,VND-1049,PO-50345,2024-05-31,2024-07-30,2024-07-25,CC-500,2437.51,2437.51,0.0,Paid,EMP-104,ACH Wire,Yes,Standard operational vendor invoice verified against goods received.
AP-INV-10344,VND-1050,PO-50344,2024-05-31,2024-07-15,2024-07-21,CC-400,2710.05,2710.05,0.0,Paid,EMP-105,ACH Wire,Yes,Standard operational vendor invoice verified against goods received.
AP-INV-10347,VND-1048,PO-50347,2024-05-31,2024-07-15,2024-07-29,CC-500,4686.52,4686.52,0.0,Paid,EMP-102,ACH Wire,Yes,Standard operational vendor invoice verified against goods received.
AP-INV-10348,VND-1043,PO-50348,2024-06-01,2024-07-31,2024-06-24,CC-200,358.63,358.63,0.0,Paid,EMP-118,ACH Wire,Yes,Standard operational vendor invoice verified against goods received.
AP-INV-10350,VND-1011,PO-50350,2024-06-01,2024-06-16,2024-07-01,CC-600,4574.06,4574.06,0.0,Paid,EMP-105,Check,Yes,Standard operational vendor invoice verified against goods received.
AP-INV-10349,VND-1023,PO-50349,2024-06-01,2024-06-16,2024-06-18,CC-600,2262.23,2262.23,0.0,Paid,EMP-105,Corporate Card,Yes,Standard operational vendor invoice verified against goods received.
AP-INV-10351,VND-1014,PO-50351,2024-06-02,2024-06-17,2024-06-23,CC-200,3297.48,3297.48,0.0,Paid,EMP-105,EFT,Yes,Standard operational vendor invoice verified against goods received.
AP-INV-10352,VND-1004,PO-50352,2024-06-03,2024-07-18,2024-07-29,CC-400,8886.07,8886.07,0.0,Paid,EMP-118,ACH Wire,Yes,Standard operational vendor invoice verified against goods received.
AP-INV-10353,VND-1028,PO-50353,2024-06-03,2024-07-18,2024-07-05,CC-400,4987.39,4987.39,0.0,Paid,EMP-118,EFT,Yes,Standard operational vendor invoice verified against goods received.
AP-INV-10354,VND-1032,PO-50354,2024-06-03,2024-08-02,2024-07-11,CC-700,950.34,950.34,0.0,Paid,EMP-104,Check,Yes,Standard operational vendor invoice verified against goods received.
AP-INV-10355,VND-1003,PO-50355,2024-06-04,2024-06-19,2024-06-24,CC-300,479.32,479.32,0.0,Paid,EMP-105,EFT,Yes,Standard operational vendor invoice verified against goods received.
AP-INV-10356,VND-1011,PO-50356,2024-06-05,2024-07-05,2024-06-19,CC-400,4777.77,4777.77,0.0,Paid,EMP-102,Corporate Card,Yes,Standard operational vendor invoice verified against goods received.
AP-INV-10358,VND-1011,PO-50358,2024-06-06,2024-06-21,2024-06-26,CC-100,4116.06,4116.06,0.0,Paid,EMP-104,ACH Wire,Yes,Standard operational vendor invoice verified against goods received.
AP-INV-10357,VND-1043,PO-50357,2024-06-06,2024-06-21,2024-06-29,CC-400,270.91,270.91,0.0,Paid,EMP-104,Check,Yes,Standard operational vendor invoice verified against goods received.
AP-INV-10360,VND-1017,PO-50360,2024-06-07,2024-06-22,2024-06-29,CC-100,4005.52,4005.52,0.0,Paid,EMP-118,ACH Wire,Yes,Standard operational vendor invoice verified against goods received.
AP-INV-10359,VND-1037,PO-50359,2024-06-07,2024-08-06,2024-07-20,CC-600,12827.65,12827.65,0.0,Paid,EMP-105,Corporate Card,Yes,Standard operational vendor invoice verified against goods received.
AP-INV-10361,VND-1001,PO-50361,2024-06-08,2024-06-23,2024-06-27,CC-400,2360.85,2360.85,0.0,Paid,EMP-118,ACH Wire,Yes,Standard operational vendor invoice verified against goods received.
AP-INV-10362,VND-1014,PO-50362,2024-06-09,2024-07-09,2024-06-24,CC-200,4788.72,4788.72,0.0,Paid,EMP-118,EFT,Yes,Standard operational vendor invoice verified against goods received.
AP-INV-10363,VND-1027,PO-50363,2024-06-10,2024-07-25,2024-08-01,CC-400,2908.3,2908.3,0.0,Paid,EMP-105,EFT,Yes,Standard operational vendor invoice verified against goods received.
AP-INV-10364,VND-1045,PO-50364,2024-06-10,2024-07-25,2024-07-01,CC-500,3699.66,3699.66,0.0,Paid,EMP-105,Check,Yes,Standard operational vendor invoice verified against goods received.
AP-INV-10365,VND-1030,PO-50365,2024-06-11,2024-07-11,2024-07-19,CC-100,12921.57,12921.57,0.0,Paid,EMP-118,Corporate Card,Yes,Standard operational vendor invoice verified against goods received.
AP-INV-10366,VND-1016,PO-50366,2024-06-11,2024-07-11,2024-06-24,CC-700,2345.67,2345.67,0.0,Paid,EMP-104,EFT,Yes,Standard operational vendor invoice verified against goods received.
AP-INV-10367,VND-1024,PO-50367,2024-06-12,2024-08-11,2024-08-13,CC-700,14770.91,14770.91,0.0,Paid,EMP-104,EFT,Yes,Standard operational vendor invoice verified against goods received.
AP-INV-10370,VND-1008,PO-50370,2024-06-13,2024-07-28,2024-07-04,CC-700,473.48,473.48,0.0,Paid,EMP-104,ACH Wire,Yes,Standard operational vendor invoice verified against goods received.
AP-INV-10369,VND-1021,PO-50369,2024-06-13,2024-07-28,2024-08-07,CC-100,1130.53,1130.53,0.0,Paid,EMP-102,ACH Wire,Yes,Standard operational vendor invoice verified against goods received.
AP-INV-10368,VND-1035,PO-50368,2024-06-13,2024-08-12,2024-08-22,CC-400,10759.09,10759.09,0.0,Paid,EMP-104,Check,Yes,Standard operational vendor invoice verified against goods received.
AP-INV-10371,VND-1009,PO-50371,2024-06-14,2024-07-29,2024-06-29,CC-100,628.01,628.01,0.0,Paid,EMP-118,ACH Wire,Yes,Standard operational vendor invoice verified against goods received.
AP-INV-10372,VND-1044,PO-50372,2024-06-14,2024-08-13,2024-07-27,CC-200,232.75,232.75,0.0,Paid,EMP-105,EFT,Yes,Standard operational vendor invoice verified against goods received.
AP-INV-10373,VND-1006,PO-50373,2024-06-14,2024-08-13,2024-08-13,CC-400,596.42,596.42,0.0,Paid,EMP-105,Corporate Card,Yes,Standard operational vendor invoice verified against goods received.
AP-INV-10375,VND-1010,PO-50375,2024-06-15,2024-08-14,2024-07-07,CC-200,482.32,482.32,0.0,Paid,EMP-102,EFT,Yes,Standard operational vendor invoice verified against goods received.
AP-INV-10374,VND-1001,PO-50374,2024-06-15,2024-08-14,2024-08-17,CC-700,5319.94,5319.94,0.0,Paid,EMP-102,Check,Yes,Standard operational vendor invoice verified against goods received.
AP-INV-10376,VND-1036,PO-50376,2024-06-16,2024-07-31,2024-07-12,CC-300,1878.71,1878.71,0.0,Paid,EMP-118,Check,Yes,Standard operational vendor invoice verified against goods received.
AP-INV-10377,VND-1039,PO-50377,2024-06-16,2024-07-31,2024-06-28,CC-500,8535.87,8535.87,0.0,Paid,EMP-104,Corporate Card,Yes,Standard operational vendor invoice verified against goods received.
AP-INV-10378,VND-1027,PO-50378,2024-06-16,2024-08-15,2024-08-16,CC-200,255.96,255.96,0.0,Paid,EMP-102,Check,Yes,Standard operational vendor invoice verified against goods received.
AP-INV-10380,VND-1025,PO-50380,2024-06-17,2024-07-17,2024-07-16,CC-100,1639.88,1639.88,0.0,Paid,EMP-105,Corporate Card,Yes,Standard operational vendor invoice verified against goods received.
AP-INV-10379,VND-1023,PO-50379,2024-06-17,2024-07-17,2024-06-30,CC-600,7730.39,7730.39,0.0,Paid,EMP-118,Corporate Card,Yes,Standard operational vendor invoice verified against goods received.
AP-INV-10381,VND-1033,PO-50381,2024-06-17,2024-07-02,2024-07-04,CC-700,715.88,715.88,0.0,Paid,EMP-104,Corporate Card,Yes,Standard operational vendor invoice verified against goods received.
AP-INV-10384,VND-1004,PO-50384,2024-06-18,2024-07-18,2024-07-02,CC-500,9597.37,9597.37,0.0,Paid,EMP-105,Check,Yes,Standard operational vendor invoice verified against goods received.
AP-INV-10383,VND-1013,PO-50383,2024-06-18,2024-07-18,2024-07-24,CC-400,4611.3,4611.3,0.0,Paid,EMP-118,Corporate Card,Yes,Standard operational vendor invoice verified against goods received.
AP-INV-10382,VND-1030,PO-50382,2024-06-18,2024-07-18,2024-07-15,CC-700,5519.2,5519.2,0.0,Paid,EMP-118,EFT,Yes,Standard operational vendor invoice verified against goods received.
AP-INV-10385,VND-1009,PO-50385,2024-06-18,2024-08-17,2024-07-01,CC-700,6127.32,6127.32,0.0,Paid,EMP-104,ACH Wire,Yes,Standard operational vendor invoice verified against goods received.
AP-INV-10386,VND-1013,PO-50386,2024-06-19,2024-07-04,2024-07-06,CC-700,7471.48,7471.48,0.0,Paid,EMP-102,Check,Yes,Standard operational vendor invoice verified against goods received.
AP-INV-10387,VND-1004,PO-50387,2024-06-19,2024-07-19,2024-07-16,CC-300,1641.0,1641.0,0.0,Paid,EMP-105,Check,Yes,Standard operational vendor invoice verified against goods received.
AP-INV-10388,VND-1034,PO-50388,2024-06-19,2024-07-04,2024-06-29,CC-400,1029.0,1008.42,20.58,Paid,EMP-118,Check,Yes,Standard operational vendor invoice verified against goods received.
AP-INV-10389,VND-1032,PO-50389,2024-06-20,2024-08-19,2024-08-13,CC-500,6399.4,6399.4,0.0,Paid,EMP-105,ACH Wire,Yes,Standard operational vendor invoice verified against goods received.
AP-INV-11672,VND-1042,PO-51672,2024-06-20,2024-07-05,2024-06-30,CC-300,4992.25,4992.25,0.0,Paid,EMP-103,ACH Wire,No,Expedited cloud analytics consulting modules - approved under departmental limit.
AP-INV-11673,VND-1042,PO-51673,2024-06-20,2024-07-05,2024-06-30,CC-300,4987.74,4987.74,0.0,Paid,EMP-103,ACH Wire,No,Expedited cloud analytics consulting modules - approved under departmental limit.
AP-INV-11674,VND-1042,PO-51674,2024-06-21,2024-07-06,2024-07-01,CC-300,4936.73,4936.73,0.0,Paid,EMP-103,ACH Wire,No,Expedited cloud analytics consulting modules - approved under departmental limit.
AP-INV-10390,VND-1018,PO-50390,2024-06-21,2024-07-06,2024-07-10,CC-600,7548.94,7548.94,0.0,Paid,EMP-102,Check,Yes,Standard operational vendor invoice verified against goods received.
AP-INV-10392,VND-1047,PO-50392,2024-06-21,2024-07-21,2024-07-27,CC-200,2544.36,2544.36,0.0,Paid,EMP-102,EFT,Yes,Standard operational vendor invoice verified against goods received.
AP-INV-10391,VND-1004,PO-50391,2024-06-21,2024-08-20,2024-07-28,CC-200,21106.52,21106.52,0.0,Paid,EMP-104,ACH Wire,Yes,Standard operational vendor invoice verified against goods received.
AP-INV-11675,VND-1042,PO-51675,2024-06-21,2024-07-06,2024-07-01,CC-300,4938.8,4938.8,0.0,Paid,EMP-103,ACH Wire,No,Expedited cloud analytics consulting modules - approved under departmental limit.
AP-INV-10394,VND-1029,PO-50394,2024-06-22,2024-07-22,2024-07-31,CC-400,6890.8,6890.8,0.0,Paid,EMP-105,ACH Wire,Yes,Standard operational vendor invoice verified against goods received.
AP-INV-10393,VND-1009,PO-50393,2024-06-22,2024-07-22,2024-07-02,CC-600,2243.6,2198.73,44.87,Paid,EMP-105,Corporate Card,Yes,Standard operational vendor invoice verified against goods received.
AP-INV-11676,VND-1042,PO-51676,2024-06-23,2024-07-08,2024-07-03,CC-300,4861.69,4861.69,0.0,Paid,EMP-103,ACH Wire,No,Expedited cloud analytics consulting modules - approved under departmental limit.
AP-INV-11677,VND-1042,PO-51677,2024-06-23,2024-07-08,2024-07-03,CC-300,4929.96,4929.96,0.0,Paid,EMP-103,ACH Wire,No,Expedited cloud analytics consulting modules - approved under departmental limit.
AP-INV-10396,VND-1034,PO-50396,2024-06-23,2024-07-23,2024-08-07,CC-600,12165.62,12165.62,0.0,Paid,EMP-105,Corporate Card,Yes,Standard operational vendor invoice verified against goods received.
AP-INV-10395,VND-1047,PO-50395,2024-06-23,2024-08-22,2024-08-22,CC-500,2025.3,2025.3,0.0,Paid,EMP-102,EFT,Yes,Standard operational vendor invoice verified against goods received.
AP-INV-10397,VND-1032,PO-50397,2024-06-24,2024-07-24,2024-07-21,CC-100,8946.78,8946.78,0.0,Paid,EMP-105,Corporate Card,Yes,Standard operational vendor invoice verified against goods received.
AP-INV-10398,VND-1018,PO-50398,2024-06-24,2024-07-24,2024-07-16,CC-600,2671.6,2671.6,0.0,Paid,EMP-104,ACH Wire,Yes,Standard operational vendor invoice verified against goods received.
AP-INV-10399,VND-1004,PO-50399,2024-06-24,2024-08-23,2024-08-24,CC-700,6404.03,6404.03,0.0,Paid,EMP-105,ACH Wire,Yes,Standard operational vendor invoice verified against goods received.
AP-INV-10402,VND-1050,PO-50402,2024-06-25,2024-07-25,2024-08-08,CC-600,10628.01,10628.01,0.0,Paid,EMP-118,Corporate Card,Yes,Standard operational vendor invoice verified against goods received.
AP-INV-10400,VND-1045,PO-50400,2024-06-25,2024-07-25,2024-07-21,CC-400,6470.85,6470.85,0.0,Paid,EMP-118,Check,Yes,Standard operational vendor invoice verified against goods received.
AP-INV-10401,VND-1026,PO-50401,2024-06-25,2024-07-10,2024-07-23,CC-600,639.77,639.77,0.0,Paid,EMP-104,Corporate Card,Yes,Standard operational vendor invoice verified against goods received.
AP-INV-10404,VND-1032,PO-50404,2024-06-26,2024-07-26,2024-08-10,CC-200,8031.0,8031.0,0.0,Paid,EMP-104,Corporate Card,Yes,Standard operational vendor invoice verified against goods received.
AP-INV-10403,VND-1011,PO-50403,2024-06-26,2024-08-25,2024-07-29,CC-700,3316.68,3316.68,0.0,Paid,EMP-105,EFT,Yes,Standard operational vendor invoice verified against goods received.
AP-INV-10405,VND-1016,PO-50405,2024-06-27,2024-07-27,2024-07-26,CC-300,1885.81,1885.81,0.0,Paid,EMP-118,Corporate Card,Yes,Standard operational vendor invoice verified against goods received.
AP-INV-10406,VND-1025,PO-50406,2024-06-27,2024-08-26,2024-08-13,CC-300,10314.56,10314.56,0.0,Paid,EMP-118,EFT,Yes,Standard operational vendor invoice verified against goods received.
AP-INV-10407,VND-1032,PO-50407,2024-06-27,2024-08-26,2024-07-16,CC-100,2368.45,2368.45,0.0,Paid,EMP-118,ACH Wire,Yes,Standard operational vendor invoice verified against goods received.
AP-INV-10408,VND-1047,PO-50408,2024-06-28,2024-08-27,2024-08-15,CC-400,199.04,199.04,0.0,Paid,EMP-118,EFT,Yes,Standard operational vendor invoice verified against goods received.
AP-INV-10409,VND-1010,PO-50409,2024-06-28,2024-07-28,2024-07-29,CC-200,10760.58,10760.58,0.0,Paid,EMP-118,Check,Yes,Standard operational vendor invoice verified against goods received.
AP-INV-10410,VND-1049,PO-50410,2024-06-29,2024-07-14,2024-07-24,CC-200,580.77,580.77,0.0,Paid,EMP-105,ACH Wire,Yes,Standard operational vendor invoice verified against goods received.
AP-INV-10411,VND-1004,PO-50411,2024-06-30,2024-08-14,2024-07-27,CC-100,1880.94,1880.94,0.0,Paid,EMP-104,ACH Wire,Yes,Standard operational vendor invoice verified against goods received.
AP-INV-10412,VND-1039,PO-50412,2024-06-30,2024-07-30,2024-08-10,CC-700,13636.38,13636.38,0.0,Paid,EMP-102,ACH Wire,Yes,Standard operational vendor invoice verified against goods received.
AP-INV-10413,VND-1044,PO-50413,2024-07-01,2024-08-15,2024-08-07,CC-400,13685.77,13685.77,0.0,Paid,EMP-118,Check,Yes,Standard operational vendor invoice verified against goods received.
AP-INV-10414,VND-1001,PO-50414,2024-07-01,2024-08-30,2024-08-05,CC-100,3983.99,3983.99,0.0,Paid,EMP-105,EFT,Yes,Standard operational vendor invoice verified against goods received.
AP-INV-10415,VND-1022,PO-50415,2024-07-01,2024-08-30,2024-08-04,CC-700,4646.54,4646.54,0.0,Paid,EMP-102,EFT,Yes,Standard operational vendor invoice verified against goods received.
AP-INV-10416,VND-1017,PO-50416,2024-07-02,2024-08-01,2024-07-31,CC-200,2827.57,2827.57,0.0,Paid,EMP-104,EFT,Yes,Standard operational vendor invoice verified against goods received.
AP-INV-10417,VND-1026,PO-50417,2024-07-02,2024-08-31,2024-08-20,CC-500,1711.6,1711.6,0.0,Paid,EMP-104,EFT,Yes,Standard operational vendor invoice verified against goods received.
AP-INV-10418,VND-1003,PO-50418,2024-07-02,2024-08-01,2024-08-10,CC-300,1943.19,1943.19,0.0,Paid,EMP-105,Check,Yes,Standard operational vendor invoice verified against goods received.
AP-INV-10419,VND-1009,PO-50419,2024-07-03,2024-08-17,2024-08-04,CC-300,5173.46,5173.46,0.0,Paid,EMP-104,ACH Wire,Yes,Standard operational vendor invoice verified against goods received.
AP-INV-10420,VND-1027,PO-50420,2024-07-03,2024-08-02,2024-07-27,CC-100,6431.27,6431.27,0.0,Paid,EMP-104,ACH Wire,Yes,Standard operational vendor invoice verified against goods received.
AP-INV-10421,VND-1050,PO-50421,2024-07-03,2024-09-01,2024-09-15,CC-100,7206.88,7206.88,0.0,Paid,EMP-104,EFT,Yes,Standard operational vendor invoice verified against goods received.
AP-INV-10422,VND-1045,PO-50422,2024-07-04,2024-07-19,2024-07-26,CC-700,7164.74,7164.74,0.0,Paid,EMP-105,EFT,Yes,Standard operational vendor invoice verified against goods received.
AP-INV-10423,VND-1041,PO-50423,2024-07-04,2024-07-19,2024-08-03,CC-100,580.37,580.37,0.0,Paid,EMP-102,EFT,Yes,Standard operational vendor invoice verified against goods received.
AP-INV-10426,VND-1043,PO-50426,2024-07-05,2024-08-04,2024-08-10,CC-500,3738.58,3738.58,0.0,Paid,EMP-102,EFT,Yes,Standard operational vendor invoice verified against goods received.
AP-INV-10424,VND-1028,PO-50424,2024-07-05,2024-08-19,2024-07-22,CC-400,3219.22,3219.22,0.0,Paid,EMP-105,Check,Yes,Standard operational vendor invoice verified against goods received.
AP-INV-10425,VND-1048,PO-50425,2024-07-05,2024-08-04,2024-07-15,CC-200,416.77,416.77,0.0,Paid,EMP-102,Corporate Card,Yes,Standard operational vendor invoice verified against goods received.
AP-INV-10428,VND-1024,PO-50428,2024-07-06,2024-08-20,2024-08-03,CC-600,9989.78,9989.78,0.0,Paid,EMP-104,EFT,Yes,Standard operational vendor invoice verified against goods received.
AP-INV-10427,VND-1007,PO-50427,2024-07-06,2024-08-05,2024-07-28,CC-400,2771.5,2771.5,0.0,Paid,EMP-105,ACH Wire,Yes,Standard operational vendor invoice verified against goods received.
AP-INV-10429,VND-1014,PO-50429,2024-07-07,2024-08-21,2024-08-07,CC-600,2094.86,2094.86,0.0,Paid,EMP-104,EFT,Yes,Standard operational vendor invoice verified against goods received.
AP-INV-10430,VND-1001,PO-50430,2024-07-07,2024-07-22,2024-07-20,CC-600,710.28,710.28,0.0,Paid,EMP-118,ACH Wire,Yes,Standard operational vendor invoice verified against goods received.
AP-INV-11717,VND-1038,NONE-EMERGENCY,2024-07-08,2024-07-09,2024-07-10,CC-500,24724.79,24724.79,0.0,Paid,EMP-118,ACH Wire,No,Executive supply chain optimization & strategic restructuring advisory retainer.
AP-INV-10431,VND-1034,PO-50431,2024-07-08,2024-07-23,2024-07-26,CC-100,844.38,844.38,0.0,Paid,EMP-104,Check,Yes,Standard operational vendor invoice verified against goods received.
AP-INV-10434,VND-1008,PO-50434,2024-07-08,2024-07-23,2024-07-18,CC-100,629.74,629.74,0.0,Paid,EMP-104,Corporate Card,Yes,Standard operational vendor invoice verified against goods received.
AP-INV-10433,VND-1003,PO-50433,2024-07-08,2024-08-07,2024-08-10,CC-700,4483.08,4483.08,0.0,Paid,EMP-105,Check,Yes,Standard operational vendor invoice verified against goods received.
AP-INV-10432,VND-1020,PO-50432,2024-07-08,2024-08-22,2024-07-21,CC-300,6600.44,6600.44,0.0,Paid,EMP-102,ACH Wire,Yes,Standard operational vendor invoice verified against goods received.
AP-INV-10436,VND-1012,PO-50436,2024-07-09,2024-08-23,2024-08-13,CC-100,5582.44,5582.44,0.0,Paid,EMP-118,Corporate Card,Yes,Standard operational vendor invoice verified against goods received.
AP-INV-10435,VND-1030,PO-50435,2024-07-09,2024-08-08,2024-07-24,CC-500,545.35,545.35,0.0,Paid,EMP-105,Corporate Card,Yes,Standard operational vendor invoice verified against goods received.
AP-INV-10438,VND-1009,PO-50438,2024-07-10,2024-07-25,2024-07-25,CC-600,7913.34,7913.34,0.0,Paid,EMP-102,Check,Yes,Standard operational vendor invoice verified against goods received.
AP-INV-10437,VND-1048,PO-50437,2024-07-10,2024-08-24,2024-08-15,CC-700,489.96,489.96,0.0,Paid,EMP-104,EFT,Yes,Standard operational vendor invoice verified against goods received.
AP-INV-10439,VND-1040,PO-50439,2024-07-10,2024-09-08,2024-09-14,CC-400,5662.5,5662.5,0.0,Paid,EMP-104,Check,Yes,Standard operational vendor invoice verified against goods received.
AP-INV-10442,VND-1001,PO-50442,2024-07-11,2024-09-09,2024-08-18,CC-600,19569.56,19569.56,0.0,Paid,EMP-105,EFT,Yes,Standard operational vendor invoice verified against goods received.
AP-INV-10441,VND-1028,PO-50441,2024-07-11,2024-07-26,2024-07-23,CC-400,548.94,548.94,0.0,Paid,EMP-105,Corporate Card,Yes,Standard operational vendor invoice verified against goods received.
AP-INV-10440,VND-1043,PO-50440,2024-07-11,2024-08-10,2024-08-20,CC-100,531.82,531.82,0.0,Paid,EMP-118,EFT,Yes,Standard operational vendor invoice verified against goods received.
AP-INV-10444,VND-1037,PO-50444,2024-07-12,2024-07-27,2024-07-22,CC-500,2233.75,2233.75,0.0,Paid,EMP-104,Check,Yes,Standard operational vendor invoice verified against goods received.
AP-INV-10443,VND-1050,PO-50443,2024-07-12,2024-08-26,2024-08-13,CC-200,2259.77,2259.77,0.0,Paid,EMP-118,ACH Wire,Yes,Standard operational vendor invoice verified against goods received.
AP-INV-10446,VND-1019,PO-50446,2024-07-13,2024-09-11,2024-08-20,CC-100,13389.74,13389.74,0.0,Paid,EMP-118,Check,Yes,Standard operational vendor invoice verified against goods received.
AP-INV-10445,VND-1011,PO-50445,2024-07-13,2024-08-27,2024-08-12,CC-100,7690.09,7690.09,0.0,Paid,EMP-104,Corporate Card,Yes,Standard operational vendor invoice verified against goods received.
AP-INV-10447,VND-1017,PO-50447,2024-07-13,2024-08-27,2024-08-20,CC-100,19359.48,19359.48,0.0,Paid,EMP-118,EFT,Yes,Standard operational vendor invoice verified against goods received.
AP-INV-10450,VND-1041,PO-50450,2024-07-14,2024-08-13,2024-08-25,CC-500,542.37,542.37,0.0,Paid,EMP-104,Check,Yes,Standard operational vendor invoice verified against goods received.
AP-INV-10449,VND-1027,PO-50449,2024-07-14,2024-07-29,2024-08-10,CC-400,2274.09,2274.09,0.0,Paid,EMP-102,EFT,Yes,Standard operational vendor invoice verified against goods received.
AP-INV-10448,VND-1030,PO-50448,2024-07-14,2024-07-29,2024-08-08,CC-300,6449.55,6449.55,0.0,Paid,EMP-102,EFT,Yes,Standard operational vendor invoice verified against goods received.
AP-INV-10451,VND-1025,PO-50451,2024-07-15,2024-07-30,2024-08-01,CC-700,6905.59,6905.59,0.0,Paid,EMP-118,Corporate Card,Yes,Standard operational vendor invoice verified against goods received.
AP-INV-10454,VND-1048,PO-50454,2024-07-15,2024-07-30,2024-07-30,CC-100,10807.07,10807.07,0.0,Paid,EMP-118,ACH Wire,Yes,Standard operational vendor invoice verified against goods received.
AP-INV-10453,VND-1008,PO-50453,2024-07-15,2024-08-14,2024-07-25,CC-100,2634.15,2634.15,0.0,Paid,EMP-105,Corporate Card,Yes,Standard operational vendor invoice verified against goods received.
AP-INV-10452,VND-1037,PO-50452,2024-07-15,2024-09-13,2024-09-23,CC-700,3828.12,3828.12,0.0,Paid,EMP-105,Check,Yes,Standard operational vendor invoice verified against goods received.
AP-INV-10457,VND-1049,PO-50457,2024-07-16,2024-07-31,2024-08-08,CC-300,201.38,201.38,0.0,Paid,EMP-102,EFT,Yes,Standard operational vendor invoice verified against goods received.
AP-INV-10456,VND-1008,PO-50456,2024-07-16,2024-08-30,2024-08-08,CC-700,3203.27,3203.27,0.0,Paid,EMP-118,ACH Wire,Yes,Standard operational vendor invoice verified against goods received.
AP-INV-10455,VND-1050,PO-50455,2024-07-16,2024-07-31,2024-08-03,CC-400,680.46,680.46,0.0,Paid,EMP-104,ACH Wire,Yes,Standard operational vendor invoice verified against goods received.
AP-INV-10460,VND-1034,PO-50460,2024-07-17,2024-08-16,2024-08-07,CC-700,719.21,719.21,0.0,Paid,EMP-104,EFT,Yes,Standard operational vendor invoice verified against goods received.
AP-INV-10459,VND-1001,PO-50459,2024-07-17,2024-08-01,2024-08-13,CC-500,410.78,410.78,0.0,Paid,EMP-118,Check,Yes,Standard operational vendor invoice verified against goods received.
AP-INV-10458,VND-1030,PO-50458,2024-07-17,2024-09-15,2024-09-29,CC-400,2995.59,2995.59,0.0,Paid,EMP-104,Check,Yes,Standard operational vendor invoice verified against goods received.
AP-INV-10462,VND-1041,PO-50462,2024-07-18,2024-08-17,2024-08-14,CC-600,4864.06,4864.06,0.0,Paid,EMP-118,Corporate Card,Yes,Standard operational vendor invoice verified against goods received.
AP-INV-10461,VND-1041,PO-50461,2024-07-18,2024-08-17,2024-08-29,CC-500,712.62,712.62,0.0,Paid,EMP-118,Check,Yes,Standard operational vendor invoice verified against goods received.
AP-INV-10466,VND-1034,PO-50466,2024-07-19,2024-08-18,2024-08-05,CC-500,2264.08,2264.08,0.0,Paid,EMP-105,Check,Yes,Standard operational vendor invoice verified against goods received.
AP-INV-10464,VND-1048,PO-50464,2024-07-19,2024-08-18,2024-09-02,CC-500,4089.99,4089.99,0.0,Paid,EMP-104,ACH Wire,Yes,Standard operational vendor invoice verified against goods received.
AP-INV-10463,VND-1030,PO-50463,2024-07-19,2024-08-18,2024-08-06,CC-700,6317.69,6317.69,0.0,Paid,EMP-118,Corporate Card,Yes,Standard operational vendor invoice verified against goods received.
AP-INV-10465,VND-1014,PO-50465,2024-07-19,2024-08-18,2024-08-20,CC-500,14886.24,14886.24,0.0,Paid,EMP-104,ACH Wire,Yes,Standard operational vendor invoice verified against goods received.
AP-INV-10467,VND-1046,PO-50467,2024-07-20,2024-09-03,2024-09-11,CC-600,1664.11,1664.11,0.0,Paid,EMP-105,Check,Yes,Standard operational vendor invoice verified against goods received.
AP-INV-10468,VND-1001,PO-50468,2024-07-20,2024-08-04,2024-07-30,CC-500,9282.76,9282.76,0.0,Paid,EMP-102,EFT,Yes,Standard operational vendor invoice verified against goods received.
AP-INV-10469,VND-1011,PO-50469,2024-07-21,2024-08-20,2024-08-09,CC-300,1288.87,1288.87,0.0,Paid,EMP-102,Corporate Card,Yes,Standard operational vendor invoice verified against goods received.
AP-INV-10470,VND-1036,PO-50470,2024-07-22,2024-08-21,2024-08-29,CC-100,15012.92,15012.92,0.0,Paid,EMP-102,ACH Wire,Yes,Standard operational vendor invoice verified against goods received.
AP-INV-10471,VND-1045,PO-50471,2024-07-22,2024-09-05,2024-08-16,CC-500,205.03,205.03,0.0,Paid,EMP-105,EFT,Yes,Standard operational vendor invoice verified against goods received.
AP-INV-10475,VND-1030,PO-50475,2024-07-23,2024-08-07,2024-08-07,CC-200,3525.64,3525.64,0.0,Paid,EMP-104,EFT,Yes,Standard operational vendor invoice verified against goods received.
AP-INV-10474,VND-1040,PO-50474,2024-07-23,2024-09-21,2024-08-27,CC-500,10129.75,10129.75,0.0,Paid,EMP-104,Corporate Card,Yes,Standard operational vendor invoice verified against goods received.
AP-INV-10473,VND-1018,PO-50473,2024-07-23,2024-09-21,2024-09-27,CC-200,348.54,348.54,0.0,Paid,EMP-104,Corporate Card,Yes,Standard operational vendor invoice verified against goods received.
AP-INV-10472,VND-1026,PO-50472,2024-07-23,2024-08-22,2024-09-06,CC-400,15911.37,15911.37,0.0,Paid,EMP-102,EFT,Yes,Standard operational vendor invoice verified against goods received.
AP-INV-10476,VND-1029,PO-50476,2024-07-24,2024-09-22,2024-09-05,CC-300,22455.73,22455.73,0.0,Paid,EMP-104,ACH Wire,Yes,Standard operational vendor invoice verified against goods received.
AP-INV-10477,VND-1040,PO-50477,2024-07-24,2024-08-23,2024-08-03,CC-700,494.98,494.98,0.0,Paid,EMP-104,EFT,Yes,Standard operational vendor invoice verified against goods received.
AP-INV-10478,VND-1022,PO-50478,2024-07-25,2024-08-09,2024-08-24,CC-500,3781.99,3781.99,0.0,Paid,EMP-105,Check,Yes,Standard operational vendor invoice verified against goods received.
AP-INV-10481,VND-1006,PO-50481,2024-07-26,2024-08-25,2024-08-18,CC-300,4616.83,4616.83,0.0,Paid,EMP-105,Corporate Card,Yes,Standard operational vendor invoice verified against goods received.
AP-INV-10480,VND-1035,PO-50480,2024-07-26,2024-09-24,2024-08-25,CC-100,3482.0,3482.0,0.0,Paid,EMP-118,Check,Yes,Standard operational vendor invoice verified against goods received.
AP-INV-10479,VND-1037,PO-50479,2024-07-26,2024-08-10,2024-08-15,CC-300,15826.09,15826.09,0.0,Paid,EMP-104,ACH Wire,Yes,Standard operational vendor invoice verified against goods received.
AP-INV-10483,VND-1046,PO-50483,2024-07-27,2024-09-10,2024-08-21,CC-300,2877.57,2877.57,0.0,Paid,EMP-104,EFT,Yes,Standard operational vendor invoice verified against goods received.
AP-INV-10482,VND-1014,PO-50482,2024-07-27,2024-09-25,2024-10-05,CC-700,5504.56,5504.56,0.0,Paid,EMP-102,EFT,Yes,Standard operational vendor invoice verified against goods received.
AP-INV-10485,VND-1002,PO-50485,2024-07-28,2024-08-27,2024-09-08,CC-500,4100.22,4100.22,0.0,Paid,EMP-118,Check,Yes,Standard operational vendor invoice verified against goods received.
AP-INV-10486,VND-1003,PO-50486,2024-07-28,2024-08-27,2024-08-27,CC-300,10564.05,10564.05,0.0,Paid,EMP-102,EFT,Yes,Standard operational vendor invoice verified against goods received.
AP-INV-10484,VND-1022,PO-50484,2024-07-28,2024-08-12,2024-08-19,CC-400,4594.53,4594.53,0.0,Paid,EMP-105,Corporate Card,Yes,Standard operational vendor invoice verified against goods received.
AP-INV-10487,VND-1036,PO-50487,2024-07-29,2024-08-13,2024-08-28,CC-500,359.3,359.3,0.0,Paid,EMP-102,ACH Wire,Yes,Standard operational vendor invoice verified against goods received.
AP-INV-10488,VND-1014,PO-50488,2024-07-30,2024-09-13,2024-08-15,CC-700,1634.29,1634.29,0.0,Paid,EMP-104,Check,Yes,Standard operational vendor invoice verified against goods received.
AP-INV-10489,VND-1045,PO-50489,2024-07-30,2024-08-14,2024-08-13,CC-700,13667.98,13667.98,0.0,Paid,EMP-102,Check,Yes,Standard operational vendor invoice verified against goods received.
AP-INV-10490,VND-1049,PO-50490,2024-07-30,2024-08-14,2024-08-11,CC-300,10093.54,10093.54,0.0,Paid,EMP-102,EFT,Yes,Standard operational vendor invoice verified against goods received.
AP-INV-10491,VND-1018,PO-50491,2024-07-31,2024-08-15,2024-08-28,CC-500,2886.79,2886.79,0.0,Paid,EMP-104,Corporate Card,Yes,Standard operational vendor invoice verified against goods received.
AP-INV-10493,VND-1026,PO-50493,2024-08-01,2024-08-16,2024-08-28,CC-600,1611.93,1611.93,0.0,Paid,EMP-102,EFT,Yes,Standard operational vendor invoice verified against goods received.
AP-INV-10492,VND-1030,PO-50492,2024-08-01,2024-09-15,2024-09-07,CC-600,4505.7,4505.7,0.0,Paid,EMP-105,EFT,Yes,Standard operational vendor invoice verified against goods received.
AP-INV-10495,VND-1047,PO-50495,2024-08-02,2024-10-01,2024-08-23,CC-300,2953.76,2953.76,0.0,Paid,EMP-105,Check,Yes,Standard operational vendor invoice verified against goods received.
AP-INV-10496,VND-1026,PO-50496,2024-08-02,2024-08-17,2024-08-27,CC-400,2111.79,2111.79,0.0,Paid,EMP-104,ACH Wire,Yes,Standard operational vendor invoice verified against goods received.
AP-INV-10494,VND-1040,PO-50494,2024-08-02,2024-08-17,2024-08-23,CC-100,1087.82,1087.82,0.0,Paid,EMP-102,Corporate Card,Yes,Standard operational vendor invoice verified against goods received.
AP-INV-10497,VND-1027,PO-50497,2024-08-03,2024-10-02,2024-09-19,CC-700,4093.1,4093.1,0.0,Paid,EMP-104,Corporate Card,Yes,Standard operational vendor invoice verified against goods received.
AP-INV-10500,VND-1014,PO-50500,2024-08-04,2024-09-03,2024-08-27,CC-600,19427.4,19427.4,0.0,Paid,EMP-118,ACH Wire,Yes,Standard operational vendor invoice verified against goods received.
AP-INV-10499,VND-1003,PO-50499,2024-08-04,2024-10-03,2024-10-03,CC-100,16642.32,16642.32,0.0,Paid,EMP-102,Corporate Card,Yes,Standard operational vendor invoice verified against goods received.
AP-INV-10498,VND-1050,PO-50498,2024-08-04,2024-09-03,2024-08-14,CC-600,514.15,514.15,0.0,Paid,EMP-104,EFT,Yes,Standard operational vendor invoice verified against goods received.
AP-INV-10501,VND-1016,PO-50501,2024-08-05,2024-09-04,2024-08-27,CC-500,5540.39,5540.39,0.0,Paid,EMP-102,ACH Wire,Yes,Standard operational vendor invoice verified against goods received.
AP-INV-10503,VND-1020,PO-50503,2024-08-06,2024-08-21,2024-08-24,CC-600,1816.71,1816.71,0.0,Paid,EMP-102,ACH Wire,Yes,Standard operational vendor invoice verified against goods received.
AP-INV-10502,VND-1039,PO-50502,2024-08-06,2024-08-21,2024-09-02,CC-700,3606.35,3606.35,0.0,Paid,EMP-118,EFT,Yes,Standard operational vendor invoice verified against goods received.
AP-INV-10504,VND-1050,PO-50504,2024-08-06,2024-09-20,2024-09-06,CC-500,7714.08,7714.08,0.0,Paid,EMP-105,ACH Wire,Yes,Standard operational vendor invoice verified against goods received.
AP-INV-10507,VND-1022,PO-50507,2024-08-07,2024-09-06,2024-08-17,CC-400,11032.35,11032.35,0.0,Paid,EMP-104,Check,Yes,Standard operational vendor invoice verified against goods received.
AP-INV-10506,VND-1033,PO-50506,2024-08-07,2024-09-06,2024-09-05,CC-400,948.63,948.63,0.0,Paid,EMP-104,Corporate Card,Yes,Standard operational vendor invoice verified against goods received.
AP-INV-10505,VND-1017,PO-50505,2024-08-07,2024-09-06,2024-08-21,CC-100,5344.48,5344.48,0.0,Paid,EMP-104,Corporate Card,Yes,Standard operational vendor invoice verified against goods received.
AP-INV-10509,VND-1024,PO-50509,2024-08-08,2024-09-07,2024-09-18,CC-700,13612.82,13612.82,0.0,Paid,EMP-102,ACH Wire,Yes,Standard operational vendor invoice verified against goods received.
AP-INV-10508,VND-1025,PO-50508,2024-08-08,2024-09-07,2024-09-17,CC-200,7930.48,7930.48,0.0,Paid,EMP-118,Check,Yes,Standard operational vendor invoice verified against goods received.
AP-INV-10510,VND-1006,PO-50510,2024-08-09,2024-09-08,2024-08-27,CC-700,5971.22,5971.22,0.0,Paid,EMP-104,Corporate Card,Yes,Standard operational vendor invoice verified against goods received.
AP-INV-10511,VND-1050,PO-50511,2024-08-09,2024-08-24,2024-08-21,CC-600,4426.82,4426.82,0.0,Paid,EMP-102,EFT,Yes,Standard operational vendor invoice verified against goods received.
AP-INV-10512,VND-1040,PO-50512,2024-08-09,2024-09-23,2024-10-07,CC-500,2587.66,2587.66,0.0,Paid,EMP-104,EFT,Yes,Standard operational vendor invoice verified against goods received.
AP-INV-10513,VND-1036,PO-50513,2024-08-10,2024-09-24,2024-09-30,CC-500,12295.58,12295.58,0.0,Paid,EMP-104,Corporate Card,Yes,Standard operational vendor invoice verified against goods received.
AP-INV-10514,VND-1027,PO-50514,2024-08-10,2024-10-09,2024-09-26,CC-200,9196.77,9196.77,0.0,Paid,EMP-104,Check,Yes,Standard operational vendor invoice verified against goods received.
AP-INV-10515,VND-1006,PO-50515,2024-08-11,2024-09-10,2024-09-22,CC-400,358.23,358.23,0.0,Paid,EMP-102,ACH Wire,Yes,Standard operational vendor invoice verified against goods received.
AP-INV-10516,VND-1043,PO-50516,2024-08-11,2024-09-10,2024-09-22,CC-600,270.24,270.24,0.0,Paid,EMP-104,Check,Yes,Standard operational vendor invoice verified against goods received.
AP-INV-10517,VND-1039,PO-50517,2024-08-12,2024-09-11,2024-09-21,CC-500,2275.56,2275.56,0.0,Paid,EMP-105,EFT,Yes,Standard operational vendor invoice verified against goods received.
AP-INV-10518,VND-1033,PO-50518,2024-08-13,2024-08-28,2024-08-31,CC-200,7636.41,7636.41,0.0,Paid,EMP-105,ACH Wire,Yes,Standard operational vendor invoice verified against goods received.
AP-INV-10519,VND-1003,PO-50519,2024-08-13,2024-09-12,2024-09-25,CC-600,19789.24,19789.24,0.0,Paid,EMP-105,Check,Yes,Standard operational vendor invoice verified against goods received.
AP-INV-10520,VND-1031,PO-50520,2024-08-14,2024-08-29,2024-09-13,CC-100,883.54,883.54,0.0,Paid,EMP-105,EFT,Yes,Standard operational vendor invoice verified against goods received.
AP-INV-10521,VND-1049,PO-50521,2024-08-14,2024-09-13,2024-09-09,CC-500,4207.76,4207.76,0.0,Paid,EMP-104,Check,Yes,Standard operational vendor invoice verified against goods received.
AP-INV-10522,VND-1025,PO-50522,2024-08-15,2024-08-30,2024-09-10,CC-500,2307.63,2307.63,0.0,Paid,EMP-105,Check,Yes,Standard operational vendor invoice verified against goods received.
AP-INV-10523,VND-1016,PO-50523,2024-08-15,2024-09-29,2024-09-16,CC-500,15916.69,15916.69,0.0,Paid,EMP-105,Check,Yes,Standard operational vendor invoice verified against goods received.
AP-INV-10524,VND-1032,PO-50524,2024-08-15,2024-08-30,2024-09-10,CC-500,8456.61,8456.61,0.0,Paid,EMP-104,Check,Yes,Standard operational vendor invoice verified against goods received.
AP-INV-81204,VND-1015,PO-51716,2024-08-15,2024-09-14,2024-09-09,CC-500,24800.0,24800.0,0.0,Paid,EMP-118,ACH Wire,Yes,Heavy freight logistics delivery across Western distribution hubs.
AP-INV-10525,VND-1005,PO-50525,2024-08-16,2024-09-15,2024-09-08,CC-500,8349.86,8349.86,0.0,Paid,EMP-104,ACH Wire,Yes,Standard operational vendor invoice verified against goods received.
AP-INV-10526,VND-1041,PO-50526,2024-08-17,2024-09-01,2024-09-03,CC-600,2995.87,2995.87,0.0,Paid,EMP-118,Corporate Card,Yes,Standard operational vendor invoice verified against goods received.
AP-INV-10529,VND-1009,PO-50529,2024-08-18,2024-10-17,2024-09-17,CC-500,411.12,411.12,0.0,Paid,EMP-104,EFT,Yes,Standard operational vendor invoice verified against goods received.
AP-INV-10528,VND-1045,PO-50528,2024-08-18,2024-10-02,2024-08-29,CC-700,1587.25,1587.25,0.0,Paid,EMP-104,EFT,Yes,Standard operational vendor invoice verified against goods received.
AP-INV-10527,VND-1032,PO-50527,2024-08-18,2024-10-02,2024-09-27,CC-600,2561.26,2561.26,0.0,Paid,EMP-104,ACH Wire,Yes,Standard operational vendor invoice verified against goods received.
AP-INV-10532,VND-1030,PO-50532,2024-08-19,2024-10-03,2024-09-28,CC-500,36926.01,36926.01,0.0,Paid,EMP-104,ACH Wire,Yes,Standard operational vendor invoice verified against goods received.
AP-INV-10531,VND-1041,PO-50531,2024-08-19,2024-09-03,2024-09-07,CC-500,7692.53,7692.53,0.0,Paid,EMP-102,ACH Wire,Yes,Standard operational vendor invoice verified against goods received.
AP-INV-10530,VND-1010,PO-50530,2024-08-19,2024-09-18,2024-09-14,CC-100,9151.92,9151.92,0.0,Paid,EMP-104,Check,Yes,Standard operational vendor invoice verified against goods received.
AP-INV-11718,VND-1038,NONE-EMERGENCY,2024-08-19,2024-08-20,2024-08-21,CC-500,16623.66,16623.66,0.0,Paid,EMP-118,ACH Wire,No,Executive supply chain optimization & strategic restructuring advisory retainer.
AP-INV-10533,VND-1041,PO-50533,2024-08-20,2024-10-19,2024-09-22,CC-200,25776.93,25776.93,0.0,Paid,EMP-105,ACH Wire,Yes,Standard operational vendor invoice verified against goods received.
AP-INV-10534,VND-1050,PO-50534,2024-08-20,2024-09-19,2024-09-28,CC-600,3797.93,3797.93,0.0,Paid,EMP-102,ACH Wire,Yes,Standard operational vendor invoice verified against goods received.
AP-INV-10535,VND-1026,PO-50535,2024-08-20,2024-09-19,2024-09-05,CC-400,6743.77,6743.77,0.0,Paid,EMP-102,ACH Wire,Yes,Standard operational vendor invoice verified against goods received.
AP-INV-10536,VND-1034,PO-50536,2024-08-21,2024-10-05,2024-09-09,CC-600,13182.77,13182.77,0.0,Paid,EMP-102,ACH Wire,Yes,Standard operational vendor invoice verified against goods received.
AP-INV-10537,VND-1032,PO-50537,2024-08-21,2024-10-20,2024-09-04,CC-500,8676.47,8676.47,0.0,Paid,EMP-102,EFT,Yes,Standard operational vendor invoice verified against goods received.
AP-INV-10538,VND-1009,PO-50538,2024-08-22,2024-10-21,2024-09-01,CC-500,1428.69,1428.69,0.0,Paid,EMP-118,Check,Yes,Standard operational vendor invoice verified against goods received.
AP-INV-10539,VND-1025,PO-50539,2024-08-22,2024-09-06,2024-09-17,CC-700,2844.72,2844.72,0.0,Paid,EMP-118,ACH Wire,Yes,Standard operational vendor invoice verified against goods received.
AP-INV-10540,VND-1032,PO-50540,2024-08-23,2024-10-07,2024-09-24,CC-700,772.33,772.33,0.0,Paid,EMP-102,Check,Yes,Standard operational vendor invoice verified against goods received.
AP-INV-10541,VND-1009,PO-50541,2024-08-23,2024-10-07,2024-10-21,CC-300,14011.01,14011.01,0.0,Paid,EMP-104,EFT,Yes,Standard operational vendor invoice verified against goods received.
AP-INV-10542,VND-1020,PO-50542,2024-08-23,2024-10-22,2024-10-24,CC-500,4343.31,4343.31,0.0,Paid,EMP-105,ACH Wire,Yes,Standard operational vendor invoice verified against goods received.
AP-INV-10543,VND-1001,PO-50543,2024-08-23,2024-09-07,2024-09-20,CC-600,1318.22,1318.22,0.0,Paid,EMP-102,EFT,Yes,Standard operational vendor invoice verified against goods received.
AP-INV-10544,VND-1014,PO-50544,2024-08-24,2024-09-23,2024-09-29,CC-600,5162.23,5162.23,0.0,Paid,EMP-105,EFT,Yes,Standard operational vendor invoice verified against goods received.
AP-INV-10545,VND-1010,PO-50545,2024-08-24,2024-10-23,2024-10-05,CC-400,4482.02,4482.02,0.0,Paid,EMP-105,Check,Yes,Standard operational vendor invoice verified against goods received.
AP-INV-10546,VND-1043,PO-50546,2024-08-25,2024-10-09,2024-10-22,CC-300,2145.39,2145.39,0.0,Paid,EMP-104,Check,Yes,Standard operational vendor invoice verified against goods received.
AP-INV-10547,VND-1037,PO-50547,2024-08-25,2024-10-24,2024-11-04,CC-700,692.43,692.43,0.0,Paid,EMP-104,Corporate Card,Yes,Standard operational vendor invoice verified against goods received.
AP-INV-10548,VND-1032,PO-50548,2024-08-26,2024-09-25,2024-09-27,CC-300,5160.49,5160.49,0.0,Paid,EMP-118,ACH Wire,Yes,Standard operational vendor invoice verified against goods received.
AP-INV-10549,VND-1046,PO-50549,2024-08-26,2024-09-25,2024-10-03,CC-100,3455.75,3455.75,0.0,Paid,EMP-104,EFT,Yes,Standard operational vendor invoice verified against goods received.
AP-INV-10550,VND-1027,PO-50550,2024-08-27,2024-09-26,2024-10-11,CC-700,6809.13,6809.13,0.0,Paid,EMP-102,ACH Wire,Yes,Standard operational vendor invoice verified against goods received.
AP-INV-10551,VND-1026,PO-50551,2024-08-27,2024-09-11,2024-09-08,CC-600,3454.39,3454.39,0.0,Paid,EMP-104,Check,Yes,Standard operational vendor invoice verified against goods received.
AP-INV-10552,VND-1029,PO-50552,2024-08-28,2024-09-12,2024-09-15,CC-100,8752.97,8752.97,0.0,Paid,EMP-104,Corporate Card,Yes,Standard operational vendor invoice verified against goods received.
AP-INV-10554,VND-1049,PO-50554,2024-08-28,2024-09-12,2024-09-12,CC-500,3854.02,3854.02,0.0,Paid,EMP-118,Check,Yes,Standard operational vendor invoice verified against goods received.
AP-INV-10553,VND-1006,PO-50553,2024-08-28,2024-09-12,2024-09-19,CC-500,3762.39,3762.39,0.0,Paid,EMP-118,Corporate Card,Yes,Standard operational vendor invoice verified against goods received.
AP-INV-10555,VND-1001,PO-50555,2024-08-28,2024-10-27,2024-10-13,CC-200,9567.41,9567.41,0.0,Paid,EMP-104,EFT,Yes,Standard operational vendor invoice verified against goods received.
AP-INV-10557,VND-1017,PO-50557,2024-08-29,2024-09-13,2024-09-13,CC-600,797.5,797.5,0.0,Paid,EMP-102,Corporate Card,Yes,Standard operational vendor invoice verified against goods received.
AP-INV-10558,VND-1027,PO-50558,2024-08-29,2024-10-13,2024-10-03,CC-300,281.42,281.42,0.0,Paid,EMP-104,EFT,Yes,Standard operational vendor invoice verified against goods received.
AP-INV-81204A,VND-1015,PO-51717,2024-08-29,2024-09-28,2024-09-18,CC-500,24800.0,24800.0,0.0,Paid,EMP-118,Check,No,Duplicate freight billing - processed on alternative payment cycle.
AP-INV-10556,VND-1034,PO-50556,2024-08-29,2024-09-28,2024-09-18,CC-500,2474.91,2474.91,0.0,Paid,EMP-102,Corporate Card,Yes,Standard operational vendor invoice verified against goods received.
AP-INV-10559,VND-1005,PO-50559,2024-08-30,2024-10-29,2024-10-15,CC-100,6481.76,6481.76,0.0,Paid,EMP-105,Corporate Card,Yes,Standard operational vendor invoice verified against goods received.
AP-INV-10560,VND-1019,PO-50560,2024-08-30,2024-10-29,2024-10-03,CC-200,4507.8,4507.8,0.0,Paid,EMP-118,Check,Yes,Standard operational vendor invoice verified against goods received.
AP-INV-10561,VND-1039,PO-50561,2024-08-30,2024-09-29,2024-09-20,CC-100,5629.49,5629.49,0.0,Paid,EMP-118,EFT,Yes,Standard operational vendor invoice verified against goods received.
AP-INV-10562,VND-1034,PO-50562,2024-08-31,2024-09-30,2024-09-17,CC-300,1227.67,1227.67,0.0,Paid,EMP-105,Corporate Card,Yes,Standard operational vendor invoice verified against goods received.
AP-INV-10563,VND-1048,PO-50563,2024-08-31,2024-10-15,2024-10-16,CC-400,809.76,809.76,0.0,Paid,EMP-118,ACH Wire,Yes,Standard operational vendor invoice verified against goods received.
AP-INV-10565,VND-1008,PO-50565,2024-09-01,2024-09-16,2024-09-23,CC-300,2092.59,2092.59,0.0,Paid,EMP-104,ACH Wire,Yes,Standard operational vendor invoice verified against goods received.
AP-INV-10566,VND-1022,PO-50566,2024-09-01,2024-10-01,2024-10-14,CC-400,4161.29,4161.29,0.0,Paid,EMP-102,Corporate Card,Yes,Standard operational vendor invoice verified against goods received.
AP-INV-10564,VND-1031,PO-50564,2024-09-01,2024-10-16,2024-10-18,CC-600,215.93,215.93,0.0,Paid,EMP-102,Check,Yes,Standard operational vendor invoice verified against goods received.
AP-INV-10567,VND-1006,PO-50567,2024-09-02,2024-10-02,2024-09-16,CC-400,2390.92,2390.92,0.0,Paid,EMP-104,Check,Yes,Standard operational vendor invoice verified against goods received.
AP-INV-10568,VND-1022,PO-50568,2024-09-02,2024-10-02,2024-09-29,CC-300,2738.94,2738.94,0.0,Paid,EMP-104,ACH Wire,Yes,Standard operational vendor invoice verified against goods received.
AP-INV-10569,VND-1013,PO-50569,2024-09-03,2024-10-03,2024-09-29,CC-200,10702.78,10702.78,0.0,Paid,EMP-104,ACH Wire,Yes,Standard operational vendor invoice verified against goods received.
AP-INV-10570,VND-1013,PO-50570,2024-09-03,2024-10-03,2024-10-05,CC-700,2076.46,2076.46,0.0,Paid,EMP-104,EFT,Yes,Standard operational vendor invoice verified against goods received.
AP-INV-10571,VND-1006,PO-50571,2024-09-04,2024-10-19,2024-10-23,CC-600,3396.86,3396.86,0.0,Paid,EMP-102,EFT,Yes,Standard operational vendor invoice verified against goods received.
AP-INV-10573,VND-1012,PO-50573,2024-09-05,2024-11-04,2024-10-20,CC-700,2422.86,2422.86,0.0,Paid,EMP-118,ACH Wire,Yes,Standard operational vendor invoice verified against goods received.
AP-INV-10574,VND-1039,PO-50574,2024-09-05,2024-09-20,2024-10-01,CC-200,4528.91,4528.91,0.0,Paid,EMP-118,Check,Yes,Standard operational vendor invoice verified against goods received.
AP-INV-10572,VND-1025,PO-50572,2024-09-05,2024-10-05,2024-10-16,CC-500,7038.92,7038.92,0.0,Paid,EMP-105,Check,Yes,Standard operational vendor invoice verified against goods received.
AP-INV-10575,VND-1003,PO-50575,2024-09-06,2024-10-06,2024-10-11,CC-500,9074.13,9074.13,0.0,Paid,EMP-104,Check,Yes,Standard operational vendor invoice verified against goods received.
AP-INV-10578,VND-1025,PO-50578,2024-09-06,2024-10-06,2024-09-27,CC-500,11902.48,11902.48,0.0,Paid,EMP-105,ACH Wire,Yes,Standard operational vendor invoice verified against goods received.
AP-INV-10577,VND-1001,PO-50577,2024-09-06,2024-10-06,2024-10-10,CC-600,865.87,865.87,0.0,Paid,EMP-102,Corporate Card,Yes,Standard operational vendor invoice verified against goods received.
AP-INV-10576,VND-1008,PO-50576,2024-09-06,2024-11-05,2024-11-13,CC-600,13587.86,13587.86,0.0,Paid,EMP-105,EFT,Yes,Standard operational vendor invoice verified against goods received.
AP-INV-10580,VND-1014,PO-50580,2024-09-07,2024-10-07,2024-10-10,CC-400,1494.31,1494.31,0.0,Paid,EMP-118,Corporate Card,Yes,Standard operational vendor invoice verified against goods received.
AP-INV-10579,VND-1043,PO-50579,2024-09-07,2024-10-07,2024-09-28,CC-300,3198.76,3198.76,0.0,Paid,EMP-118,Check,Yes,Standard operational vendor invoice verified against goods received.
AP-INV-10582,VND-1017,PO-50582,2024-09-08,2024-10-23,2024-10-12,CC-500,17761.44,17761.44,0.0,Paid,EMP-104,ACH Wire,Yes,Standard operational vendor invoice verified against goods received.
AP-INV-10581,VND-1039,PO-50581,2024-09-08,2024-11-07,2024-10-17,CC-200,2915.64,2915.64,0.0,Paid,EMP-102,Corporate Card,Yes,Standard operational vendor invoice verified against goods received.
AP-INV-10584,VND-1009,PO-50584,2024-09-09,2024-11-08,2024-10-29,CC-700,1943.77,1943.77,0.0,Paid,EMP-118,Corporate Card,Yes,Standard operational vendor invoice verified against goods received.
AP-INV-10583,VND-1010,PO-50583,2024-09-09,2024-09-24,2024-09-24,CC-400,3203.21,3203.21,0.0,Paid,EMP-118,Check,Yes,Standard operational vendor invoice verified against goods received.
AP-INV-10585,VND-1018,PO-50585,2024-09-09,2024-11-08,2024-09-25,CC-500,4665.69,4665.69,0.0,Paid,EMP-118,EFT,Yes,Standard operational vendor invoice verified against goods received.
AP-INV-10586,VND-1004,PO-50586,2024-09-10,2024-10-10,2024-10-20,CC-200,1385.83,1385.83,0.0,Paid,EMP-102,Check,Yes,Standard operational vendor invoice verified against goods received.
AP-INV-10587,VND-1023,PO-50587,2024-09-10,2024-10-10,2024-10-13,CC-300,505.03,505.03,0.0,Paid,EMP-105,Corporate Card,Yes,Standard operational vendor invoice verified against goods received.
AP-INV-10588,VND-1002,PO-50588,2024-09-10,2024-09-25,2024-10-01,CC-400,770.89,770.89,0.0,Paid,EMP-104,ACH Wire,Yes,Standard operational vendor invoice verified against goods received.
AP-INV-10589,VND-1020,PO-50589,2024-09-11,2024-10-11,2024-10-23,CC-300,766.58,766.58,0.0,Paid,EMP-118,Check,Yes,Standard operational vendor invoice verified against goods received.
AP-INV-10590,VND-1006,PO-50590,2024-09-11,2024-11-10,2024-10-27,CC-400,891.42,891.42,0.0,Paid,EMP-118,ACH Wire,Yes,Standard operational vendor invoice verified against goods received.
AP-INV-10591,VND-1011,PO-50591,2024-09-11,2024-10-11,2024-10-17,CC-600,822.57,822.57,0.0,Paid,EMP-118,EFT,Yes,Standard operational vendor invoice verified against goods received.
AP-INV-10592,VND-1006,PO-50592,2024-09-11,2024-10-11,2024-10-05,CC-200,4758.38,4758.38,0.0,Paid,EMP-105,Corporate Card,Yes,Standard operational vendor invoice verified against goods received.
AP-INV-10593,VND-1049,PO-50593,2024-09-12,2024-11-11,2024-11-11,CC-300,1053.36,1053.36,0.0,Paid,EMP-105,Check,Yes,Standard operational vendor invoice verified against goods received.
AP-INV-10595,VND-1012,PO-50595,2024-09-12,2024-09-27,2024-09-26,CC-700,10369.38,10369.38,0.0,Paid,EMP-104,Corporate Card,Yes,Standard operational vendor invoice verified against goods received.
AP-INV-10594,VND-1025,PO-50594,2024-09-12,2024-11-11,2024-11-18,CC-600,2058.63,2058.63,0.0,Paid,EMP-118,ACH Wire,Yes,Standard operational vendor invoice verified against goods received.
AP-INV-10599,VND-1006,PO-50599,2024-09-13,2024-10-28,2024-10-12,CC-600,1110.98,1110.98,0.0,Paid,EMP-104,ACH Wire,Yes,Standard operational vendor invoice verified against goods received.
AP-INV-10596,VND-1048,PO-50596,2024-09-13,2024-09-28,2024-09-29,CC-600,3040.72,3040.72,0.0,Paid,EMP-104,Check,Yes,Standard operational vendor invoice verified against goods received.
AP-INV-10598,VND-1027,PO-50598,2024-09-13,2024-09-28,2024-09-26,CC-500,1001.08,1001.08,0.0,Paid,EMP-105,ACH Wire,Yes,Standard operational vendor invoice verified against goods received.
AP-INV-10597,VND-1007,PO-50597,2024-09-13,2024-09-28,2024-10-08,CC-100,5105.8,5105.8,0.0,Paid,EMP-102,EFT,Yes,Standard operational vendor invoice verified against goods received.
AP-INV-10602,VND-1036,PO-50602,2024-09-14,2024-11-13,2024-11-19,CC-300,1619.47,1619.47,0.0,Paid,EMP-104,ACH Wire,Yes,Standard operational vendor invoice verified against goods received.
AP-INV-10601,VND-1003,PO-50601,2024-09-14,2024-10-14,2024-10-14,CC-600,982.71,982.71,0.0,Paid,EMP-118,Check,Yes,Standard operational vendor invoice verified against goods received.
AP-INV-10600,VND-1030,PO-50600,2024-09-14,2024-10-14,2024-10-02,CC-600,337.77,337.77,0.0,Paid,EMP-104,EFT,Yes,Standard operational vendor invoice verified against goods received.
AP-INV-10603,VND-1031,PO-50603,2024-09-15,2024-11-14,2024-11-19,CC-600,1026.65,1026.65,0.0,Paid,EMP-105,Corporate Card,Yes,Standard operational vendor invoice verified against goods received.
AP-INV-11678,VND-1042,PO-51678,2024-09-15,2024-09-30,2024-09-25,CC-300,4987.26,4987.26,0.0,Paid,EMP-103,ACH Wire,No,Expedited cloud analytics consulting modules - approved under departmental limit.
AP-INV-10604,VND-1032,PO-50604,2024-09-15,2024-10-15,2024-09-30,CC-500,567.99,567.99,0.0,Paid,EMP-118,Corporate Card,Yes,Standard operational vendor invoice verified against goods received.
AP-INV-11679,VND-1042,PO-51679,2024-09-15,2024-09-30,2024-09-25,CC-300,4889.22,4889.22,0.0,Paid,EMP-103,ACH Wire,No,Expedited cloud analytics consulting modules - approved under departmental limit.
AP-INV-11681,VND-1042,PO-51681,2024-09-16,2024-10-01,2024-09-26,CC-300,4855.16,4855.16,0.0,Paid,EMP-103,ACH Wire,No,Expedited cloud analytics consulting modules - approved under departmental limit.
AP-INV-10605,VND-1018,PO-50605,2024-09-16,2024-10-16,2024-09-26,CC-200,728.5,713.93,14.57,Paid,EMP-104,Corporate Card,Yes,Standard operational vendor invoice verified against goods received.
AP-INV-10606,VND-1020,PO-50606,2024-09-16,2024-11-15,2024-09-27,CC-400,2929.33,2929.33,0.0,Paid,EMP-118,Check,Yes,Standard operational vendor invoice verified against goods received.
AP-INV-11680,VND-1042,PO-51680,2024-09-16,2024-10-01,2024-09-26,CC-300,4856.05,4856.05,0.0,Paid,EMP-103,ACH Wire,No,Expedited cloud analytics consulting modules - approved under departmental limit.
AP-INV-10608,VND-1013,PO-50608,2024-09-17,2024-11-16,2024-11-21,CC-400,2188.42,2188.42,0.0,Paid,EMP-118,ACH Wire,Yes,Standard operational vendor invoice verified against goods received.
AP-INV-10607,VND-1029,PO-50607,2024-09-17,2024-10-17,2024-10-11,CC-700,1189.91,1189.91,0.0,Paid,EMP-102,Corporate Card,Yes,Standard operational vendor invoice verified against goods received.
AP-INV-11682,VND-1042,PO-51682,2024-09-18,2024-10-03,2024-09-28,CC-300,4923.6,4923.6,0.0,Paid,EMP-103,ACH Wire,No,Expedited cloud analytics consulting modules - approved under departmental limit.
AP-INV-10609,VND-1045,PO-50609,2024-09-18,2024-11-02,2024-10-12,CC-400,3300.02,3300.02,0.0,Paid,EMP-105,EFT,Yes,Standard operational vendor invoice verified against goods received.
AP-INV-11683,VND-1042,PO-51683,2024-09-18,2024-10-03,2024-09-28,CC-300,4944.3,4944.3,0.0,Paid,EMP-103,ACH Wire,No,Expedited cloud analytics consulting modules - approved under departmental limit.
AP-INV-10611,VND-1028,PO-50611,2024-09-19,2024-10-04,2024-10-04,CC-200,330.48,330.48,0.0,Paid,EMP-104,Corporate Card,Yes,Standard operational vendor invoice verified against goods received.
AP-INV-10610,VND-1017,PO-50610,2024-09-19,2024-11-18,2024-11-02,CC-500,5426.06,5426.06,0.0,Paid,EMP-105,Corporate Card,Yes,Standard operational vendor invoice verified against goods received.
AP-INV-10612,VND-1031,PO-50612,2024-09-20,2024-11-04,2024-10-17,CC-500,7379.22,7379.22,0.0,Paid,EMP-118,ACH Wire,Yes,Standard operational vendor invoice verified against goods received.
AP-INV-10614,VND-1020,PO-50614,2024-09-21,2024-10-21,2024-10-29,CC-300,533.83,533.83,0.0,Paid,EMP-102,ACH Wire,Yes,Standard operational vendor invoice verified against goods received.
AP-INV-10613,VND-1010,PO-50613,2024-09-21,2024-11-20,2024-10-03,CC-100,4598.67,4598.67,0.0,Paid,EMP-104,EFT,Yes,Standard operational vendor invoice verified against goods received.
AP-INV-10615,VND-1001,PO-50615,2024-09-22,2024-10-22,2024-10-23,CC-400,9456.61,9456.61,0.0,Paid,EMP-118,Corporate Card,Yes,Standard operational vendor invoice verified against goods received.
AP-INV-10616,VND-1033,PO-50616,2024-09-23,2024-11-07,2024-11-16,CC-300,11565.12,11565.12,0.0,Paid,EMP-102,Corporate Card,Yes,Standard operational vendor invoice verified against goods received.
AP-INV-10618,VND-1005,PO-50618,2024-09-23,2024-11-07,2024-10-14,CC-500,1608.8,1608.8,0.0,Paid,EMP-104,Corporate Card,Yes,Standard operational vendor invoice verified against goods received.
AP-INV-10617,VND-1006,PO-50617,2024-09-23,2024-10-23,2024-10-06,CC-700,433.6,433.6,0.0,Paid,EMP-105,Check,Yes,Standard operational vendor invoice verified against goods received.
AP-INV-10621,VND-1032,PO-50621,2024-09-24,2024-10-24,2024-10-24,CC-400,1067.91,1067.91,0.0,Paid,EMP-104,EFT,Yes,Standard operational vendor invoice verified against goods received.
AP-INV-10620,VND-1003,PO-50620,2024-09-24,2024-11-08,2024-11-20,CC-200,6357.11,6357.11,0.0,Paid,EMP-102,ACH Wire,Yes,Standard operational vendor invoice verified against goods received.
AP-INV-10619,VND-1001,PO-50619,2024-09-24,2024-10-24,2024-10-28,CC-100,7534.21,7534.21,0.0,Paid,EMP-118,ACH Wire,Yes,Standard operational vendor invoice verified against goods received.
AP-INV-10624,VND-1044,PO-50624,2024-09-25,2024-10-25,2024-10-05,CC-400,3131.98,3069.34,62.64,Paid,EMP-105,EFT,Yes,Standard operational vendor invoice verified against goods received.
AP-INV-10623,VND-1013,PO-50623,2024-09-25,2024-10-10,2024-10-11,CC-300,2232.53,2232.53,0.0,Paid,EMP-102,ACH Wire,Yes,Standard operational vendor invoice verified against goods received.
AP-INV-10622,VND-1037,PO-50622,2024-09-25,2024-10-10,2024-10-13,CC-500,1207.05,1207.05,0.0,Paid,EMP-118,Corporate Card,Yes,Standard operational vendor invoice verified against goods received.
AP-INV-10626,VND-1025,PO-50626,2024-09-26,2024-10-11,2024-10-13,CC-700,2221.41,2221.41,0.0,Paid,EMP-104,Check,Yes,Standard operational vendor invoice verified against goods received.
AP-INV-10625,VND-1017,PO-50625,2024-09-26,2024-10-11,2024-10-24,CC-100,4483.51,4483.51,0.0,Paid,EMP-118,ACH Wire,Yes,Standard operational vendor invoice verified against goods received.
AP-INV-10627,VND-1043,PO-50627,2024-09-27,2024-10-12,2024-10-08,CC-300,2944.01,2944.01,0.0,Paid,EMP-105,ACH Wire,Yes,Standard operational vendor invoice verified against goods received.
AP-INV-10629,VND-1030,PO-50629,2024-09-28,2024-10-28,2024-10-09,CC-600,318.18,318.18,0.0,Paid,EMP-118,Corporate Card,Yes,Standard operational vendor invoice verified against goods received.
AP-INV-10628,VND-1007,PO-50628,2024-09-28,2024-11-12,2024-10-22,CC-200,6343.03,6343.03,0.0,Paid,EMP-105,Corporate Card,Yes,Standard operational vendor invoice verified against goods received.
AP-INV-10630,VND-1050,PO-50630,2024-09-28,2024-10-28,2024-10-10,CC-200,1459.21,1459.21,0.0,Paid,EMP-118,Check,Yes,Standard operational vendor invoice verified against goods received.
AP-INV-10631,VND-1036,PO-50631,2024-09-29,2024-11-13,2024-10-21,CC-600,5772.71,5772.71,0.0,Paid,EMP-104,Corporate Card,Yes,Standard operational vendor invoice verified against goods received.
AP-INV-10632,VND-1022,PO-50632,2024-09-29,2024-11-13,2024-10-26,CC-600,10300.95,10300.95,0.0,Paid,EMP-104,EFT,Yes,Standard operational vendor invoice verified against goods received.
AP-INV-10633,VND-1030,PO-50633,2024-09-30,2024-10-30,2024-11-13,CC-300,3375.51,3375.51,0.0,Paid,EMP-105,Check,Yes,Standard operational vendor invoice verified against goods received.
AP-INV-10634,VND-1001,PO-50634,2024-09-30,2024-11-29,2024-11-27,CC-700,3567.88,3567.88,0.0,Paid,EMP-104,EFT,Yes,Standard operational vendor invoice verified against goods received.
AP-INV-10635,VND-1025,PO-50635,2024-10-01,2024-11-30,2024-11-10,CC-700,660.13,660.13,0.0,Paid,EMP-105,EFT,Yes,Standard operational vendor invoice verified against goods received.
AP-INV-10636,VND-1046,PO-50636,2024-10-01,2024-11-15,2024-10-23,CC-500,2819.14,2819.14,0.0,Paid,EMP-118,ACH Wire,Yes,Standard operational vendor invoice verified against goods received.
AP-INV-10637,VND-1043,PO-50637,2024-10-01,2024-10-31,2024-11-06,CC-300,3572.73,3572.73,0.0,Paid,EMP-105,EFT,Yes,Standard operational vendor invoice verified against goods received.
AP-INV-10638,VND-1046,PO-50638,2024-10-02,2024-10-17,2024-10-16,CC-100,1399.62,1399.62,0.0,Paid,EMP-104,EFT,Yes,Standard operational vendor invoice verified against goods received.
AP-INV-10639,VND-1033,PO-50639,2024-10-03,2024-10-18,2024-10-14,CC-200,1561.54,1561.54,0.0,Paid,EMP-118,Check,Yes,Standard operational vendor invoice verified against goods received.
AP-INV-10640,VND-1035,PO-50640,2024-10-03,2024-12-02,2024-11-14,CC-500,2281.49,2281.49,0.0,Paid,EMP-102,Corporate Card,Yes,Standard operational vendor invoice verified against goods received.
AP-INV-10642,VND-1031,PO-50642,2024-10-04,2024-10-19,2024-10-25,CC-700,1899.26,1899.26,0.0,Paid,EMP-118,Corporate Card,Yes,Standard operational vendor invoice verified against goods received.
AP-INV-10641,VND-1049,PO-50641,2024-10-04,2024-10-19,2024-10-20,CC-100,241.24,241.24,0.0,Paid,EMP-118,EFT,Yes,Standard operational vendor invoice verified against goods received.
AP-INV-10645,VND-1050,PO-50645,2024-10-05,2024-12-04,2024-12-03,CC-200,724.03,724.03,0.0,Paid,EMP-104,ACH Wire,Yes,Standard operational vendor invoice verified against goods received.
AP-INV-10643,VND-1004,PO-50643,2024-10-05,2024-12-04,2024-11-18,CC-700,1219.01,1219.01,0.0,Paid,EMP-102,EFT,Yes,Standard operational vendor invoice verified against goods received.
AP-INV-10644,VND-1021,PO-50644,2024-10-05,2024-11-04,2024-11-17,CC-100,1935.37,1935.37,0.0,Paid,EMP-102,EFT,Yes,Standard operational vendor invoice verified against goods received.
AP-INV-10646,VND-1017,PO-50646,2024-10-06,2024-11-05,2024-11-20,CC-500,10104.36,10104.36,0.0,Paid,EMP-118,EFT,Yes,Standard operational vendor invoice verified against goods received.
AP-INV-10647,VND-1044,PO-50647,2024-10-06,2024-11-05,2024-11-14,CC-500,4201.79,4201.79,0.0,Paid,EMP-118,EFT,Yes,Standard operational vendor invoice verified against goods received.
AP-INV-10648,VND-1012,PO-50648,2024-10-07,2024-11-21,2024-11-18,CC-500,5264.85,5264.85,0.0,Paid,EMP-105,ACH Wire,Yes,Standard operational vendor invoice verified against goods received.
AP-INV-10649,VND-1041,PO-50649,2024-10-08,2024-11-07,2024-11-07,CC-400,7155.19,7155.19,0.0,Paid,EMP-105,Corporate Card,Yes,Standard operational vendor invoice verified against goods received.
AP-INV-10650,VND-1028,PO-50650,2024-10-08,2024-11-22,2024-12-03,CC-700,3255.16,3255.16,0.0,Paid,EMP-105,ACH Wire,Yes,Standard operational vendor invoice verified against goods received.
AP-INV-10651,VND-1014,PO-50651,2024-10-09,2024-12-08,2024-11-20,CC-400,559.19,559.19,0.0,Paid,EMP-105,Check,Yes,Standard operational vendor invoice verified against goods received.
AP-INV-10652,VND-1030,PO-50652,2024-10-09,2024-10-24,2024-10-20,CC-400,3616.16,3616.16,0.0,Paid,EMP-105,EFT,Yes,Standard operational vendor invoice verified against goods received.
AP-INV-10653,VND-1021,PO-50653,2024-10-10,2024-11-09,2024-11-03,CC-100,4127.65,4127.65,0.0,Paid,EMP-104,Corporate Card,Yes,Standard operational vendor invoice verified against goods received.
AP-INV-10654,VND-1002,PO-50654,2024-10-10,2024-11-09,2024-11-24,CC-700,6306.97,6306.97,0.0,Paid,EMP-104,EFT,Yes,Standard operational vendor invoice verified against goods received.
AP-INV-10655,VND-1024,PO-50655,2024-10-11,2024-11-10,2024-11-06,CC-200,2692.66,2692.66,0.0,Paid,EMP-105,ACH Wire,Yes,Standard operational vendor invoice verified against goods received.
AP-INV-10656,VND-1021,PO-50656,2024-10-12,2024-12-11,2024-12-12,CC-100,764.18,764.18,0.0,Paid,EMP-104,EFT,Yes,Standard operational vendor invoice verified against goods received.
AP-INV-10657,VND-1050,PO-50657,2024-10-12,2024-11-26,2024-11-02,CC-300,1651.93,1651.93,0.0,Paid,EMP-118,EFT,Yes,Standard operational vendor invoice verified against goods received.
AP-INV-10659,VND-1023,PO-50659,2024-10-13,2024-11-27,2024-11-18,CC-300,4822.01,4822.01,0.0,Paid,EMP-102,ACH Wire,Yes,Standard operational vendor invoice verified against goods received.
AP-INV-10658,VND-1021,PO-50658,2024-10-13,2024-12-12,2024-12-10,CC-100,2180.02,2180.02,0.0,Paid,EMP-102,EFT,Yes,Standard operational vendor invoice verified against goods received.
AP-INV-10660,VND-1041,PO-50660,2024-10-14,2024-11-28,2024-10-27,CC-100,3956.02,3956.02,0.0,Paid,EMP-105,EFT,Yes,Standard operational vendor invoice verified against goods received.
AP-INV-10661,VND-1022,PO-50661,2024-10-14,2024-12-13,2024-11-12,CC-500,2130.93,2130.93,0.0,Paid,EMP-105,ACH Wire,Yes,Standard operational vendor invoice verified against goods received.
AP-INV-10662,VND-1010,PO-50662,2024-10-14,2024-11-28,2024-11-21,CC-100,19527.88,19527.88,0.0,Paid,EMP-102,ACH Wire,Yes,Standard operational vendor invoice verified against goods received.
AP-INV-11719,VND-1038,NONE-EMERGENCY,2024-10-14,2024-10-15,2024-10-16,CC-500,22474.56,22474.56,0.0,Paid,EMP-118,ACH Wire,No,Executive supply chain optimization & strategic restructuring advisory retainer.
AP-INV-10663,VND-1027,PO-50663,2024-10-15,2024-11-14,2024-11-15,CC-200,4338.75,4338.75,0.0,Paid,EMP-102,Check,Yes,Standard operational vendor invoice verified against goods received.
AP-INV-10664,VND-1039,PO-50664,2024-10-15,2024-10-30,2024-11-11,CC-600,1368.58,1368.58,0.0,Paid,EMP-118,Corporate Card,Yes,Standard operational vendor invoice verified against goods received.
AP-INV-10665,VND-1034,PO-50665,2024-10-16,2024-11-15,2024-11-03,CC-400,633.04,633.04,0.0,Paid,EMP-118,ACH Wire,Yes,Standard operational vendor invoice verified against goods received.
AP-INV-10666,VND-1045,PO-50666,2024-10-17,2024-11-16,2024-12-01,CC-500,896.5,896.5,0.0,Paid,EMP-104,ACH Wire,Yes,Standard operational vendor invoice verified against goods received.
AP-INV-10667,VND-1005,PO-50667,2024-10-17,2024-12-01,2024-11-16,CC-300,1420.38,1420.38,0.0,Paid,EMP-102,EFT,Yes,Standard operational vendor invoice verified against goods received.
AP-INV-10669,VND-1041,PO-50669,2024-10-18,2024-11-02,2024-11-06,CC-600,1079.21,1079.21,0.0,Paid,EMP-104,Corporate Card,Yes,Standard operational vendor invoice verified against goods received.
AP-INV-10668,VND-1029,PO-50668,2024-10-18,2024-11-17,2024-11-09,CC-300,938.24,938.24,0.0,Paid,EMP-105,Corporate Card,Yes,Standard operational vendor invoice verified against goods received.
AP-INV-10670,VND-1043,PO-50670,2024-10-18,2024-12-02,2024-12-06,CC-700,1660.23,1660.23,0.0,Paid,EMP-104,Check,Yes,Standard operational vendor invoice verified against goods received.
AP-INV-10671,VND-1016,PO-50671,2024-10-19,2024-11-18,2024-11-07,CC-200,1006.81,1006.81,0.0,Paid,EMP-102,EFT,Yes,Standard operational vendor invoice verified against goods received.
AP-INV-10672,VND-1017,PO-50672,2024-10-20,2024-11-19,2024-11-17,CC-500,10368.38,10368.38,0.0,Paid,EMP-102,Corporate Card,Yes,Standard operational vendor invoice verified against goods received.
AP-INV-10673,VND-1048,PO-50673,2024-10-20,2024-11-04,2024-11-08,CC-700,526.36,526.36,0.0,Paid,EMP-118,Check,Yes,Standard operational vendor invoice verified against goods received.
AP-INV-10674,VND-1002,PO-50674,2024-10-20,2024-11-19,2024-12-03,CC-300,3495.36,3495.36,0.0,Paid,EMP-104,ACH Wire,Yes,Standard operational vendor invoice verified against goods received.
AP-INV-10675,VND-1018,PO-50675,2024-10-21,2024-12-05,2024-12-09,CC-500,2527.38,2527.38,0.0,Paid,EMP-104,EFT,Yes,Standard operational vendor invoice verified against goods received.
AP-INV-10676,VND-1026,PO-50676,2024-10-21,2024-12-20,2024-11-05,CC-500,18323.89,18323.89,0.0,Paid,EMP-105,ACH Wire,Yes,Standard operational vendor invoice verified against goods received.
AP-INV-10677,VND-1013,PO-50677,2024-10-22,2024-12-21,2024-12-05,CC-700,684.72,684.72,0.0,Paid,EMP-102,Check,Yes,Standard operational vendor invoice verified against goods received.
AP-INV-10678,VND-1001,PO-50678,2024-10-23,2024-12-07,2024-12-14,CC-100,2432.66,2432.66,0.0,Paid,EMP-105,Corporate Card,Yes,Standard operational vendor invoice verified against goods received.
AP-INV-10679,VND-1007,PO-50679,2024-10-23,2024-11-22,2024-11-26,CC-100,15850.77,15850.77,0.0,Paid,EMP-104,Check,Yes,Standard operational vendor invoice verified against goods received.
AP-INV-10680,VND-1034,PO-50680,2024-10-23,2024-11-07,2024-11-12,CC-600,9178.1,9178.1,0.0,Paid,EMP-118,EFT,Yes,Standard operational vendor invoice verified against goods received.
AP-INV-10681,VND-1034,PO-50681,2024-10-24,2024-12-23,2024-11-05,CC-400,7793.98,7793.98,0.0,Paid,EMP-102,ACH Wire,Yes,Standard operational vendor invoice verified against goods received.
AP-INV-10683,VND-1024,PO-50683,2024-10-25,2024-11-24,2024-11-26,CC-600,993.3,993.3,0.0,Paid,EMP-105,ACH Wire,Yes,Standard operational vendor invoice verified against goods received.
AP-INV-10685,VND-1002,PO-50685,2024-10-25,2024-11-24,2024-11-18,CC-500,12076.73,12076.73,0.0,Paid,EMP-104,Corporate Card,Yes,Standard operational vendor invoice verified against goods received.
AP-INV-10684,VND-1034,PO-50684,2024-10-25,2024-11-09,2024-11-24,CC-300,5120.52,5120.52,0.0,Paid,EMP-105,Check,Yes,Standard operational vendor invoice verified against goods received.
AP-INV-10682,VND-1021,PO-50682,2024-10-25,2024-12-09,2024-11-29,CC-300,1492.24,1492.24,0.0,Paid,EMP-104,EFT,Yes,Standard operational vendor invoice verified against goods received.
AP-INV-10688,VND-1030,PO-50688,2024-10-26,2024-11-25,2024-11-18,CC-500,1628.14,1628.14,0.0,Paid,EMP-104,ACH Wire,Yes,Standard operational vendor invoice verified against goods received.
AP-INV-10687,VND-1017,PO-50687,2024-10-26,2024-11-25,2024-12-02,CC-500,3964.77,3964.77,0.0,Paid,EMP-105,Corporate Card,Yes,Standard operational vendor invoice verified against goods received.
AP-INV-10686,VND-1046,PO-50686,2024-10-26,2024-11-10,2024-11-17,CC-200,3811.43,3811.43,0.0,Paid,EMP-104,Check,Yes,Standard operational vendor invoice verified against goods received.
AP-INV-10690,VND-1045,PO-50690,2024-10-27,2024-11-26,2024-11-26,CC-500,1081.85,1081.85,0.0,Paid,EMP-102,EFT,Yes,Standard operational vendor invoice verified against goods received.
AP-INV-10689,VND-1021,PO-50689,2024-10-27,2024-12-26,2024-11-23,CC-600,6753.63,6753.63,0.0,Paid,EMP-118,ACH Wire,Yes,Standard operational vendor invoice verified against goods received.
AP-INV-10691,VND-1012,PO-50691,2024-10-27,2024-11-26,2024-11-07,CC-300,1909.9,1909.9,0.0,Paid,EMP-105,Check,Yes,Standard operational vendor invoice verified against goods received.
AP-INV-10695,VND-1048,PO-50695,2024-10-28,2024-12-12,2024-11-15,CC-700,698.92,698.92,0.0,Paid,EMP-118,Corporate Card,Yes,Standard operational vendor invoice verified against goods received.
AP-INV-10694,VND-1041,PO-50694,2024-10-28,2024-11-27,2024-11-08,CC-200,1399.26,1399.26,0.0,Paid,EMP-105,EFT,Yes,Standard operational vendor invoice verified against goods received.
AP-INV-10693,VND-1009,PO-50693,2024-10-28,2024-11-12,2024-11-26,CC-200,3338.18,3338.18,0.0,Paid,EMP-105,ACH Wire,Yes,Standard operational vendor invoice verified against goods received.
AP-INV-10692,VND-1021,PO-50692,2024-10-28,2024-11-27,2024-11-16,CC-400,2643.65,2643.65,0.0,Paid,EMP-104,EFT,Yes,Standard operational vendor invoice verified against goods received.
AP-INV-10696,VND-1026,PO-50696,2024-10-29,2024-12-13,2024-11-16,CC-400,4394.4,4394.4,0.0,Paid,EMP-104,ACH Wire,Yes,Standard operational vendor invoice verified against goods received.
AP-INV-10698,VND-1046,PO-50698,2024-10-30,2024-11-29,2024-11-13,CC-200,4067.04,4067.04,0.0,Paid,EMP-104,Check,Yes,Standard operational vendor invoice verified against goods received.
AP-INV-10697,VND-1028,PO-50697,2024-10-30,2024-11-14,2024-11-17,CC-700,1682.54,1682.54,0.0,Paid,EMP-118,ACH Wire,Yes,Standard operational vendor invoice verified against goods received.
AP-INV-10700,VND-1027,PO-50700,2024-10-31,2024-11-15,2024-11-29,CC-700,3102.55,3102.55,0.0,Paid,EMP-118,Corporate Card,Yes,Standard operational vendor invoice verified against goods received.
AP-INV-10699,VND-1033,PO-50699,2024-10-31,2024-11-30,2024-12-09,CC-600,904.49,904.49,0.0,Paid,EMP-104,Check,Yes,Standard operational vendor invoice verified against goods received.
AP-INV-10701,VND-1027,PO-50701,2024-10-31,2024-12-30,2024-11-14,CC-500,3572.46,3572.46,0.0,Paid,EMP-102,Check,Yes,Standard operational vendor invoice verified against goods received.
AP-INV-10702,VND-1003,PO-50702,2024-11-01,2024-12-31,2024-12-31,CC-200,389.47,389.47,0.0,Paid,EMP-102,Check,Yes,Standard operational vendor invoice verified against goods received.
AP-INV-10703,VND-1035,PO-50703,2024-11-01,2024-11-16,2024-11-17,CC-700,1996.73,1996.73,0.0,Paid,EMP-105,Check,Yes,Standard operational vendor invoice verified against goods received.
AP-INV-10704,VND-1021,PO-50704,2024-11-02,2024-12-02,2024-12-11,CC-700,799.57,799.57,0.0,Paid,EMP-104,Check,Yes,Standard operational vendor invoice verified against goods received.
AP-INV-10705,VND-1020,PO-50705,2024-11-02,2024-11-17,2024-11-28,CC-500,444.63,444.63,0.0,Paid,EMP-104,Check,Yes,Standard operational vendor invoice verified against goods received.
AP-INV-10706,VND-1030,PO-50706,2024-11-03,2025-01-02,2024-11-27,CC-100,20855.41,20855.41,0.0,Paid,EMP-104,ACH Wire,Yes,Standard operational vendor invoice verified against goods received.
AP-INV-10707,VND-1027,PO-50707,2024-11-03,2024-12-03,2024-12-11,CC-400,1901.09,1901.09,0.0,Paid,EMP-102,ACH Wire,Yes,Standard operational vendor invoice verified against goods received.
AP-INV-10708,VND-1031,PO-50708,2024-11-03,2024-12-03,2024-12-12,CC-500,7620.32,7620.32,0.0,Paid,EMP-102,Corporate Card,Yes,Standard operational vendor invoice verified against goods received.
AP-INV-10710,VND-1049,PO-50710,2024-11-04,2024-12-04,2024-11-19,CC-400,5298.64,5298.64,0.0,Paid,EMP-118,ACH Wire,Yes,Standard operational vendor invoice verified against goods received.
AP-INV-10709,VND-1045,PO-50709,2024-11-04,2024-12-04,2024-11-21,CC-600,1472.5,1472.5,0.0,Paid,EMP-102,EFT,Yes,Standard operational vendor invoice verified against goods received.
AP-INV-10711,VND-1026,PO-50711,2024-11-05,2024-12-05,2024-12-06,CC-100,6576.3,6576.3,0.0,Paid,EMP-104,ACH Wire,Yes,Standard operational vendor invoice verified against goods received.
AP-INV-10712,VND-1010,PO-50712,2024-11-05,2024-11-20,2024-11-28,CC-200,4224.51,4224.51,0.0,Paid,EMP-105,Corporate Card,Yes,Standard operational vendor invoice verified against goods received.
AP-INV-10715,VND-1041,PO-50715,2024-11-06,2024-12-06,2024-11-29,CC-400,2080.69,2080.69,0.0,Paid,EMP-118,Check,Yes,Standard operational vendor invoice verified against goods received.
AP-INV-10714,VND-1001,PO-50714,2024-11-06,2024-12-06,2024-11-16,CC-500,2538.41,2538.41,0.0,Paid,EMP-118,EFT,Yes,Standard operational vendor invoice verified against goods received.
AP-INV-10713,VND-1030,PO-50713,2024-11-06,2024-12-06,2024-11-23,CC-300,3020.35,3020.35,0.0,Paid,EMP-104,ACH Wire,Yes,Standard operational vendor invoice verified against goods received.
AP-INV-10717,VND-1004,PO-50717,2024-11-07,2024-12-07,2024-11-20,CC-200,8140.23,8140.23,0.0,Paid,EMP-105,EFT,Yes,Standard operational vendor invoice verified against goods received.
AP-INV-10716,VND-1006,PO-50716,2024-11-07,2025-01-06,2024-11-17,CC-500,12086.5,11844.77,241.73,Paid,EMP-105,ACH Wire,Yes,Standard operational vendor invoice verified against goods received.
AP-INV-10718,VND-1003,PO-50718,2024-11-08,2025-01-07,2024-12-26,CC-600,15239.29,15239.29,0.0,Paid,EMP-105,EFT,Yes,Standard operational vendor invoice verified against goods received.
AP-INV-10719,VND-1028,PO-50719,2024-11-09,2024-12-09,2024-12-07,CC-200,747.28,747.28,0.0,Paid,EMP-104,Check,Yes,Standard operational vendor invoice verified against goods received.
AP-INV-11684,VND-1042,PO-51684,2024-11-10,2024-11-25,2024-11-20,CC-300,4912.57,4912.57,0.0,Paid,EMP-103,ACH Wire,No,Expedited cloud analytics consulting modules - approved under departmental limit.
AP-INV-11685,VND-1042,PO-51685,2024-11-10,2024-11-25,2024-11-20,CC-300,4894.0,4894.0,0.0,Paid,EMP-103,ACH Wire,No,Expedited cloud analytics consulting modules - approved under departmental limit.
AP-INV-10722,VND-1032,PO-50722,2024-11-10,2024-11-25,2024-11-28,CC-200,1049.8,1049.8,0.0,Paid,EMP-105,Check,Yes,Standard operational vendor invoice verified against goods received.
AP-INV-10720,VND-1025,PO-50720,2024-11-10,2024-11-25,2024-11-29,CC-100,6056.48,6056.48,0.0,Paid,EMP-105,Corporate Card,Yes,Standard operational vendor invoice verified against goods received.
AP-INV-10721,VND-1026,PO-50721,2024-11-10,2024-11-25,2024-12-03,CC-700,12687.57,12687.57,0.0,Paid,EMP-102,Corporate Card,Yes,Standard operational vendor invoice verified against goods received.
AP-INV-10723,VND-1048,PO-50723,2024-11-11,2025-01-10,2024-11-28,CC-200,459.65,459.65,0.0,Paid,EMP-102,EFT,Yes,Standard operational vendor invoice verified against goods received.
AP-INV-10724,VND-1032,PO-50724,2024-11-11,2025-01-10,2024-12-27,CC-600,6231.27,6231.27,0.0,Paid,EMP-118,Corporate Card,Yes,Standard operational vendor invoice verified against goods received.
AP-INV-10726,VND-1033,PO-50726,2024-11-12,2024-12-12,2024-12-06,CC-700,8448.35,8448.35,0.0,Paid,EMP-105,ACH Wire,Yes,Standard operational vendor invoice verified against goods received.
AP-INV-11687,VND-1042,PO-51687,2024-11-12,2024-11-27,2024-11-22,CC-300,4990.86,4990.86,0.0,Paid,EMP-103,ACH Wire,No,Expedited cloud analytics consulting modules - approved under departmental limit.
AP-INV-11686,VND-1042,PO-51686,2024-11-12,2024-11-27,2024-11-22,CC-300,4973.23,4973.23,0.0,Paid,EMP-103,ACH Wire,No,Expedited cloud analytics consulting modules - approved under departmental limit.
AP-INV-10725,VND-1039,PO-50725,2024-11-12,2024-12-12,2024-11-30,CC-500,3994.92,3994.92,0.0,Paid,EMP-118,Check,Yes,Standard operational vendor invoice verified against goods received.
AP-INV-11688,VND-1042,PO-51688,2024-11-13,2024-11-28,2024-11-23,CC-300,4853.11,4853.11,0.0,Paid,EMP-103,ACH Wire,No,Expedited cloud analytics consulting modules - approved under departmental limit.
AP-INV-11689,VND-1042,PO-51689,2024-11-13,2024-11-28,2024-11-23,CC-300,4858.03,4858.03,0.0,Paid,EMP-103,ACH Wire,No,Expedited cloud analytics consulting modules - approved under departmental limit.
AP-INV-10727,VND-1002,PO-50727,2024-11-13,2024-11-28,2024-11-29,CC-400,827.51,827.51,0.0,Paid,EMP-118,Check,Yes,Standard operational vendor invoice verified against goods received.
AP-INV-10728,VND-1024,PO-50728,2024-11-14,2024-12-14,2024-11-24,CC-500,7287.23,7287.23,0.0,Paid,EMP-105,Corporate Card,Yes,Standard operational vendor invoice verified against goods received.
AP-INV-10729,VND-1021,PO-50729,2024-11-15,2025-01-14,2025-01-05,CC-300,1163.31,1163.31,0.0,Paid,EMP-102,EFT,Yes,Standard operational vendor invoice verified against goods received.
AP-INV-10730,VND-1047,PO-50730,2024-11-15,2024-12-15,2024-12-20,CC-300,954.22,954.22,0.0,Paid,EMP-102,ACH Wire,Yes,Standard operational vendor invoice verified against goods received.
AP-INV-10731,VND-1013,PO-50731,2024-11-15,2024-12-15,2024-12-25,CC-300,957.5,957.5,0.0,Paid,EMP-118,EFT,Yes,Standard operational vendor invoice verified against goods received.
AP-INV-10732,VND-1032,PO-50732,2024-11-16,2024-12-31,2024-12-30,CC-200,7732.96,7732.96,0.0,Paid,EMP-105,Check,Yes,Standard operational vendor invoice verified against goods received.
AP-INV-10734,VND-1037,PO-50734,2024-11-16,2024-12-01,2024-12-02,CC-500,3481.69,3481.69,0.0,Paid,EMP-105,Corporate Card,Yes,Standard operational vendor invoice verified against goods received.
AP-INV-10733,VND-1028,PO-50733,2024-11-16,2024-12-01,2024-12-12,CC-600,5073.96,5073.96,0.0,Paid,EMP-105,Corporate Card,Yes,Standard operational vendor invoice verified against goods received.
AP-INV-10735,VND-1010,PO-50735,2024-11-17,2024-12-02,2024-12-07,CC-300,2150.08,2150.08,0.0,Paid,EMP-118,ACH Wire,Yes,Standard operational vendor invoice verified against goods received.
AP-INV-10736,VND-1026,PO-50736,2024-11-18,2025-01-17,2024-12-12,CC-200,9587.41,9587.41,0.0,Paid,EMP-105,Corporate Card,Yes,Standard operational vendor invoice verified against goods received.
AP-INV-10737,VND-1049,PO-50737,2024-11-18,2024-12-18,2024-12-24,CC-100,2392.41,2392.41,0.0,Paid,EMP-102,Check,Yes,Standard operational vendor invoice verified against goods received.
AP-INV-10738,VND-1025,PO-50738,2024-11-19,2024-12-19,2024-12-12,CC-400,7782.37,7782.37,0.0,Paid,EMP-105,ACH Wire,Yes,Standard operational vendor invoice verified against goods received.
AP-INV-10739,VND-1008,PO-50739,2024-11-19,2024-12-04,2024-12-05,CC-300,2752.24,2752.24,0.0,Paid,EMP-102,Check,Yes,Standard operational vendor invoice verified against goods received.
AP-INV-10740,VND-1034,PO-50740,2024-11-19,2025-01-03,2024-12-31,CC-100,2279.04,2279.04,0.0,Paid,EMP-104,ACH Wire,Yes,Standard operational vendor invoice verified against goods received.
AP-INV-10741,VND-1032,PO-50741,2024-11-20,2025-01-19,2025-01-08,CC-600,2945.22,2945.22,0.0,Paid,EMP-105,ACH Wire,Yes,Standard operational vendor invoice verified against goods received.
AP-INV-10742,VND-1007,PO-50742,2024-11-20,2025-01-19,2024-12-16,CC-700,1763.9,1763.9,0.0,Paid,EMP-104,EFT,Yes,Standard operational vendor invoice verified against goods received.
AP-INV-10743,VND-1049,PO-50743,2024-11-21,2025-01-20,2024-12-15,CC-700,6345.5,6345.5,0.0,Paid,EMP-102,Corporate Card,Yes,Standard operational vendor invoice verified against goods received.
AP-INV-10744,VND-1003,PO-50744,2024-11-21,2025-01-20,2024-12-12,CC-600,3293.71,3293.71,0.0,Paid,EMP-105,Check,Yes,Standard operational vendor invoice verified against goods received.
AP-INV-10745,VND-1007,PO-50745,2024-11-22,2024-12-22,2024-12-03,CC-500,1339.09,1339.09,0.0,Paid,EMP-105,ACH Wire,Yes,Standard operational vendor invoice verified against goods received.
AP-INV-10747,VND-1030,PO-50747,2024-11-22,2024-12-07,2024-12-10,CC-600,2329.49,2329.49,0.0,Paid,EMP-104,ACH Wire,Yes,Standard operational vendor invoice verified against goods received.
AP-INV-10746,VND-1022,PO-50746,2024-11-22,2024-12-22,2024-12-20,CC-200,10492.53,10492.53,0.0,Paid,EMP-105,Corporate Card,Yes,Standard operational vendor invoice verified against goods received.
AP-INV-10748,VND-1001,PO-50748,2024-11-23,2025-01-22,2025-02-06,CC-500,3679.27,3679.27,0.0,Paid,EMP-102,ACH Wire,Yes,Standard operational vendor invoice verified against goods received.
AP-INV-10749,VND-1036,PO-50749,2024-11-23,2025-01-22,2025-01-12,CC-300,10812.73,10812.73,0.0,Paid,EMP-105,ACH Wire,Yes,Standard operational vendor invoice verified against goods received.
AP-INV-10750,VND-1020,PO-50750,2024-11-24,2024-12-24,2024-12-14,CC-500,4554.6,4554.6,0.0,Paid,EMP-102,Corporate Card,Yes,Standard operational vendor invoice verified against goods received.
AP-INV-10751,VND-1043,PO-50751,2024-11-24,2025-01-23,2025-01-29,CC-300,709.42,709.42,0.0,Paid,EMP-102,ACH Wire,Yes,Standard operational vendor invoice verified against goods received.
AP-INV-10752,VND-1002,PO-50752,2024-11-24,2024-12-09,2024-12-07,CC-400,12797.78,12797.78,0.0,Paid,EMP-118,EFT,Yes,Standard operational vendor invoice verified against goods received.
AP-INV-10753,VND-1006,PO-50753,2024-11-24,2025-01-08,2024-12-15,CC-400,4596.35,4596.35,0.0,Paid,EMP-118,Corporate Card,Yes,Standard operational vendor invoice verified against goods received.
AP-INV-10754,VND-1013,PO-50754,2024-11-25,2025-01-24,2024-12-15,CC-600,1985.22,1985.22,0.0,Paid,EMP-118,ACH Wire,Yes,Standard operational vendor invoice verified against goods received.
AP-INV-10755,VND-1006,PO-50755,2024-11-25,2025-01-09,2024-12-11,CC-700,824.9,824.9,0.0,Paid,EMP-118,Corporate Card,Yes,Standard operational vendor invoice verified against goods received.
AP-INV-10758,VND-1012,PO-50758,2024-11-26,2024-12-26,2024-12-26,CC-600,3580.86,3580.86,0.0,Paid,EMP-118,Check,Yes,Standard operational vendor invoice verified against goods received.
AP-INV-10756,VND-1049,PO-50756,2024-11-26,2025-01-10,2025-01-05,CC-700,7260.01,7260.01,0.0,Paid,EMP-104,ACH Wire,Yes,Standard operational vendor invoice verified against goods received.
AP-INV-10757,VND-1010,PO-50757,2024-11-26,2025-01-25,2025-01-08,CC-700,4504.99,4504.99,0.0,Paid,EMP-105,Check,Yes,Standard operational vendor invoice verified against goods received.
AP-INV-10759,VND-1032,PO-50759,2024-11-27,2024-12-27,2025-01-06,CC-100,10244.86,10244.86,0.0,Paid,EMP-118,ACH Wire,Yes,Standard operational vendor invoice verified against goods received.
AP-INV-10760,VND-1024,PO-50760,2024-11-28,2025-01-27,2024-12-24,CC-500,7142.96,7142.96,0.0,Paid,EMP-102,Check,Yes,Standard operational vendor invoice verified against goods received.
AP-INV-10761,VND-1049,PO-50761,2024-11-28,2024-12-13,2024-12-18,CC-700,890.21,890.21,0.0,Paid,EMP-102,Corporate Card,Yes,Standard operational vendor invoice verified against goods received.
AP-INV-10762,VND-1027,PO-50762,2024-11-29,2025-01-13,2024-12-24,CC-500,1831.03,1831.03,0.0,Paid,EMP-104,ACH Wire,Yes,Standard operational vendor invoice verified against goods received.
AP-INV-10763,VND-1032,PO-50763,2024-11-29,2024-12-14,2024-12-19,CC-400,1435.51,1435.51,0.0,Paid,EMP-104,Check,Yes,Standard operational vendor invoice verified against goods received.
AP-INV-10764,VND-1029,PO-50764,2024-11-30,2024-12-30,2025-01-13,CC-500,6280.66,6280.66,0.0,Paid,EMP-104,ACH Wire,Yes,Standard operational vendor invoice verified against goods received.
AP-INV-10765,VND-1046,PO-50765,2024-11-30,2024-12-15,2024-12-28,CC-600,303.48,303.48,0.0,Paid,EMP-118,EFT,Yes,Standard operational vendor invoice verified against goods received.
AP-INV-10766,VND-1040,PO-50766,2024-11-30,2025-01-14,2024-12-30,CC-500,3946.71,3946.71,0.0,Paid,EMP-102,Check,Yes,Standard operational vendor invoice verified against goods received.
AP-INV-10767,VND-1027,PO-50767,2024-12-01,2025-01-30,2024-12-24,CC-100,6618.36,6618.36,0.0,Paid,EMP-118,Corporate Card,Yes,Standard operational vendor invoice verified against goods received.
AP-INV-10769,VND-1010,PO-50769,2024-12-02,2025-01-01,2025-01-09,CC-600,2034.04,2034.04,0.0,Paid,EMP-105,Check,Yes,Standard operational vendor invoice verified against goods received.
AP-INV-10768,VND-1046,PO-50768,2024-12-02,2024-12-17,2024-12-18,CC-100,9571.5,9571.5,0.0,Paid,EMP-104,EFT,Yes,Standard operational vendor invoice verified against goods received.
AP-INV-10771,VND-1029,PO-50771,2024-12-03,2025-01-02,2024-12-18,CC-600,677.6,677.6,0.0,Paid,EMP-102,Check,Yes,Standard operational vendor invoice verified against goods received.
AP-INV-10772,VND-1009,PO-50772,2024-12-03,2025-01-02,2024-12-16,CC-700,8581.85,8581.85,0.0,Paid,EMP-105,EFT,Yes,Standard operational vendor invoice verified against goods received.
AP-INV-10770,VND-1030,PO-50770,2024-12-03,2025-01-02,2025-01-02,CC-200,7898.14,7898.14,0.0,Paid,EMP-105,Corporate Card,Yes,Standard operational vendor invoice verified against goods received.
AP-INV-10773,VND-1037,PO-50773,2024-12-04,2025-01-03,2024-12-21,CC-700,763.71,763.71,0.0,Paid,EMP-105,EFT,Yes,Standard operational vendor invoice verified against goods received.
AP-INV-10774,VND-1048,PO-50774,2024-12-05,2025-01-19,2025-01-24,CC-500,2428.42,2428.42,0.0,Paid,EMP-105,Check,Yes,Standard operational vendor invoice verified against goods received.
AP-INV-10775,VND-1027,PO-50775,2024-12-05,2025-01-19,2025-01-18,CC-400,7332.02,7332.02,0.0,Paid,EMP-104,ACH Wire,Yes,Standard operational vendor invoice verified against goods received.
AP-INV-10777,VND-1020,PO-50777,2024-12-06,2025-01-05,2024-12-24,CC-700,1321.77,1321.77,0.0,Paid,EMP-102,EFT,Yes,Standard operational vendor invoice verified against goods received.
AP-INV-10776,VND-1013,PO-50776,2024-12-06,2025-01-20,2025-01-08,CC-500,880.9,880.9,0.0,Paid,EMP-118,ACH Wire,Yes,Standard operational vendor invoice verified against goods received.
AP-INV-10778,VND-1010,PO-50778,2024-12-07,2025-01-21,2025-01-28,CC-600,5914.69,5914.69,0.0,Paid,EMP-118,ACH Wire,Yes,Standard operational vendor invoice verified against goods received.
AP-INV-10779,VND-1006,PO-50779,2024-12-07,2025-01-21,2025-01-15,CC-200,5878.93,5878.93,0.0,Paid,EMP-118,ACH Wire,Yes,Standard operational vendor invoice verified against goods received.
AP-INV-10780,VND-1031,PO-50780,2024-12-07,2025-01-21,2025-01-21,CC-500,4761.8,4761.8,0.0,Paid,EMP-118,Check,Yes,Standard operational vendor invoice verified against goods received.
AP-INV-10782,VND-1028,PO-50782,2024-12-08,2025-02-06,2025-02-02,CC-500,3671.11,3671.11,0.0,Paid,EMP-102,EFT,Yes,Standard operational vendor invoice verified against goods received.
AP-INV-10781,VND-1012,PO-50781,2024-12-08,2025-02-06,2024-12-18,CC-400,5478.01,5478.01,0.0,Paid,EMP-104,Corporate Card,Yes,Standard operational vendor invoice verified against goods received.
AP-INV-10784,VND-1010,PO-50784,2024-12-09,2025-02-07,2025-01-23,CC-600,2058.82,2058.82,0.0,Paid,EMP-118,EFT,Yes,Standard operational vendor invoice verified against goods received.
AP-INV-10783,VND-1049,PO-50783,2024-12-09,2024-12-24,2025-01-06,CC-300,1455.38,1455.38,0.0,Paid,EMP-118,EFT,Yes,Standard operational vendor invoice verified against goods received.
AP-INV-10786,VND-1043,PO-50786,2024-12-10,2025-01-09,2025-01-23,CC-100,10908.94,10908.94,0.0,Paid,EMP-102,Check,Yes,Standard operational vendor invoice verified against goods received.
AP-INV-11720,VND-1038,NONE-EMERGENCY,2024-12-10,2024-12-11,2024-12-12,CC-500,23244.76,23244.76,0.0,Paid,EMP-118,ACH Wire,No,Executive supply chain optimization & strategic restructuring advisory retainer.
AP-INV-10785,VND-1043,PO-50785,2024-12-10,2025-01-09,2025-01-19,CC-100,1051.81,1051.81,0.0,Paid,EMP-102,Corporate Card,Yes,Standard operational vendor invoice verified against goods received.
AP-INV-10787,VND-1032,PO-50787,2024-12-11,2025-01-10,2025-01-16,CC-500,4090.24,4090.24,0.0,Paid,EMP-105,Corporate Card,Yes,Standard operational vendor invoice verified against goods received.
AP-INV-10788,VND-1020,PO-50788,2024-12-11,2024-12-26,2025-01-09,CC-200,2455.11,2455.11,0.0,Paid,EMP-105,Corporate Card,Yes,Standard operational vendor invoice verified against goods received.
AP-INV-10789,VND-1032,PO-50789,2024-12-12,2025-01-11,2024-12-25,CC-500,2939.58,2939.58,0.0,Paid,EMP-105,EFT,Yes,Standard operational vendor invoice verified against goods received.
AP-INV-10790,VND-1006,PO-50790,2024-12-13,2025-02-11,2025-01-01,CC-200,13392.71,13392.71,0.0,Paid,EMP-105,Corporate Card,Yes,Standard operational vendor invoice verified against goods received.
AP-INV-10791,VND-1009,PO-50791,2024-12-13,2025-01-12,2025-01-09,CC-500,899.11,899.11,0.0,Paid,EMP-105,EFT,Yes,Standard operational vendor invoice verified against goods received.
AP-INV-10792,VND-1041,PO-50792,2024-12-14,2025-02-12,2025-01-12,CC-200,4121.0,4121.0,0.0,Paid,EMP-118,Corporate Card,Yes,Standard operational vendor invoice verified against goods received.
AP-INV-10793,VND-1012,PO-50793,2024-12-14,2025-01-13,2025-01-24,CC-300,3322.47,3322.47,0.0,Paid,EMP-104,EFT,Yes,Standard operational vendor invoice verified against goods received.
AP-INV-10794,VND-1023,PO-50794,2024-12-14,2025-01-13,2025-01-02,CC-100,4404.05,4404.05,0.0,Paid,EMP-118,Check,Yes,Standard operational vendor invoice verified against goods received.
AP-INV-10797,VND-1004,PO-50797,2024-12-15,2025-01-29,2025-01-19,CC-200,12254.95,12254.95,0.0,Paid,EMP-118,Corporate Card,Yes,Standard operational vendor invoice verified against goods received.
AP-INV-10795,VND-1017,PO-50795,2024-12-15,2025-01-29,2025-02-09,CC-600,232.24,232.24,0.0,Paid,EMP-104,ACH Wire,Yes,Standard operational vendor invoice verified against goods received.
AP-INV-10796,VND-1039,PO-50796,2024-12-15,2025-01-14,2024-12-28,CC-600,9405.12,9405.12,0.0,Paid,EMP-105,EFT,Yes,Standard operational vendor invoice verified against goods received.
AP-INV-10799,VND-1018,PO-50799,2024-12-16,2025-02-14,2025-02-19,CC-200,5517.92,5517.92,0.0,Paid,EMP-102,Corporate Card,Yes,Standard operational vendor invoice verified against goods received.
AP-INV-10798,VND-1036,PO-50798,2024-12-16,2025-01-30,2025-02-07,CC-200,3897.22,3897.22,0.0,Paid,EMP-118,Check,Yes,Standard operational vendor invoice verified against goods received.
AP-INV-10803,VND-1047,PO-50803,2024-12-17,2025-01-16,2025-01-08,CC-600,4014.16,4014.16,0.0,Paid,EMP-105,ACH Wire,Yes,Standard operational vendor invoice verified against goods received.
AP-INV-10802,VND-1019,PO-50802,2024-12-17,2025-01-01,2025-01-04,CC-300,894.8,894.8,0.0,Paid,EMP-118,Check,Yes,Standard operational vendor invoice verified against goods received.
AP-INV-10801,VND-1036,PO-50801,2024-12-17,2025-01-16,2025-01-23,CC-600,5677.79,5677.79,0.0,Paid,EMP-105,Corporate Card,Yes,Standard operational vendor invoice verified against goods received.
AP-INV-10800,VND-1030,PO-50800,2024-12-17,2025-01-16,2025-01-29,CC-400,11658.61,11658.61,0.0,Paid,EMP-102,EFT,Yes,Standard operational vendor invoice verified against goods received.
AP-INV-10805,VND-1007,PO-50805,2024-12-18,2025-01-02,2025-01-11,CC-500,2633.44,2633.44,0.0,Paid,EMP-105,ACH Wire,Yes,Standard operational vendor invoice verified against goods received.
AP-INV-10804,VND-1001,PO-50804,2024-12-18,2025-01-02,2024-12-30,CC-600,4349.49,4349.49,0.0,Paid,EMP-102,Check,Yes,Standard operational vendor invoice verified against goods received.
AP-INV-10806,VND-1018,PO-50806,2024-12-19,2025-01-03,2024-12-29,CC-200,6150.71,6150.71,0.0,Paid,EMP-102,ACH Wire,Yes,Standard operational vendor invoice verified against goods received.
AP-INV-10807,VND-1041,PO-50807,2024-12-19,2025-01-03,2025-01-01,CC-600,12406.55,12406.55,0.0,Paid,EMP-102,ACH Wire,Yes,Standard operational vendor invoice verified against goods received.
AP-INV-10808,VND-1026,PO-50808,2024-12-19,2025-02-17,2025-01-21,CC-600,11840.44,11840.44,0.0,Paid,EMP-102,ACH Wire,Yes,Standard operational vendor invoice verified against goods received.
AP-INV-10809,VND-1031,PO-50809,2024-12-20,2025-01-04,2025-01-19,CC-600,2847.14,2847.14,0.0,Paid,EMP-118,Corporate Card,Yes,Standard operational vendor invoice verified against goods received.
AP-INV-10810,VND-1029,PO-50810,2024-12-20,2025-01-19,2025-01-15,CC-600,690.8,690.8,0.0,Paid,EMP-104,EFT,Yes,Standard operational vendor invoice verified against goods received.
AP-INV-10811,VND-1004,PO-50811,2024-12-21,2025-02-04,2025-01-21,CC-400,19001.28,19001.28,0.0,Paid,EMP-102,Corporate Card,Yes,Standard operational vendor invoice verified against goods received.
AP-INV-10812,VND-1018,PO-50812,2024-12-21,2025-02-04,2025-01-04,CC-200,8365.73,8365.73,0.0,Paid,EMP-118,ACH Wire,Yes,Standard operational vendor invoice verified against goods received.
AP-INV-10813,VND-1012,PO-50813,2024-12-22,2025-02-05,2025-01-07,CC-600,749.16,749.16,0.0,Paid,EMP-104,Check,Yes,Standard operational vendor invoice verified against goods received.
AP-INV-10814,VND-1014,PO-50814,2024-12-22,2025-01-06,2025-01-15,CC-500,11563.39,11563.39,0.0,Paid,EMP-105,EFT,Yes,Standard operational vendor invoice verified against goods received.
AP-INV-10815,VND-1003,PO-50815,2024-12-22,2025-01-06,2025-01-19,CC-100,9327.41,9327.41,0.0,Paid,EMP-105,Check,Yes,Standard operational vendor invoice verified against goods received.
AP-INV-10816,VND-1033,PO-50816,2024-12-23,2025-01-07,2025-01-03,CC-200,3441.98,3441.98,0.0,Paid,EMP-118,Corporate Card,Yes,Standard operational vendor invoice verified against goods received.
AP-INV-10817,VND-1023,PO-50817,2024-12-24,2025-02-22,2025-01-03,CC-400,4176.21,4176.21,0.0,Paid,EMP-118,Check,Yes,Standard operational vendor invoice verified against goods received.
AP-INV-10819,VND-1026,PO-50819,2024-12-25,2025-02-08,2025-01-11,CC-600,403.43,403.43,0.0,Paid,EMP-105,Corporate Card,Yes,Standard operational vendor invoice verified against goods received.
AP-INV-10818,VND-1050,PO-50818,2024-12-25,2025-01-09,2025-01-21,CC-700,2441.24,2441.24,0.0,Paid,EMP-104,EFT,Yes,Standard operational vendor invoice verified against goods received.
AP-INV-10820,VND-1027,PO-50820,2024-12-26,2025-01-10,2025-01-16,CC-100,1987.19,1987.19,0.0,Paid,EMP-105,EFT,Yes,Standard operational vendor invoice verified against goods received.
AP-INV-10821,VND-1031,PO-50821,2024-12-26,2025-01-25,2025-01-17,CC-700,7457.14,7457.14,0.0,Paid,EMP-104,EFT,Yes,Standard operational vendor invoice verified against goods received.
AP-INV-10822,VND-1026,PO-50822,2024-12-26,2025-01-25,2025-01-24,CC-600,170.89,170.89,0.0,Paid,EMP-118,EFT,Yes,Standard operational vendor invoice verified against goods received.
AP-INV-10823,VND-1024,PO-50823,2024-12-27,2025-01-11,2025-01-26,CC-400,1975.71,1975.71,0.0,Paid,EMP-118,ACH Wire,Yes,Standard operational vendor invoice verified against goods received.
AP-INV-10824,VND-1009,PO-50824,2024-12-27,2025-01-26,2025-01-07,CC-100,2435.0,2435.0,0.0,Paid,EMP-104,Check,Yes,Standard operational vendor invoice verified against goods received.
AP-INV-10825,VND-1026,PO-50825,2024-12-27,2025-02-25,2025-02-14,CC-100,3618.97,3618.97,0.0,Paid,EMP-118,Check,Yes,Standard operational vendor invoice verified against goods received.
AP-INV-10828,VND-1040,PO-50828,2024-12-28,2025-01-12,2025-01-08,CC-200,2067.48,2067.48,0.0,Paid,EMP-104,Check,Yes,Standard operational vendor invoice verified against goods received.
AP-INV-10826,VND-1002,PO-50826,2024-12-28,2025-01-27,2025-01-10,CC-100,11507.66,11507.66,0.0,Paid,EMP-105,EFT,Yes,Standard operational vendor invoice verified against goods received.
AP-INV-10827,VND-1027,PO-50827,2024-12-28,2025-01-27,2025-02-09,CC-100,2063.3,2063.3,0.0,Paid,EMP-118,ACH Wire,Yes,Standard operational vendor invoice verified against goods received.
AP-INV-10829,VND-1045,PO-50829,2024-12-28,2025-02-11,2025-02-15,CC-100,6168.79,6168.79,0.0,Paid,EMP-102,ACH Wire,Yes,Standard operational vendor invoice verified against goods received.
AP-INV-10830,VND-1009,PO-50830,2024-12-29,2025-01-28,2025-01-11,CC-100,2858.45,2858.45,0.0,Paid,EMP-105,EFT,Yes,Standard operational vendor invoice verified against goods received.
AP-INV-10831,VND-1031,PO-50831,2024-12-29,2025-01-28,2025-01-12,CC-500,1294.72,1294.72,0.0,Paid,EMP-102,EFT,Yes,Standard operational vendor invoice verified against goods received.
AP-INV-10832,VND-1033,PO-50832,2024-12-29,2025-02-27,2025-02-05,CC-500,2860.27,2860.27,0.0,Paid,EMP-102,ACH Wire,Yes,Standard operational vendor invoice verified against goods received.
AP-INV-10833,VND-1047,PO-50833,2024-12-30,2025-01-29,2025-01-16,CC-400,833.19,833.19,0.0,Paid,EMP-104,Corporate Card,Yes,Standard operational vendor invoice verified against goods received.
AP-INV-10834,VND-1014,PO-50834,2024-12-30,2025-01-14,2025-01-27,CC-700,1023.25,1023.25,0.0,Paid,EMP-104,Corporate Card,Yes,Standard operational vendor invoice verified against goods received.
AP-INV-10835,VND-1019,PO-50835,2024-12-31,2025-02-14,2025-01-20,CC-200,3254.5,3254.5,0.0,Paid,EMP-105,ACH Wire,Yes,Standard operational vendor invoice verified against goods received.
AP-INV-10836,VND-1040,PO-50836,2025-01-01,2025-01-31,2025-01-17,CC-100,2592.94,2592.94,0.0,Paid,EMP-118,ACH Wire,Yes,Standard operational vendor invoice verified against goods received.
AP-INV-10837,VND-1002,PO-50837,2025-01-01,2025-01-16,2025-01-11,CC-400,11234.82,11010.12,224.7,Paid,EMP-102,Corporate Card,Yes,Standard operational vendor invoice verified against goods received.
AP-INV-10839,VND-1035,PO-50839,2025-01-02,2025-02-16,2025-01-27,CC-400,4060.06,4060.06,0.0,Paid,EMP-104,EFT,Yes,Standard operational vendor invoice verified against goods received.
AP-INV-10838,VND-1032,PO-50838,2025-01-02,2025-02-01,2025-01-25,CC-600,2175.16,2175.16,0.0,Paid,EMP-104,Corporate Card,Yes,Standard operational vendor invoice verified against goods received.
AP-INV-10841,VND-1028,PO-50841,2025-01-03,2025-03-04,2025-02-12,CC-100,209.31,209.31,0.0,Paid,EMP-104,EFT,Yes,Standard operational vendor invoice verified against goods received.
AP-INV-10840,VND-1049,PO-50840,2025-01-03,2025-03-04,2025-01-24,CC-400,4651.76,4651.76,0.0,Paid,EMP-105,Corporate Card,Yes,Standard operational vendor invoice verified against goods received.
AP-INV-10842,VND-1007,PO-50842,2025-01-04,2025-02-03,2025-02-17,CC-500,5051.71,5051.71,0.0,Paid,EMP-104,Check,Yes,Standard operational vendor invoice verified against goods received.
AP-INV-10843,VND-1044,PO-50843,2025-01-04,2025-02-03,2025-01-31,CC-600,1032.26,1032.26,0.0,Paid,EMP-102,ACH Wire,Yes,Standard operational vendor invoice verified against goods received.
AP-INV-10844,VND-1008,PO-50844,2025-01-04,2025-02-03,2025-02-13,CC-700,14756.99,14756.99,0.0,Paid,EMP-118,ACH Wire,Yes,Standard operational vendor invoice verified against goods received.
AP-INV-10845,VND-1011,PO-50845,2025-01-04,2025-01-19,2025-01-15,CC-600,874.26,874.26,0.0,Paid,EMP-105,Corporate Card,Yes,Standard operational vendor invoice verified against goods received.
AP-INV-10846,VND-1018,PO-50846,2025-01-05,2025-03-06,2025-03-14,CC-300,2559.76,2559.76,0.0,Paid,EMP-102,EFT,Yes,Standard operational vendor invoice verified against goods received.
AP-INV-10847,VND-1004,PO-50847,2025-01-05,2025-02-04,2025-01-25,CC-500,551.46,551.46,0.0,Paid,EMP-102,Check,Yes,Standard operational vendor invoice verified against goods received.
AP-INV-10848,VND-1005,PO-50848,2025-01-06,2025-02-20,2025-02-22,CC-200,26106.37,26106.37,0.0,Paid,EMP-105,Check,Yes,Standard operational vendor invoice verified against goods received.
AP-INV-10849,VND-1013,PO-50849,2025-01-06,2025-02-05,2025-01-30,CC-600,3288.96,3288.96,0.0,Paid,EMP-102,Corporate Card,Yes,Standard operational vendor invoice verified against goods received.
AP-INV-10851,VND-1005,PO-50851,2025-01-07,2025-03-08,2025-03-20,CC-400,462.44,462.44,0.0,Paid,EMP-102,Check,Yes,Standard operational vendor invoice verified against goods received.
AP-INV-10850,VND-1017,PO-50850,2025-01-07,2025-02-21,2025-01-29,CC-600,4221.69,4221.69,0.0,Paid,EMP-118,ACH Wire,Yes,Standard operational vendor invoice verified against goods received.
AP-INV-10852,VND-1043,PO-50852,2025-01-08,2025-02-07,2025-02-11,CC-400,6387.61,6387.61,0.0,Paid,EMP-105,ACH Wire,Yes,Standard operational vendor invoice verified against goods received.
AP-INV-10854,VND-1009,PO-50854,2025-01-09,2025-03-10,2025-01-26,CC-100,10424.92,10424.92,0.0,Paid,EMP-105,ACH Wire,Yes,Standard operational vendor invoice verified against goods received.
AP-INV-10853,VND-1013,PO-50853,2025-01-09,2025-02-08,2025-02-05,CC-600,1210.21,1210.21,0.0,Paid,EMP-104,Corporate Card,Yes,Standard operational vendor invoice verified against goods received.
AP-INV-10855,VND-1031,PO-50855,2025-01-10,2025-02-24,2025-01-30,CC-400,1183.15,1183.15,0.0,Paid,EMP-105,ACH Wire,Yes,Standard operational vendor invoice verified against goods received.
AP-INV-10856,VND-1041,PO-50856,2025-01-11,2025-03-12,2025-02-11,CC-200,1102.07,1102.07,0.0,Paid,EMP-104,EFT,Yes,Standard operational vendor invoice verified against goods received.
AP-INV-10857,VND-1028,PO-50857,2025-01-11,2025-03-12,2025-03-24,CC-700,317.55,317.55,0.0,Paid,EMP-104,Check,Yes,Standard operational vendor invoice verified against goods received.
AP-INV-10858,VND-1031,PO-50858,2025-01-11,2025-01-26,2025-02-03,CC-300,3024.54,3024.54,0.0,Paid,EMP-104,ACH Wire,Yes,Standard operational vendor invoice verified against goods received.
AP-INV-10859,VND-1040,PO-50859,2025-01-12,2025-03-13,2025-02-10,CC-200,3894.2,3894.2,0.0,Paid,EMP-102,Check,Yes,Standard operational vendor invoice verified against goods received.
AP-INV-10860,VND-1003,PO-50860,2025-01-12,2025-02-26,2025-03-09,CC-100,455.85,455.85,0.0,Paid,EMP-102,Check,Yes,Standard operational vendor invoice verified against goods received.
AP-INV-10861,VND-1032,PO-50861,2025-01-13,2025-01-28,2025-02-06,CC-700,6873.01,6873.01,0.0,Paid,EMP-118,ACH Wire,Yes,Standard operational vendor invoice verified against goods received.
AP-INV-10862,VND-1006,PO-50862,2025-01-13,2025-01-28,2025-02-05,CC-500,2867.26,2867.26,0.0,Paid,EMP-104,ACH Wire,Yes,Standard operational vendor invoice verified against goods received.
AP-INV-10864,VND-1049,PO-50864,2025-01-14,2025-03-15,2025-01-27,CC-400,2765.32,2765.32,0.0,Paid,EMP-118,Check,Yes,Standard operational vendor invoice verified against goods received.
AP-INV-10863,VND-1017,PO-50863,2025-01-14,2025-01-29,2025-01-24,CC-600,3494.21,3494.21,0.0,Paid,EMP-105,ACH Wire,Yes,Standard operational vendor invoice verified against goods received.
AP-INV-11721,VND-1038,NONE-EMERGENCY,2025-01-15,2025-01-16,2025-01-17,CC-500,17135.88,17135.88,0.0,Paid,EMP-118,ACH Wire,No,Executive supply chain optimization & strategic restructuring advisory retainer.
AP-INV-10867,VND-1020,PO-50867,2025-01-15,2025-02-14,2025-02-28,CC-400,909.16,909.16,0.0,Paid,EMP-104,EFT,Yes,Standard operational vendor invoice verified against goods received.
AP-INV-10865,VND-1049,PO-50865,2025-01-15,2025-02-14,2025-02-17,CC-400,2454.44,2454.44,0.0,Paid,EMP-118,EFT,Yes,Standard operational vendor invoice verified against goods received.
AP-INV-10866,VND-1044,PO-50866,2025-01-15,2025-03-01,2025-03-10,CC-100,3840.74,3840.74,0.0,Paid,EMP-105,EFT,Yes,Standard operational vendor invoice verified against goods received.
AP-INV-10870,VND-1025,PO-50870,2025-01-16,2025-03-17,2025-02-03,CC-200,13294.1,13294.1,0.0,Paid,EMP-104,ACH Wire,Yes,Standard operational vendor invoice verified against goods received.
AP-INV-10868,VND-1023,PO-50868,2025-01-16,2025-01-31,2025-02-11,CC-600,1053.62,1053.62,0.0,Paid,EMP-105,EFT,Yes,Standard operational vendor invoice verified against goods received.
AP-INV-10869,VND-1008,PO-50869,2025-01-16,2025-02-15,2025-02-24,CC-400,9055.27,9055.27,0.0,Paid,EMP-102,Corporate Card,Yes,Standard operational vendor invoice verified against goods received.
AP-INV-10872,VND-1016,PO-50872,2025-01-17,2025-02-16,2025-02-13,CC-300,1570.79,1570.79,0.0,Paid,EMP-118,Corporate Card,Yes,Standard operational vendor invoice verified against goods received.
AP-INV-10873,VND-1004,PO-50873,2025-01-17,2025-02-16,2025-02-18,CC-100,4797.7,4797.7,0.0,Paid,EMP-118,Check,Yes,Standard operational vendor invoice verified against goods received.
AP-INV-10874,VND-1034,PO-50874,2025-01-17,2025-02-01,2025-02-11,CC-500,2514.7,2514.7,0.0,Paid,EMP-105,Check,Yes,Standard operational vendor invoice verified against goods received.
AP-INV-10871,VND-1017,PO-50871,2025-01-17,2025-02-01,2025-02-16,CC-500,2252.86,2252.86,0.0,Paid,EMP-118,ACH Wire,Yes,Standard operational vendor invoice verified against goods received.
AP-INV-10875,VND-1047,PO-50875,2025-01-18,2025-02-02,2025-02-03,CC-600,265.71,265.71,0.0,Paid,EMP-118,EFT,Yes,Standard operational vendor invoice verified against goods received.
AP-INV-10876,VND-1006,PO-50876,2025-01-18,2025-02-17,2025-02-15,CC-400,914.03,914.03,0.0,Paid,EMP-102,EFT,Yes,Standard operational vendor invoice verified against goods received.
AP-INV-10877,VND-1011,PO-50877,2025-01-18,2025-02-02,2025-02-01,CC-300,5814.07,5814.07,0.0,Paid,EMP-118,ACH Wire,Yes,Standard operational vendor invoice verified against goods received.
AP-INV-10878,VND-1035,PO-50878,2025-01-19,2025-02-03,2025-02-07,CC-600,4990.42,4990.42,0.0,Paid,EMP-118,ACH Wire,Yes,Standard operational vendor invoice verified against goods received.
AP-INV-10879,VND-1032,PO-50879,2025-01-19,2025-03-05,2025-02-26,CC-300,273.61,273.61,0.0,Paid,EMP-102,Corporate Card,Yes,Standard operational vendor invoice verified against goods received.
AP-INV-10880,VND-1013,PO-50880,2025-01-19,2025-02-03,2025-02-05,CC-100,1279.47,1279.47,0.0,Paid,EMP-105,Check,Yes,Standard operational vendor invoice verified against goods received.
AP-INV-10881,VND-1045,PO-50881,2025-01-20,2025-02-19,2025-03-02,CC-600,1332.43,1332.43,0.0,Paid,EMP-118,Check,Yes,Standard operational vendor invoice verified against goods received.
AP-INV-10882,VND-1021,PO-50882,2025-01-20,2025-02-19,2025-02-18,CC-500,5164.87,5164.87,0.0,Paid,EMP-104,Corporate Card,Yes,Standard operational vendor invoice verified against goods received.
AP-INV-10884,VND-1031,PO-50884,2025-01-21,2025-03-22,2025-02-20,CC-200,644.71,644.71,0.0,Paid,EMP-105,ACH Wire,Yes,Standard operational vendor invoice verified against goods received.
AP-INV-10883,VND-1025,PO-50883,2025-01-21,2025-02-05,2025-02-04,CC-300,239.58,239.58,0.0,Paid,EMP-105,Corporate Card,Yes,Standard operational vendor invoice verified against goods received.
AP-INV-10886,VND-1003,PO-50886,2025-01-22,2025-03-23,2025-02-17,CC-300,1035.05,1035.05,0.0,Paid,EMP-118,Corporate Card,Yes,Standard operational vendor invoice verified against goods received.
AP-INV-10887,VND-1025,PO-50887,2025-01-22,2025-02-21,2025-03-08,CC-200,4909.65,4909.65,0.0,Paid,EMP-102,Corporate Card,Yes,Standard operational vendor invoice verified against goods received.
AP-INV-10888,VND-1024,PO-50888,2025-01-22,2025-02-21,2025-03-01,CC-200,1374.22,1374.22,0.0,Paid,EMP-104,Corporate Card,Yes,Standard operational vendor invoice verified against goods received.
AP-INV-10885,VND-1049,PO-50885,2025-01-22,2025-02-21,2025-02-11,CC-600,7390.58,7390.58,0.0,Paid,EMP-104,EFT,Yes,Standard operational vendor invoice verified against goods received.
AP-INV-10889,VND-1002,PO-50889,2025-01-23,2025-03-09,2025-03-23,CC-400,621.33,621.33,0.0,Paid,EMP-104,Check,Yes,Standard operational vendor invoice verified against goods received.
AP-INV-10890,VND-1010,PO-50890,2025-01-24,2025-03-25,2025-04-08,CC-100,1403.79,1403.79,0.0,Paid,EMP-105,Corporate Card,Yes,Standard operational vendor invoice verified against goods received.
AP-INV-10891,VND-1032,PO-50891,2025-01-24,2025-03-25,2025-02-21,CC-300,5914.93,5914.93,0.0,Paid,EMP-118,Corporate Card,Yes,Standard operational vendor invoice verified against goods received.
AP-INV-10892,VND-1048,PO-50892,2025-01-24,2025-03-10,2025-02-05,CC-100,8861.26,8861.26,0.0,Paid,EMP-104,EFT,Yes,Standard operational vendor invoice verified against goods received.
AP-INV-10893,VND-1021,PO-50893,2025-01-24,2025-03-10,2025-03-14,CC-100,8129.63,8129.63,0.0,Paid,EMP-104,Check,Yes,Standard operational vendor invoice verified against goods received.
AP-INV-10894,VND-1022,PO-50894,2025-01-25,2025-03-26,2025-02-28,CC-100,2427.64,2427.64,0.0,Paid,EMP-104,Corporate Card,Yes,Standard operational vendor invoice verified against goods received.
AP-INV-10895,VND-1013,PO-50895,2025-01-25,2025-02-09,2025-02-21,CC-100,5112.95,5112.95,0.0,Paid,EMP-118,EFT,Yes,Standard operational vendor invoice verified against goods received.
AP-INV-10899,VND-1037,PO-50899,2025-01-26,2025-02-25,2025-03-05,CC-100,208.89,208.89,0.0,Paid,EMP-118,Check,Yes,Standard operational vendor invoice verified against goods received.
AP-INV-10896,VND-1027,PO-50896,2025-01-26,2025-03-12,2025-02-25,CC-200,1182.27,1182.27,0.0,Paid,EMP-102,Corporate Card,Yes,Standard operational vendor invoice verified against goods received.
AP-INV-10897,VND-1027,PO-50897,2025-01-26,2025-03-12,2025-02-28,CC-200,1711.2,1711.2,0.0,Paid,EMP-118,Corporate Card,Yes,Standard operational vendor invoice verified against goods received.
AP-INV-10898,VND-1001,PO-50898,2025-01-26,2025-02-25,2025-02-27,CC-300,10349.69,10349.69,0.0,Paid,EMP-105,Check,Yes,Standard operational vendor invoice verified against goods received.
AP-INV-10901,VND-1014,PO-50901,2025-01-27,2025-03-13,2025-03-11,CC-300,1198.73,1198.73,0.0,Paid,EMP-105,EFT,Yes,Standard operational vendor invoice verified against goods received.
AP-INV-10900,VND-1050,PO-50900,2025-01-27,2025-03-13,2025-02-14,CC-400,552.24,552.24,0.0,Paid,EMP-102,ACH Wire,Yes,Standard operational vendor invoice verified against goods received.
AP-INV-10902,VND-1040,PO-50902,2025-01-28,2025-03-14,2025-02-12,CC-700,271.01,271.01,0.0,Paid,EMP-102,Check,Yes,Standard operational vendor invoice verified against goods received.
AP-INV-10903,VND-1044,PO-50903,2025-01-28,2025-03-14,2025-02-18,CC-300,1050.91,1050.91,0.0,Paid,EMP-118,ACH Wire,Yes,Standard operational vendor invoice verified against goods received.
AP-INV-10904,VND-1013,PO-50904,2025-01-28,2025-03-14,2025-02-25,CC-200,4086.46,4086.46,0.0,Paid,EMP-118,EFT,Yes,Standard operational vendor invoice verified against goods received.
AP-INV-10905,VND-1021,PO-50905,2025-01-28,2025-03-29,2025-03-17,CC-700,2612.34,2612.34,0.0,Paid,EMP-118,Check,Yes,Standard operational vendor invoice verified against goods received.
AP-INV-10906,VND-1001,PO-50906,2025-01-29,2025-02-28,2025-02-27,CC-200,10193.38,10193.38,0.0,Paid,EMP-118,EFT,Yes,Standard operational vendor invoice verified against goods received.
AP-INV-10907,VND-1045,PO-50907,2025-01-29,2025-02-28,2025-03-06,CC-600,7803.13,7803.13,0.0,Paid,EMP-104,Check,Yes,Standard operational vendor invoice verified against goods received.
AP-INV-10908,VND-1045,PO-50908,2025-01-30,2025-02-14,2025-02-12,CC-200,2032.23,2032.23,0.0,Paid,EMP-105,Check,Yes,Standard operational vendor invoice verified against goods received.
AP-INV-10909,VND-1005,PO-50909,2025-01-30,2025-03-01,2025-03-11,CC-500,1501.47,1501.47,0.0,Paid,EMP-118,Corporate Card,Yes,Standard operational vendor invoice verified against goods received.
AP-INV-10910,VND-1044,PO-50910,2025-01-30,2025-03-16,2025-03-25,CC-600,2298.93,2298.93,0.0,Paid,EMP-102,Corporate Card,Yes,Standard operational vendor invoice verified against goods received.
AP-INV-10911,VND-1034,PO-50911,2025-01-30,2025-03-31,2025-02-11,CC-600,4165.43,4165.43,0.0,Paid,EMP-105,ACH Wire,Yes,Standard operational vendor invoice verified against goods received.
AP-INV-10912,VND-1010,PO-50912,2025-01-31,2025-03-17,2025-03-26,CC-300,1554.28,1554.28,0.0,Paid,EMP-104,Corporate Card,Yes,Standard operational vendor invoice verified against goods received.
AP-INV-10913,VND-1011,PO-50913,2025-01-31,2025-03-02,2025-03-05,CC-100,4553.53,4553.53,0.0,Paid,EMP-118,Corporate Card,Yes,Standard operational vendor invoice verified against goods received.
AP-INV-10914,VND-1020,PO-50914,2025-02-01,2025-02-16,2025-02-27,CC-500,2519.86,2519.86,0.0,Paid,EMP-104,ACH Wire,Yes,Standard operational vendor invoice verified against goods received.
AP-INV-10915,VND-1041,PO-50915,2025-02-02,2025-03-04,2025-03-18,CC-700,3763.8,3763.8,0.0,Paid,EMP-105,Corporate Card,Yes,Standard operational vendor invoice verified against goods received.
AP-INV-10916,VND-1047,PO-50916,2025-02-02,2025-03-04,2025-03-01,CC-700,2728.16,2728.16,0.0,Paid,EMP-105,EFT,Yes,Standard operational vendor invoice verified against goods received.
AP-INV-10917,VND-1036,PO-50917,2025-02-02,2025-03-04,2025-02-21,CC-500,1719.6,1719.6,0.0,Paid,EMP-102,ACH Wire,Yes,Standard operational vendor invoice verified against goods received.
AP-INV-10918,VND-1025,PO-50918,2025-02-03,2025-03-20,2025-03-11,CC-700,13493.7,13493.7,0.0,Paid,EMP-105,ACH Wire,Yes,Standard operational vendor invoice verified against goods received.
AP-INV-10919,VND-1007,PO-50919,2025-02-03,2025-03-05,2025-03-17,CC-200,6640.15,6640.15,0.0,Paid,EMP-104,ACH Wire,Yes,Standard operational vendor invoice verified against goods received.
AP-INV-10920,VND-1037,PO-50920,2025-02-04,2025-04-05,2025-02-28,CC-500,829.3,829.3,0.0,Paid,EMP-118,Check,Yes,Standard operational vendor invoice verified against goods received.
AP-INV-10921,VND-1005,PO-50921,2025-02-04,2025-03-06,2025-02-15,CC-100,9278.27,9278.27,0.0,Paid,EMP-118,Corporate Card,Yes,Standard operational vendor invoice verified against goods received.
AP-INV-10922,VND-1021,PO-50922,2025-02-04,2025-03-06,2025-02-22,CC-600,3157.44,3157.44,0.0,Paid,EMP-118,Corporate Card,Yes,Standard operational vendor invoice verified against goods received.
AP-INV-10923,VND-1021,PO-50923,2025-02-05,2025-02-20,2025-02-22,CC-100,10272.93,10272.93,0.0,Paid,EMP-104,ACH Wire,Yes,Standard operational vendor invoice verified against goods received.
AP-INV-10924,VND-1021,PO-50924,2025-02-06,2025-03-08,2025-02-24,CC-200,7389.22,7389.22,0.0,Paid,EMP-102,Check,Yes,Standard operational vendor invoice verified against goods received.
AP-INV-10925,VND-1048,PO-50925,2025-02-06,2025-02-21,2025-02-18,CC-700,2641.9,2641.9,0.0,Paid,EMP-102,Check,Yes,Standard operational vendor invoice verified against goods received.
AP-INV-10926,VND-1029,PO-50926,2025-02-06,2025-03-08,2025-02-22,CC-100,252.27,252.27,0.0,Paid,EMP-102,EFT,Yes,Standard operational vendor invoice verified against goods received.
AP-INV-10927,VND-1018,PO-50927,2025-02-07,2025-02-22,2025-02-26,CC-100,1558.05,1558.05,0.0,Paid,EMP-102,EFT,Yes,Standard operational vendor invoice verified against goods received.
AP-INV-10928,VND-1008,PO-50928,2025-02-07,2025-03-09,2025-03-01,CC-500,3660.39,3660.39,0.0,Paid,EMP-104,Corporate Card,Yes,Standard operational vendor invoice verified against goods received.
AP-INV-10929,VND-1010,PO-50929,2025-02-08,2025-03-10,2025-03-12,CC-700,4666.64,4666.64,0.0,Paid,EMP-105,ACH Wire,Yes,Standard operational vendor invoice verified against goods received.
AP-INV-10930,VND-1050,PO-50930,2025-02-09,2025-03-11,2025-03-23,CC-500,1492.15,1492.15,0.0,Paid,EMP-102,EFT,Yes,Standard operational vendor invoice verified against goods received.
AP-INV-10931,VND-1040,PO-50931,2025-02-09,2025-02-24,2025-03-07,CC-700,825.33,825.33,0.0,Paid,EMP-104,ACH Wire,Yes,Standard operational vendor invoice verified against goods received.
AP-INV-10932,VND-1020,PO-50932,2025-02-09,2025-04-10,2025-02-19,CC-200,8256.24,8256.24,0.0,Paid,EMP-102,ACH Wire,Yes,Standard operational vendor invoice verified against goods received.
AP-INV-10934,VND-1012,PO-50934,2025-02-10,2025-03-12,2025-03-16,CC-700,3506.53,3506.53,0.0,Paid,EMP-118,ACH Wire,Yes,Standard operational vendor invoice verified against goods received.
AP-INV-10933,VND-1049,PO-50933,2025-02-10,2025-03-12,2025-03-03,CC-400,18872.81,18872.81,0.0,Paid,EMP-118,EFT,Yes,Standard operational vendor invoice verified against goods received.
AP-INV-10935,VND-1034,PO-50935,2025-02-10,2025-03-27,2025-02-27,CC-200,997.6,997.6,0.0,Paid,EMP-105,EFT,Yes,Standard operational vendor invoice verified against goods received.
AP-INV-10936,VND-1031,PO-50936,2025-02-10,2025-04-11,2025-03-09,CC-100,1580.44,1580.44,0.0,Paid,EMP-118,Corporate Card,Yes,Standard operational vendor invoice verified against goods received.
AP-INV-10938,VND-1008,PO-50938,2025-02-11,2025-03-13,2025-03-22,CC-400,11206.0,11206.0,0.0,Paid,EMP-105,Check,Yes,Standard operational vendor invoice verified against goods received.
AP-INV-10939,VND-1016,PO-50939,2025-02-11,2025-03-28,2025-03-11,CC-500,713.76,713.76,0.0,Paid,EMP-118,ACH Wire,Yes,Standard operational vendor invoice verified against goods received.
AP-INV-10937,VND-1037,PO-50937,2025-02-11,2025-02-26,2025-02-23,CC-600,233.53,233.53,0.0,Paid,EMP-105,Check,Yes,Standard operational vendor invoice verified against goods received.
AP-INV-10942,VND-1010,PO-50942,2025-02-12,2025-03-29,2025-04-07,CC-400,3785.26,3785.26,0.0,Paid,EMP-102,ACH Wire,Yes,Standard operational vendor invoice verified against goods received.
AP-INV-10941,VND-1047,PO-50941,2025-02-12,2025-03-29,2025-03-22,CC-100,1591.27,1591.27,0.0,Paid,EMP-102,EFT,Yes,Standard operational vendor invoice verified against goods received.
AP-INV-10940,VND-1032,PO-50940,2025-02-12,2025-03-14,2025-03-05,CC-600,4016.58,4016.58,0.0,Paid,EMP-102,Check,Yes,Standard operational vendor invoice verified against goods received.
AP-INV-10943,VND-1013,PO-50943,2025-02-13,2025-03-15,2025-03-20,CC-300,4892.5,4892.5,0.0,Paid,EMP-102,ACH Wire,Yes,Standard operational vendor invoice verified against goods received.
AP-INV-10946,VND-1010,PO-50946,2025-02-14,2025-03-31,2025-03-02,CC-700,199.76,199.76,0.0,Paid,EMP-102,Corporate Card,Yes,Standard operational vendor invoice verified against goods received.
AP-INV-11690,VND-1042,PO-51690,2025-02-14,2025-03-01,2025-02-24,CC-300,4962.17,4962.17,0.0,Paid,EMP-103,ACH Wire,No,Expedited cloud analytics consulting modules - approved under departmental limit.
AP-INV-10945,VND-1032,PO-50945,2025-02-14,2025-04-15,2025-04-16,CC-600,1190.41,1190.41,0.0,Paid,EMP-118,Corporate Card,Yes,Standard operational vendor invoice verified against goods received.
AP-INV-10944,VND-1050,PO-50944,2025-02-14,2025-03-16,2025-03-13,CC-400,8116.98,8116.98,0.0,Paid,EMP-118,Corporate Card,Yes,Standard operational vendor invoice verified against goods received.
AP-INV-11691,VND-1042,PO-51691,2025-02-14,2025-03-01,2025-02-24,CC-300,4967.65,4967.65,0.0,Paid,EMP-103,ACH Wire,No,Expedited cloud analytics consulting modules - approved under departmental limit.
AP-INV-10948,VND-1005,PO-50948,2025-02-15,2025-03-02,2025-03-02,CC-400,10512.47,10512.47,0.0,Paid,EMP-118,Corporate Card,Yes,Standard operational vendor invoice verified against goods received.
AP-INV-10947,VND-1016,PO-50947,2025-02-15,2025-03-17,2025-02-26,CC-600,812.44,812.44,0.0,Paid,EMP-102,EFT,Yes,Standard operational vendor invoice verified against goods received.
AP-INV-11693,VND-1042,PO-51693,2025-02-16,2025-03-03,2025-02-26,CC-300,4974.74,4974.74,0.0,Paid,EMP-103,ACH Wire,No,Expedited cloud analytics consulting modules - approved under departmental limit.
AP-INV-10949,VND-1043,PO-50949,2025-02-16,2025-03-03,2025-02-28,CC-500,9467.71,9467.71,0.0,Paid,EMP-118,Check,Yes,Standard operational vendor invoice verified against goods received.
AP-INV-11692,VND-1042,PO-51692,2025-02-16,2025-03-03,2025-02-26,CC-300,4927.46,4927.46,0.0,Paid,EMP-103,ACH Wire,No,Expedited cloud analytics consulting modules - approved under departmental limit.
AP-INV-10951,VND-1036,PO-50951,2025-02-17,2025-03-04,2025-02-28,CC-500,4279.13,4279.13,0.0,Paid,EMP-118,EFT,Yes,Standard operational vendor invoice verified against goods received.
AP-INV-11694,VND-1042,PO-51694,2025-02-17,2025-03-04,2025-02-27,CC-300,4948.88,4948.88,0.0,Paid,EMP-103,ACH Wire,No,Expedited cloud analytics consulting modules - approved under departmental limit.
AP-INV-11695,VND-1042,PO-51695,2025-02-17,2025-03-04,2025-02-27,CC-300,4957.0,4957.0,0.0,Paid,EMP-103,ACH Wire,No,Expedited cloud analytics consulting modules - approved under departmental limit.
AP-INV-10950,VND-1046,PO-50950,2025-02-17,2025-04-03,2025-03-31,CC-400,4244.3,4244.3,0.0,Paid,EMP-105,Corporate Card,Yes,Standard operational vendor invoice verified against goods received.
AP-INV-10952,VND-1022,PO-50952,2025-02-18,2025-04-04,2025-03-28,CC-700,5071.8,5071.8,0.0,Paid,EMP-118,EFT,Yes,Standard operational vendor invoice verified against goods received.
AP-INV-10953,VND-1003,PO-50953,2025-02-18,2025-04-19,2025-04-07,CC-200,1017.7,1017.7,0.0,Paid,EMP-104,Check,Yes,Standard operational vendor invoice verified against goods received.
AP-INV-10955,VND-1046,PO-50955,2025-02-19,2025-04-20,2025-04-30,CC-500,2591.74,2591.74,0.0,Paid,EMP-118,ACH Wire,Yes,Standard operational vendor invoice verified against goods received.
AP-INV-10954,VND-1021,PO-50954,2025-02-19,2025-04-05,2025-04-01,CC-600,11211.94,11211.94,0.0,Paid,EMP-102,Check,Yes,Standard operational vendor invoice verified against goods received.
AP-INV-10957,VND-1020,PO-50957,2025-02-20,2025-03-07,2025-03-02,CC-300,3442.73,3442.73,0.0,Paid,EMP-104,Corporate Card,Yes,Standard operational vendor invoice verified against goods received.
AP-INV-10956,VND-1027,PO-50956,2025-02-20,2025-04-06,2025-04-08,CC-300,2324.0,2324.0,0.0,Paid,EMP-118,Corporate Card,Yes,Standard operational vendor invoice verified against goods received.
AP-INV-10958,VND-1040,PO-50958,2025-02-21,2025-03-23,2025-03-27,CC-100,366.47,366.47,0.0,Paid,EMP-102,Check,Yes,Standard operational vendor invoice verified against goods received.
AP-INV-10959,VND-1024,PO-50959,2025-02-21,2025-04-07,2025-03-25,CC-300,968.38,968.38,0.0,Paid,EMP-102,ACH Wire,Yes,Standard operational vendor invoice verified against goods received.
AP-INV-10961,VND-1008,PO-50961,2025-02-22,2025-03-24,2025-03-05,CC-300,538.93,538.93,0.0,Paid,EMP-105,EFT,Yes,Standard operational vendor invoice verified against goods received.
AP-INV-10960,VND-1045,PO-50960,2025-02-22,2025-04-23,2025-03-14,CC-300,6177.93,6177.93,0.0,Paid,EMP-102,Corporate Card,Yes,Standard operational vendor invoice verified against goods received.
AP-INV-10963,VND-1048,PO-50963,2025-02-23,2025-04-24,2025-03-07,CC-400,1416.75,1416.75,0.0,Paid,EMP-105,Check,Yes,Standard operational vendor invoice verified against goods received.
AP-INV-10962,VND-1029,PO-50962,2025-02-23,2025-04-24,2025-04-27,CC-500,4308.91,4308.91,0.0,Paid,EMP-105,EFT,Yes,Standard operational vendor invoice verified against goods received.
AP-INV-10965,VND-1023,PO-50965,2025-02-24,2025-04-25,2025-04-18,CC-400,1682.93,1682.93,0.0,Paid,EMP-104,Corporate Card,Yes,Standard operational vendor invoice verified against goods received.
AP-INV-10964,VND-1022,PO-50964,2025-02-24,2025-03-11,2025-03-21,CC-500,2369.14,2369.14,0.0,Paid,EMP-102,ACH Wire,Yes,Standard operational vendor invoice verified against goods received.
AP-INV-10967,VND-1020,PO-50967,2025-02-25,2025-03-12,2025-03-16,CC-300,5863.04,5863.04,0.0,Paid,EMP-118,ACH Wire,Yes,Standard operational vendor invoice verified against goods received.
AP-INV-10966,VND-1029,PO-50966,2025-02-25,2025-04-11,2025-04-16,CC-200,2127.97,2127.97,0.0,Paid,EMP-102,ACH Wire,Yes,Standard operational vendor invoice verified against goods received.
AP-INV-10970,VND-1024,PO-50970,2025-02-26,2025-03-13,2025-03-28,CC-700,3058.62,3058.62,0.0,Paid,EMP-105,Corporate Card,Yes,Standard operational vendor invoice verified against goods received.
AP-INV-10969,VND-1005,PO-50969,2025-02-26,2025-04-27,2025-05-07,CC-500,3910.4,3910.4,0.0,Paid,EMP-118,ACH Wire,Yes,Standard operational vendor invoice verified against goods received.
AP-INV-10968,VND-1006,PO-50968,2025-02-26,2025-04-27,2025-03-20,CC-600,1736.57,1736.57,0.0,Paid,EMP-105,Corporate Card,Yes,Standard operational vendor invoice verified against goods received.
AP-INV-10972,VND-1043,PO-50972,2025-02-27,2025-04-13,2025-04-20,CC-500,12578.65,12578.65,0.0,Paid,EMP-104,EFT,Yes,Standard operational vendor invoice verified against goods received.
AP-INV-10971,VND-1036,PO-50971,2025-02-27,2025-03-29,2025-04-04,CC-300,5053.5,5053.5,0.0,Paid,EMP-118,Corporate Card,Yes,Standard operational vendor invoice verified against goods received.
AP-INV-10975,VND-1025,PO-50975,2025-02-28,2025-03-30,2025-03-25,CC-400,292.56,292.56,0.0,Paid,EMP-104,Corporate Card,Yes,Standard operational vendor invoice verified against goods received.
AP-INV-10973,VND-1035,PO-50973,2025-02-28,2025-03-30,2025-04-10,CC-700,6085.07,6085.07,0.0,Paid,EMP-104,Check,Yes,Standard operational vendor invoice verified against goods received.
AP-INV-10974,VND-1019,PO-50974,2025-02-28,2025-04-29,2025-05-04,CC-600,1238.98,1238.98,0.0,Paid,EMP-102,ACH Wire,Yes,Standard operational vendor invoice verified against goods received.
AP-INV-10977,VND-1019,PO-50977,2025-03-01,2025-03-31,2025-03-21,CC-700,4218.27,4218.27,0.0,Paid,EMP-105,ACH Wire,Yes,Standard operational vendor invoice verified against goods received.
AP-INV-10976,VND-1028,PO-50976,2025-03-01,2025-03-16,2025-03-31,CC-300,1518.76,1518.76,0.0,Paid,EMP-104,Check,Yes,Standard operational vendor invoice verified against goods received.
AP-INV-10978,VND-1027,PO-50978,2025-03-01,2025-03-16,2025-03-15,CC-200,387.58,387.58,0.0,Paid,EMP-104,EFT,Yes,Standard operational vendor invoice verified against goods received.
AP-INV-10979,VND-1021,PO-50979,2025-03-02,2025-04-16,2025-04-16,CC-400,3236.58,3236.58,0.0,Paid,EMP-118,Check,Yes,Standard operational vendor invoice verified against goods received.
AP-INV-10980,VND-1045,PO-50980,2025-03-02,2025-04-01,2025-03-22,CC-100,4237.93,4237.93,0.0,Paid,EMP-105,ACH Wire,Yes,Standard operational vendor invoice verified against goods received.
AP-INV-10981,VND-1019,PO-50981,2025-03-03,2025-05-02,2025-04-04,CC-600,1980.74,1980.74,0.0,Paid,EMP-102,Check,Yes,Standard operational vendor invoice verified against goods received.
AP-INV-10982,VND-1004,PO-50982,2025-03-04,2025-03-19,2025-03-24,CC-700,6781.42,6781.42,0.0,Paid,EMP-105,EFT,Yes,Standard operational vendor invoice verified against goods received.
AP-INV-10983,VND-1028,PO-50983,2025-03-04,2025-03-19,2025-03-26,CC-300,657.24,657.24,0.0,Paid,EMP-104,ACH Wire,Yes,Standard operational vendor invoice verified against goods received.
AP-INV-10984,VND-1008,PO-50984,2025-03-04,2025-05-03,2025-03-29,CC-500,501.5,501.5,0.0,Paid,EMP-105,Check,Yes,Standard operational vendor invoice verified against goods received.
AP-INV-10986,VND-1017,PO-50986,2025-03-05,2025-04-04,2025-03-24,CC-400,3228.77,3228.77,0.0,Paid,EMP-102,ACH Wire,Yes,Standard operational vendor invoice verified against goods received.
AP-INV-10987,VND-1014,PO-50987,2025-03-05,2025-04-19,2025-04-10,CC-300,5397.19,5397.19,0.0,Paid,EMP-105,EFT,Yes,Standard operational vendor invoice verified against goods received.
AP-INV-10985,VND-1017,PO-50985,2025-03-05,2025-03-20,2025-03-25,CC-500,6011.91,6011.91,0.0,Paid,EMP-105,Check,Yes,Standard operational vendor invoice verified against goods received.
AP-INV-10989,VND-1047,PO-50989,2025-03-06,2025-04-05,2025-03-25,CC-200,1423.03,1423.03,0.0,Paid,EMP-105,Check,Yes,Standard operational vendor invoice verified against goods received.
AP-INV-10988,VND-1025,PO-50988,2025-03-06,2025-03-21,2025-03-26,CC-600,2717.81,2717.81,0.0,Paid,EMP-118,Check,Yes,Standard operational vendor invoice verified against goods received.
AP-INV-10992,VND-1036,PO-50992,2025-03-07,2025-04-06,2025-04-14,CC-700,5489.02,5489.02,0.0,Paid,EMP-118,EFT,Yes,Standard operational vendor invoice verified against goods received.
AP-INV-10991,VND-1018,PO-50991,2025-03-07,2025-04-21,2025-04-05,CC-500,7379.35,7379.35,0.0,Paid,EMP-105,EFT,Yes,Standard operational vendor invoice verified against goods received.
AP-INV-10990,VND-1021,PO-50990,2025-03-07,2025-05-06,2025-03-21,CC-100,7844.21,7844.21,0.0,Paid,EMP-102,ACH Wire,Yes,Standard operational vendor invoice verified against goods received.
AP-INV-10996,VND-1023,PO-50996,2025-03-08,2025-04-22,2025-03-24,CC-600,582.23,582.23,0.0,Paid,EMP-104,Corporate Card,Yes,Standard operational vendor invoice verified against goods received.
AP-INV-10995,VND-1003,PO-50995,2025-03-08,2025-03-23,2025-04-02,CC-300,2165.14,2165.14,0.0,Paid,EMP-118,Check,Yes,Standard operational vendor invoice verified against goods received.
AP-INV-10994,VND-1014,PO-50994,2025-03-08,2025-04-07,2025-04-15,CC-700,4164.72,4164.72,0.0,Paid,EMP-105,Check,Yes,Standard operational vendor invoice verified against goods received.
AP-INV-10993,VND-1027,PO-50993,2025-03-08,2025-04-07,2025-03-23,CC-300,1579.44,1579.44,0.0,Paid,EMP-104,Corporate Card,Yes,Standard operational vendor invoice verified against goods received.
AP-INV-10998,VND-1004,PO-50998,2025-03-09,2025-04-08,2025-04-16,CC-600,812.09,812.09,0.0,Paid,EMP-104,EFT,Yes,Standard operational vendor invoice verified against goods received.
AP-INV-10997,VND-1024,PO-50997,2025-03-09,2025-05-08,2025-04-29,CC-400,11367.15,11367.15,0.0,Paid,EMP-118,EFT,Yes,Standard operational vendor invoice verified against goods received.
AP-INV-10999,VND-1044,PO-50999,2025-03-10,2025-04-09,2025-03-25,CC-300,13652.21,13652.21,0.0,Paid,EMP-102,ACH Wire,Yes,Standard operational vendor invoice verified against goods received.
AP-INV-92011,VND-1015,PO-51718,2025-03-10,2025-04-09,2025-04-04,CC-500,19750.5,19750.5,0.0,Paid,EMP-118,ACH Wire,Yes,Heavy freight logistics delivery across Western distribution hubs.
AP-INV-11000,VND-1017,PO-51000,2025-03-10,2025-04-09,2025-04-15,CC-500,2807.7,2807.7,0.0,Paid,EMP-105,Check,Yes,Standard operational vendor invoice verified against goods received.
AP-INV-11001,VND-1009,PO-51001,2025-03-11,2025-04-10,2025-04-10,CC-300,1071.29,1071.29,0.0,Paid,EMP-105,ACH Wire,Yes,Standard operational vendor invoice verified against goods received.
AP-INV-11002,VND-1006,PO-51002,2025-03-11,2025-04-10,2025-04-01,CC-400,3663.01,3663.01,0.0,Paid,EMP-118,Check,Yes,Standard operational vendor invoice verified against goods received.
AP-INV-11005,VND-1043,PO-51005,2025-03-12,2025-05-11,2025-04-24,CC-400,7542.57,7542.57,0.0,Paid,EMP-104,EFT,Yes,Standard operational vendor invoice verified against goods received.
AP-INV-11003,VND-1039,PO-51003,2025-03-12,2025-03-27,2025-03-22,CC-200,9434.14,9434.14,0.0,Paid,EMP-104,EFT,Yes,Standard operational vendor invoice verified against goods received.
AP-INV-11004,VND-1031,PO-51004,2025-03-12,2025-04-11,2025-04-01,CC-200,6079.24,6079.24,0.0,Paid,EMP-102,Check,Yes,Standard operational vendor invoice verified against goods received.
AP-INV-11006,VND-1025,PO-51006,2025-03-12,2025-05-11,2025-04-06,CC-200,4988.57,4988.57,0.0,Paid,EMP-102,Check,Yes,Standard operational vendor invoice verified against goods received.
AP-INV-11007,VND-1031,PO-51007,2025-03-13,2025-04-27,2025-03-30,CC-700,5453.49,5453.49,0.0,Paid,EMP-104,ACH Wire,Yes,Standard operational vendor invoice verified against goods received.
AP-INV-11009,VND-1009,PO-51009,2025-03-13,2025-04-12,2025-04-05,CC-400,1442.58,1442.58,0.0,Paid,EMP-105,ACH Wire,Yes,Standard operational vendor invoice verified against goods received.
AP-INV-11008,VND-1013,PO-51008,2025-03-13,2025-04-12,2025-04-10,CC-700,8662.97,8662.97,0.0,Paid,EMP-118,Check,Yes,Standard operational vendor invoice verified against goods received.
AP-INV-11010,VND-1028,PO-51010,2025-03-14,2025-04-13,2025-03-25,CC-700,3174.98,3174.98,0.0,Paid,EMP-105,Corporate Card,Yes,Standard operational vendor invoice verified against goods received.
AP-INV-11011,VND-1017,PO-51011,2025-03-14,2025-04-28,2025-04-08,CC-500,1275.06,1275.06,0.0,Paid,EMP-105,Check,Yes,Standard operational vendor invoice verified against goods received.
AP-INV-11012,VND-1032,PO-51012,2025-03-15,2025-04-14,2025-04-19,CC-200,19930.01,19930.01,0.0,Paid,EMP-104,Check,Yes,Standard operational vendor invoice verified against goods received.
AP-INV-11013,VND-1041,PO-51013,2025-03-16,2025-03-31,2025-03-29,CC-300,13125.59,13125.59,0.0,Paid,EMP-102,EFT,Yes,Standard operational vendor invoice verified against goods received.
AP-INV-11015,VND-1018,PO-51015,2025-03-16,2025-05-15,2025-05-13,CC-500,5652.29,5652.29,0.0,Paid,EMP-105,Check,Yes,Standard operational vendor invoice verified against goods received.
AP-INV-11014,VND-1023,PO-51014,2025-03-16,2025-04-30,2025-04-17,CC-200,331.01,331.01,0.0,Paid,EMP-102,EFT,Yes,Standard operational vendor invoice verified against goods received.
AP-INV-11018,VND-1006,PO-51018,2025-03-17,2025-05-16,2025-05-21,CC-300,3926.41,3926.41,0.0,Paid,EMP-104,Corporate Card,Yes,Standard operational vendor invoice verified against goods received.
AP-INV-11016,VND-1009,PO-51016,2025-03-17,2025-04-01,2025-04-14,CC-500,11821.13,11821.13,0.0,Paid,EMP-104,Corporate Card,Yes,Standard operational vendor invoice verified against goods received.
AP-INV-11017,VND-1011,PO-51017,2025-03-17,2025-05-01,2025-04-17,CC-500,1046.19,1046.19,0.0,Paid,EMP-118,ACH Wire,Yes,Standard operational vendor invoice verified against goods received.
AP-INV-11019,VND-1003,PO-51019,2025-03-18,2025-05-02,2025-04-14,CC-200,11268.89,11268.89,0.0,Paid,EMP-105,Check,Yes,Standard operational vendor invoice verified against goods received.
AP-INV-11020,VND-1018,PO-51020,2025-03-19,2025-04-18,2025-05-01,CC-500,305.41,305.41,0.0,Paid,EMP-105,Check,Yes,Standard operational vendor invoice verified against goods received.
AP-INV-11021,VND-1011,PO-51021,2025-03-19,2025-05-03,2025-05-16,CC-300,5529.35,5529.35,0.0,Paid,EMP-104,Check,Yes,Standard operational vendor invoice verified against goods received.
AP-INV-11722,VND-1038,NONE-EMERGENCY,2025-03-20,2025-03-21,2025-03-22,CC-500,17551.74,17551.74,0.0,Paid,EMP-118,ACH Wire,No,Executive supply chain optimization & strategic restructuring advisory retainer.
AP-INV-11022,VND-1010,PO-51022,2025-03-20,2025-04-19,2025-04-10,CC-100,1738.03,1738.03,0.0,Paid,EMP-102,Check,Yes,Standard operational vendor invoice verified against goods received.
AP-INV-11023,VND-1049,PO-51023,2025-03-21,2025-05-05,2025-04-07,CC-400,11770.12,11770.12,0.0,Paid,EMP-118,EFT,Yes,Standard operational vendor invoice verified against goods received.
AP-INV-11024,VND-1030,PO-51024,2025-03-21,2025-05-20,2025-06-01,CC-300,16091.11,16091.11,0.0,Paid,EMP-118,Check,Yes,Standard operational vendor invoice verified against goods received.
AP-INV-11025,VND-1050,PO-51025,2025-03-22,2025-04-21,2025-04-08,CC-700,13142.28,13142.28,0.0,Paid,EMP-105,EFT,Yes,Standard operational vendor invoice verified against goods received.
AP-INV-11026,VND-1020,PO-51026,2025-03-23,2025-04-22,2025-05-04,CC-200,3042.88,3042.88,0.0,Paid,EMP-105,ACH Wire,Yes,Standard operational vendor invoice verified against goods received.
AP-INV-11027,VND-1040,PO-51027,2025-03-23,2025-05-22,2025-04-25,CC-100,9063.65,9063.65,0.0,Paid,EMP-118,EFT,Yes,Standard operational vendor invoice verified against goods received.
AP-INV-92011 ,VND-1015,PO-51719,2025-03-24,2025-04-23,2025-04-13,CC-500,19750.5,19750.5,0.0,Paid,EMP-118,Check,No,Duplicate freight billing - processed on alternative payment cycle.
AP-INV-11028,VND-1033,PO-51028,2025-03-24,2025-04-08,2025-04-13,CC-600,8526.42,8526.42,0.0,Paid,EMP-102,Corporate Card,Yes,Standard operational vendor invoice verified against goods received.
AP-INV-11029,VND-1047,PO-51029,2025-03-24,2025-04-08,2025-04-15,CC-600,1879.53,1879.53,0.0,Paid,EMP-105,EFT,Yes,Standard operational vendor invoice verified against goods received.
AP-INV-11030,VND-1010,PO-51030,2025-03-25,2025-04-09,2025-04-18,CC-100,8095.19,8095.19,0.0,Paid,EMP-118,Check,Yes,Standard operational vendor invoice verified against goods received.
AP-INV-11031,VND-1044,PO-51031,2025-03-25,2025-05-24,2025-04-04,CC-300,319.69,319.69,0.0,Paid,EMP-102,Check,Yes,Standard operational vendor invoice verified against goods received.
AP-INV-11032,VND-1022,PO-51032,2025-03-25,2025-05-24,2025-04-20,CC-600,4231.54,4231.54,0.0,Paid,EMP-104,EFT,Yes,Standard operational vendor invoice verified against goods received.
AP-INV-11033,VND-1020,PO-51033,2025-03-26,2025-04-10,2025-04-07,CC-300,1326.19,1326.19,0.0,Paid,EMP-118,EFT,Yes,Standard operational vendor invoice verified against goods received.
AP-INV-11034,VND-1027,PO-51034,2025-03-26,2025-04-25,2025-04-20,CC-300,728.15,728.15,0.0,Paid,EMP-118,EFT,Yes,Standard operational vendor invoice verified against goods received.
AP-INV-11035,VND-1002,PO-51035,2025-03-26,2025-04-25,2025-04-15,CC-700,510.34,510.34,0.0,Paid,EMP-118,Check,Yes,Standard operational vendor invoice verified against goods received.
AP-INV-11037,VND-1021,PO-51037,2025-03-27,2025-05-26,2025-04-22,CC-600,2018.97,2018.97,0.0,Paid,EMP-105,EFT,Yes,Standard operational vendor invoice verified against goods received.
AP-INV-11036,VND-1045,PO-51036,2025-03-27,2025-04-11,2025-04-15,CC-200,5512.55,5512.55,0.0,Paid,EMP-118,Check,Yes,Standard operational vendor invoice verified against goods received.
AP-INV-11038,VND-1034,PO-51038,2025-03-28,2025-05-12,2025-05-05,CC-200,5955.61,5955.61,0.0,Paid,EMP-118,Check,Yes,Standard operational vendor invoice verified against goods received.
AP-INV-11039,VND-1019,PO-51039,2025-03-28,2025-05-27,2025-05-31,CC-500,454.15,454.15,0.0,Paid,EMP-102,Check,Yes,Standard operational vendor invoice verified against goods received.
AP-INV-11040,VND-1025,PO-51040,2025-03-28,2025-04-27,2025-05-04,CC-500,1854.42,1854.42,0.0,Paid,EMP-118,EFT,Yes,Standard operational vendor invoice verified against goods received.
AP-INV-11041,VND-1023,PO-51041,2025-03-29,2025-04-28,2025-04-17,CC-400,3639.41,3639.41,0.0,Paid,EMP-118,EFT,Yes,Standard operational vendor invoice verified against goods received.
AP-INV-11043,VND-1047,PO-51043,2025-03-30,2025-04-29,2025-05-12,CC-300,1877.23,1877.23,0.0,Paid,EMP-118,Corporate Card,Yes,Standard operational vendor invoice verified against goods received.
AP-INV-11042,VND-1029,PO-51042,2025-03-30,2025-05-14,2025-04-28,CC-100,7188.44,7188.44,0.0,Paid,EMP-104,ACH Wire,Yes,Standard operational vendor invoice verified against goods received.
AP-INV-11044,VND-1037,PO-51044,2025-03-31,2025-04-15,2025-04-26,CC-100,4574.44,4574.44,0.0,Paid,EMP-102,Check,Yes,Standard operational vendor invoice verified against goods received.
AP-INV-11045,VND-1028,PO-51045,2025-03-31,2025-05-15,2025-05-22,CC-100,9921.13,9921.13,0.0,Paid,EMP-105,Corporate Card,Yes,Standard operational vendor invoice verified against goods received.
AP-INV-11046,VND-1006,PO-51046,2025-04-01,2025-05-31,2025-04-13,CC-700,4455.4,4455.4,0.0,Paid,EMP-102,Check,Yes,Standard operational vendor invoice verified against goods received.
AP-INV-11047,VND-1012,PO-51047,2025-04-01,2025-05-01,2025-05-06,CC-700,1343.47,1343.47,0.0,Paid,EMP-102,EFT,Yes,Standard operational vendor invoice verified against goods received.
AP-INV-11048,VND-1049,PO-51048,2025-04-02,2025-05-02,2025-05-11,CC-300,261.17,261.17,0.0,Paid,EMP-118,Corporate Card,Yes,Standard operational vendor invoice verified against goods received.
AP-INV-11049,VND-1023,PO-51049,2025-04-02,2025-05-02,2025-04-25,CC-700,9334.42,9334.42,0.0,Paid,EMP-104,EFT,Yes,Standard operational vendor invoice verified against goods received.
AP-INV-11050,VND-1041,PO-51050,2025-04-03,2025-04-18,2025-04-26,CC-300,246.74,246.74,0.0,Paid,EMP-102,EFT,Yes,Standard operational vendor invoice verified against goods received.
AP-INV-11051,VND-1027,PO-51051,2025-04-03,2025-04-18,2025-04-18,CC-100,9496.76,9496.76,0.0,Paid,EMP-118,Check,Yes,Standard operational vendor invoice verified against goods received.
AP-INV-11052,VND-1048,PO-51052,2025-04-03,2025-06-02,2025-06-14,CC-400,3537.44,3537.44,0.0,Paid,EMP-105,Corporate Card,Yes,Standard operational vendor invoice verified against goods received.
AP-INV-11053,VND-1048,PO-51053,2025-04-04,2025-05-19,2025-05-03,CC-600,12740.96,12740.96,0.0,Paid,EMP-102,ACH Wire,Yes,Standard operational vendor invoice verified against goods received.
AP-INV-11054,VND-1009,PO-51054,2025-04-04,2025-05-04,2025-04-21,CC-100,7365.18,7365.18,0.0,Paid,EMP-102,ACH Wire,Yes,Standard operational vendor invoice verified against goods received.
AP-INV-11055,VND-1002,PO-51055,2025-04-04,2025-05-19,2025-05-25,CC-200,27969.87,27969.87,0.0,Paid,EMP-104,ACH Wire,Yes,Standard operational vendor invoice verified against goods received.
AP-INV-11056,VND-1044,PO-51056,2025-04-05,2025-06-04,2025-05-09,CC-700,2093.45,2093.45,0.0,Paid,EMP-102,Corporate Card,Yes,Standard operational vendor invoice verified against goods received.
AP-INV-11057,VND-1031,PO-51057,2025-04-05,2025-05-20,2025-05-12,CC-200,6708.86,6708.86,0.0,Paid,EMP-102,EFT,Yes,Standard operational vendor invoice verified against goods received.
AP-INV-11058,VND-1010,PO-51058,2025-04-06,2025-05-21,2025-05-17,CC-600,2463.22,2463.22,0.0,Paid,EMP-118,EFT,Yes,Standard operational vendor invoice verified against goods received.
AP-INV-11061,VND-1033,PO-51061,2025-04-07,2025-06-06,2025-05-24,CC-600,9460.11,9460.11,0.0,Paid,EMP-102,Check,Yes,Standard operational vendor invoice verified against goods received.
AP-INV-11059,VND-1040,PO-51059,2025-04-07,2025-05-07,2025-05-05,CC-200,3091.59,3091.59,0.0,Paid,EMP-118,EFT,Yes,Standard operational vendor invoice verified against goods received.
AP-INV-11060,VND-1023,PO-51060,2025-04-07,2025-04-22,2025-05-07,CC-100,4593.9,4593.9,0.0,Paid,EMP-118,Check,Yes,Standard operational vendor invoice verified against goods received.
AP-INV-11062,VND-1034,PO-51062,2025-04-08,2025-06-07,2025-06-19,CC-500,18781.79,18781.79,0.0,Paid,EMP-104,EFT,Yes,Standard operational vendor invoice verified against goods received.
AP-INV-11063,VND-1035,PO-51063,2025-04-08,2025-05-23,2025-05-24,CC-100,6729.89,6729.89,0.0,Paid,EMP-105,EFT,Yes,Standard operational vendor invoice verified against goods received.
AP-INV-11064,VND-1045,PO-51064,2025-04-09,2025-05-24,2025-04-26,CC-400,2583.98,2583.98,0.0,Paid,EMP-118,Corporate Card,Yes,Standard operational vendor invoice verified against goods received.
AP-INV-11065,VND-1030,PO-51065,2025-04-09,2025-05-24,2025-04-20,CC-600,2611.81,2611.81,0.0,Paid,EMP-104,Corporate Card,Yes,Standard operational vendor invoice verified against goods received.
AP-INV-11066,VND-1032,PO-51066,2025-04-10,2025-05-25,2025-05-04,CC-300,6170.18,6170.18,0.0,Paid,EMP-104,Corporate Card,Yes,Standard operational vendor invoice verified against goods received.
AP-INV-11067,VND-1041,PO-51067,2025-04-10,2025-05-25,2025-04-28,CC-700,1377.73,1377.73,0.0,Paid,EMP-105,Check,Yes,Standard operational vendor invoice verified against goods received.
AP-INV-11068,VND-1028,PO-51068,2025-04-10,2025-05-10,2025-05-20,CC-700,676.8,676.8,0.0,Paid,EMP-104,ACH Wire,Yes,Standard operational vendor invoice verified against goods received.
AP-INV-11069,VND-1006,PO-51069,2025-04-11,2025-05-26,2025-04-29,CC-600,2120.64,2120.64,0.0,Paid,EMP-104,ACH Wire,Yes,Standard operational vendor invoice verified against goods received.
AP-INV-11070,VND-1011,PO-51070,2025-04-11,2025-05-26,2025-04-27,CC-500,1673.74,1673.74,0.0,Paid,EMP-118,Check,Yes,Standard operational vendor invoice verified against goods received.
AP-INV-11071,VND-1014,PO-51071,2025-04-12,2025-04-27,2025-04-22,CC-500,1731.37,1731.37,0.0,Paid,EMP-105,Corporate Card,Yes,Standard operational vendor invoice verified against goods received.
AP-INV-11072,VND-1047,PO-51072,2025-04-12,2025-05-12,2025-05-24,CC-200,1347.28,1347.28,0.0,Paid,EMP-102,EFT,Yes,Standard operational vendor invoice verified against goods received.
AP-INV-11073,VND-1008,PO-51073,2025-04-13,2025-05-13,2025-04-30,CC-500,343.52,343.52,0.0,Paid,EMP-104,Check,Yes,Standard operational vendor invoice verified against goods received.
AP-INV-11074,VND-1018,PO-51074,2025-04-13,2025-05-13,2025-04-25,CC-300,231.16,231.16,0.0,Paid,EMP-105,ACH Wire,Yes,Standard operational vendor invoice verified against goods received.
AP-INV-11075,VND-1034,PO-51075,2025-04-14,2025-04-29,2025-04-25,CC-500,19949.9,19949.9,0.0,Paid,EMP-118,Check,Yes,Standard operational vendor invoice verified against goods received.
AP-INV-11076,VND-1008,PO-51076,2025-04-14,2025-06-13,2025-05-07,CC-100,2661.99,2661.99,0.0,Paid,EMP-102,EFT,Yes,Standard operational vendor invoice verified against goods received.
AP-INV-11077,VND-1011,PO-51077,2025-04-14,2025-04-29,2025-04-30,CC-600,2332.67,2332.67,0.0,Paid,EMP-105,ACH Wire,Yes,Standard operational vendor invoice verified against goods received.
AP-INV-11078,VND-1049,PO-51078,2025-04-15,2025-06-14,2025-06-27,CC-400,5272.5,5272.5,0.0,Paid,EMP-102,ACH Wire,Yes,Standard operational vendor invoice verified against goods received.
AP-INV-11079,VND-1045,PO-51079,2025-04-15,2025-05-15,2025-05-03,CC-300,1258.01,1258.01,0.0,Paid,EMP-102,ACH Wire,Yes,Standard operational vendor invoice verified against goods received.
AP-INV-11080,VND-1030,PO-51080,2025-04-15,2025-04-30,2025-05-02,CC-400,13627.3,13627.3,0.0,Paid,EMP-118,Corporate Card,Yes,Standard operational vendor invoice verified against goods received.
AP-INV-11081,VND-1011,PO-51081,2025-04-16,2025-05-16,2025-05-19,CC-100,7095.27,7095.27,0.0,Paid,EMP-118,Corporate Card,Yes,Standard operational vendor invoice verified against goods received.
AP-INV-11082,VND-1044,PO-51082,2025-04-16,2025-05-16,2025-05-05,CC-600,571.49,571.49,0.0,Paid,EMP-118,ACH Wire,Yes,Standard operational vendor invoice verified against goods received.
AP-INV-11083,VND-1029,PO-51083,2025-04-17,2025-06-01,2025-05-26,CC-400,2582.54,2582.54,0.0,Paid,EMP-105,EFT,Yes,Standard operational vendor invoice verified against goods received.
AP-INV-11084,VND-1001,PO-51084,2025-04-18,2025-06-17,2025-05-06,CC-600,9658.24,9658.24,0.0,Paid,EMP-102,Corporate Card,Yes,Standard operational vendor invoice verified against goods received.
AP-INV-11085,VND-1022,PO-51085,2025-04-18,2025-05-18,2025-05-25,CC-400,13180.03,13180.03,0.0,Paid,EMP-102,Check,Yes,Standard operational vendor invoice verified against goods received.
AP-INV-11088,VND-1001,PO-51088,2025-04-19,2025-05-19,2025-06-01,CC-700,972.43,972.43,0.0,Paid,EMP-104,Check,Yes,Standard operational vendor invoice verified against goods received.
AP-INV-11087,VND-1027,PO-51087,2025-04-19,2025-06-18,2025-06-06,CC-600,4426.77,4426.77,0.0,Paid,EMP-105,Corporate Card,Yes,Standard operational vendor invoice verified against goods received.
AP-INV-11086,VND-1046,PO-51086,2025-04-19,2025-05-19,2025-05-02,CC-600,2984.94,2984.94,0.0,Paid,EMP-105,Check,Yes,Standard operational vendor invoice verified against goods received.
AP-INV-11090,VND-1013,PO-51090,2025-04-20,2025-05-05,2025-05-01,CC-300,1335.92,1335.92,0.0,Paid,EMP-105,Check,Yes,Standard operational vendor invoice verified against goods received.
AP-INV-11089,VND-1014,PO-51089,2025-04-20,2025-06-19,2025-06-25,CC-500,21432.5,21432.5,0.0,Paid,EMP-105,Check,Yes,Standard operational vendor invoice verified against goods received.
AP-INV-11091,VND-1009,PO-51091,2025-04-21,2025-06-20,2025-06-06,CC-500,13020.04,13020.04,0.0,Paid,EMP-104,EFT,Yes,Standard operational vendor invoice verified against goods received.
AP-INV-11092,VND-1034,PO-51092,2025-04-21,2025-05-21,2025-06-03,CC-500,4869.66,4869.66,0.0,Paid,EMP-105,ACH Wire,Yes,Standard operational vendor invoice verified against goods received.
AP-INV-11093,VND-1002,PO-51093,2025-04-21,2025-06-20,2025-06-03,CC-100,4361.2,4361.2,0.0,Paid,EMP-104,Corporate Card,Yes,Standard operational vendor invoice verified against goods received.
AP-INV-11094,VND-1034,PO-51094,2025-04-22,2025-05-07,2025-05-13,CC-100,3384.83,3384.83,0.0,Paid,EMP-105,Corporate Card,Yes,Standard operational vendor invoice verified against goods received.
AP-INV-11095,VND-1008,PO-51095,2025-04-22,2025-05-07,2025-05-16,CC-100,1330.06,1330.06,0.0,Paid,EMP-105,EFT,Yes,Standard operational vendor invoice verified against goods received.
AP-INV-11096,VND-1031,PO-51096,2025-04-22,2025-05-22,2025-06-05,CC-300,1024.02,1024.02,0.0,Paid,EMP-104,Corporate Card,Yes,Standard operational vendor invoice verified against goods received.
AP-INV-11097,VND-1046,PO-51097,2025-04-23,2025-06-22,2025-05-20,CC-700,1270.88,1270.88,0.0,Paid,EMP-118,ACH Wire,Yes,Standard operational vendor invoice verified against goods received.
AP-INV-11098,VND-1007,PO-51098,2025-04-23,2025-06-22,2025-05-27,CC-300,1078.5,1078.5,0.0,Paid,EMP-105,Check,Yes,Standard operational vendor invoice verified against goods received.
AP-INV-11099,VND-1049,PO-51099,2025-04-24,2025-06-08,2025-05-09,CC-400,6955.08,6955.08,0.0,Paid,EMP-102,EFT,Yes,Standard operational vendor invoice verified against goods received.
AP-INV-11100,VND-1009,PO-51100,2025-04-25,2025-05-25,2025-06-02,CC-400,2089.39,2089.39,0.0,Paid,EMP-102,Corporate Card,Yes,Standard operational vendor invoice verified against goods received.
AP-INV-11101,VND-1047,PO-51101,2025-04-25,2025-06-09,2025-06-11,CC-500,418.12,418.12,0.0,Paid,EMP-118,Corporate Card,Yes,Standard operational vendor invoice verified against goods received.
AP-INV-11103,VND-1011,PO-51103,2025-04-26,2025-06-25,2025-05-22,CC-200,9835.44,9835.44,0.0,Paid,EMP-118,Check,Yes,Standard operational vendor invoice verified against goods received.
AP-INV-11102,VND-1044,PO-51102,2025-04-26,2025-06-10,2025-06-19,CC-400,15796.88,15796.88,0.0,Paid,EMP-118,Check,Yes,Standard operational vendor invoice verified against goods received.
AP-INV-11104,VND-1049,PO-51104,2025-04-27,2025-06-26,2025-05-22,CC-500,11974.45,11974.45,0.0,Paid,EMP-104,Check,Yes,Standard operational vendor invoice verified against goods received.
AP-INV-11105,VND-1011,PO-51105,2025-04-28,2025-05-28,2025-05-15,CC-500,23910.22,23910.22,0.0,Paid,EMP-118,EFT,Yes,Standard operational vendor invoice verified against goods received.
AP-INV-11106,VND-1008,PO-51106,2025-04-28,2025-06-27,2025-06-14,CC-300,1009.65,1009.65,0.0,Paid,EMP-102,ACH Wire,Yes,Standard operational vendor invoice verified against goods received.
AP-INV-11107,VND-1021,PO-51107,2025-04-29,2025-05-29,2025-05-27,CC-300,2420.62,2420.62,0.0,Paid,EMP-118,EFT,Yes,Standard operational vendor invoice verified against goods received.
AP-INV-11108,VND-1010,PO-51108,2025-04-30,2025-06-29,2025-07-02,CC-700,6539.12,6539.12,0.0,Paid,EMP-102,Corporate Card,Yes,Standard operational vendor invoice verified against goods received.
AP-INV-11109,VND-1020,PO-51109,2025-04-30,2025-05-30,2025-06-10,CC-200,5508.58,5508.58,0.0,Paid,EMP-102,EFT,Yes,Standard operational vendor invoice verified against goods received.
AP-INV-11110,VND-1037,PO-51110,2025-04-30,2025-05-15,2025-05-11,CC-300,902.01,902.01,0.0,Paid,EMP-118,Check,Yes,Standard operational vendor invoice verified against goods received.
AP-INV-11111,VND-1039,PO-51111,2025-05-01,2025-05-31,2025-06-04,CC-400,7763.61,7763.61,0.0,Paid,EMP-118,ACH Wire,Yes,Standard operational vendor invoice verified against goods received.
AP-INV-11112,VND-1009,PO-51112,2025-05-01,2025-06-15,2025-06-28,CC-500,1293.77,1293.77,0.0,Paid,EMP-118,Check,Yes,Standard operational vendor invoice verified against goods received.
AP-INV-11113,VND-1050,PO-51113,2025-05-02,2025-05-17,2025-05-31,CC-300,1290.15,1290.15,0.0,Paid,EMP-118,Check,Yes,Standard operational vendor invoice verified against goods received.
AP-INV-11114,VND-1027,PO-51114,2025-05-03,2025-07-02,2025-05-18,CC-300,3614.88,3614.88,0.0,Paid,EMP-118,Corporate Card,Yes,Standard operational vendor invoice verified against goods received.
AP-INV-11115,VND-1045,PO-51115,2025-05-03,2025-06-02,2025-05-14,CC-100,4194.58,4194.58,0.0,Paid,EMP-105,EFT,Yes,Standard operational vendor invoice verified against goods received.
AP-INV-11118,VND-1019,PO-51118,2025-05-04,2025-06-03,2025-05-29,CC-700,9596.96,9596.96,0.0,Paid,EMP-118,EFT,Yes,Standard operational vendor invoice verified against goods received.
AP-INV-11116,VND-1006,PO-51116,2025-05-04,2025-07-03,2025-05-20,CC-200,4054.68,4054.68,0.0,Paid,EMP-104,Check,Yes,Standard operational vendor invoice verified against goods received.
AP-INV-11117,VND-1034,PO-51117,2025-05-04,2025-05-19,2025-05-31,CC-100,581.76,581.76,0.0,Paid,EMP-104,EFT,Yes,Standard operational vendor invoice verified against goods received.
AP-INV-11119,VND-1041,PO-51119,2025-05-05,2025-06-19,2025-06-21,CC-300,1539.16,1539.16,0.0,Paid,EMP-102,Check,Yes,Standard operational vendor invoice verified against goods received.
AP-INV-11121,VND-1035,PO-51121,2025-05-05,2025-06-19,2025-05-31,CC-300,10031.81,10031.81,0.0,Paid,EMP-102,EFT,Yes,Standard operational vendor invoice verified against goods received.
AP-INV-11120,VND-1002,PO-51120,2025-05-05,2025-06-19,2025-05-26,CC-300,774.17,774.17,0.0,Paid,EMP-118,EFT,Yes,Standard operational vendor invoice verified against goods received.
AP-INV-11125,VND-1026,PO-51125,2025-05-06,2025-06-05,2025-05-25,CC-100,4942.11,4942.11,0.0,Paid,EMP-118,Corporate Card,Yes,Standard operational vendor invoice verified against goods received.
AP-INV-11124,VND-1043,PO-51124,2025-05-06,2025-06-05,2025-05-17,CC-300,7611.84,7611.84,0.0,Paid,EMP-102,Corporate Card,Yes,Standard operational vendor invoice verified against goods received.
AP-INV-11123,VND-1006,PO-51123,2025-05-06,2025-06-05,2025-06-11,CC-200,9066.42,9066.42,0.0,Paid,EMP-104,EFT,Yes,Standard operational vendor invoice verified against goods received.
AP-INV-11122,VND-1036,PO-51122,2025-05-06,2025-06-05,2025-05-25,CC-200,14170.54,14170.54,0.0,Paid,EMP-104,Corporate Card,Yes,Standard operational vendor invoice verified against goods received.
AP-INV-11127,VND-1034,PO-51127,2025-05-07,2025-07-06,2025-07-05,CC-700,559.52,559.52,0.0,Paid,EMP-102,Corporate Card,Yes,Standard operational vendor invoice verified against goods received.
AP-INV-11126,VND-1008,PO-51126,2025-05-07,2025-06-06,2025-06-01,CC-100,3751.87,3751.87,0.0,Paid,EMP-104,Check,Yes,Standard operational vendor invoice verified against goods received.
AP-INV-11128,VND-1031,PO-51128,2025-05-08,2025-06-22,2025-05-22,CC-500,2512.57,2512.57,0.0,Paid,EMP-118,EFT,Yes,Standard operational vendor invoice verified against goods received.
AP-INV-11130,VND-1037,PO-51130,2025-05-09,2025-06-08,2025-06-07,CC-600,1503.48,1503.48,0.0,Paid,EMP-118,Check,Yes,Standard operational vendor invoice verified against goods received.
AP-INV-11129,VND-1016,PO-51129,2025-05-09,2025-06-08,2025-06-23,CC-100,2248.4,2248.4,0.0,Paid,EMP-102,ACH Wire,Yes,Standard operational vendor invoice verified against goods received.
AP-INV-11131,VND-1044,PO-51131,2025-05-10,2025-06-09,2025-05-29,CC-500,5933.65,5933.65,0.0,Paid,EMP-105,ACH Wire,Yes,Standard operational vendor invoice verified against goods received.
AP-INV-11133,VND-1031,PO-51133,2025-05-11,2025-07-10,2025-06-27,CC-700,530.34,530.34,0.0,Paid,EMP-104,EFT,Yes,Standard operational vendor invoice verified against goods received.
AP-INV-11132,VND-1036,PO-51132,2025-05-11,2025-07-10,2025-07-17,CC-400,3232.2,3232.2,0.0,Paid,EMP-102,EFT,Yes,Standard operational vendor invoice verified against goods received.
AP-INV-11723,VND-1038,NONE-EMERGENCY,2025-05-11,2025-05-12,2025-05-13,CC-500,17998.93,17998.93,0.0,Paid,EMP-118,ACH Wire,No,Executive supply chain optimization & strategic restructuring advisory retainer.
AP-INV-11134,VND-1004,PO-51134,2025-05-11,2025-06-10,2025-06-06,CC-400,1269.13,1269.13,0.0,Paid,EMP-118,Corporate Card,Yes,Standard operational vendor invoice verified against goods received.
AP-INV-11135,VND-1014,PO-51135,2025-05-12,2025-07-11,2025-06-27,CC-500,5323.52,5323.52,0.0,Paid,EMP-102,ACH Wire,Yes,Standard operational vendor invoice verified against goods received.
AP-INV-11136,VND-1036,PO-51136,2025-05-12,2025-05-27,2025-05-31,CC-500,506.33,506.33,0.0,Paid,EMP-102,Check,Yes,Standard operational vendor invoice verified against goods received.
AP-INV-11137,VND-1048,PO-51137,2025-05-12,2025-06-11,2025-06-26,CC-100,8723.39,8723.39,0.0,Paid,EMP-105,Check,Yes,Standard operational vendor invoice verified against goods received.
AP-INV-11138,VND-1034,PO-51138,2025-05-13,2025-06-12,2025-06-13,CC-700,3225.69,3225.69,0.0,Paid,EMP-105,Check,Yes,Standard operational vendor invoice verified against goods received.
AP-INV-11139,VND-1019,PO-51139,2025-05-13,2025-06-12,2025-06-13,CC-200,3097.75,3097.75,0.0,Paid,EMP-104,Check,Yes,Standard operational vendor invoice verified against goods received.
AP-INV-11143,VND-1047,PO-51143,2025-05-14,2025-06-13,2025-06-17,CC-100,5249.64,5249.64,0.0,Paid,EMP-105,Check,Yes,Standard operational vendor invoice verified against goods received.
AP-INV-11140,VND-1023,PO-51140,2025-05-14,2025-06-13,2025-05-24,CC-100,4188.7,4188.7,0.0,Paid,EMP-102,EFT,Yes,Standard operational vendor invoice verified against goods received.
AP-INV-11141,VND-1047,PO-51141,2025-05-14,2025-06-28,2025-06-28,CC-200,7985.17,7985.17,0.0,Paid,EMP-118,Check,Yes,Standard operational vendor invoice verified against goods received.
AP-INV-11142,VND-1036,PO-51142,2025-05-14,2025-05-29,2025-06-10,CC-100,2073.38,2073.38,0.0,Paid,EMP-102,Check,Yes,Standard operational vendor invoice verified against goods received.
AP-INV-11144,VND-1048,PO-51144,2025-05-15,2025-05-30,2025-06-08,CC-100,3903.42,3903.42,0.0,Paid,EMP-105,ACH Wire,Yes,Standard operational vendor invoice verified against goods received.
AP-INV-11145,VND-1016,PO-51145,2025-05-16,2025-05-31,2025-06-03,CC-600,1547.92,1547.92,0.0,Paid,EMP-105,ACH Wire,Yes,Standard operational vendor invoice verified against goods received.
AP-INV-11146,VND-1006,PO-51146,2025-05-16,2025-07-15,2025-07-03,CC-700,9640.1,9640.1,0.0,Paid,EMP-104,ACH Wire,Yes,Standard operational vendor invoice verified against goods received.
AP-INV-11149,VND-1011,PO-51149,2025-05-17,2025-06-16,2025-06-07,CC-500,8704.53,8704.53,0.0,Paid,EMP-102,ACH Wire,Yes,Standard operational vendor invoice verified against goods received.
AP-INV-11148,VND-1013,PO-51148,2025-05-17,2025-07-01,2025-06-03,CC-700,4984.2,4984.2,0.0,Paid,EMP-105,Check,Yes,Standard operational vendor invoice verified against goods received.
AP-INV-11150,VND-1005,PO-51150,2025-05-17,2025-06-16,2025-06-10,CC-200,9238.29,9238.29,0.0,Paid,EMP-105,ACH Wire,Yes,Standard operational vendor invoice verified against goods received.
AP-INV-11147,VND-1025,PO-51147,2025-05-17,2025-06-16,2025-06-27,CC-100,7334.93,7334.93,0.0,Paid,EMP-104,EFT,Yes,Standard operational vendor invoice verified against goods received.
AP-INV-11153,VND-1019,PO-51153,2025-05-18,2025-07-17,2025-07-26,CC-100,5530.11,5530.11,0.0,Paid,EMP-118,Corporate Card,Yes,Standard operational vendor invoice verified against goods received.
AP-INV-11152,VND-1029,PO-51152,2025-05-18,2025-06-02,2025-06-07,CC-600,8313.39,8313.39,0.0,Paid,EMP-118,Check,Yes,Standard operational vendor invoice verified against goods received.
AP-INV-11697,VND-1042,PO-51697,2025-05-18,2025-06-02,2025-05-28,CC-300,4857.56,4857.56,0.0,Paid,EMP-103,ACH Wire,No,Expedited cloud analytics consulting modules - approved under departmental limit.
AP-INV-11696,VND-1042,PO-51696,2025-05-18,2025-06-02,2025-05-28,CC-300,4930.11,4930.11,0.0,Paid,EMP-103,ACH Wire,No,Expedited cloud analytics consulting modules - approved under departmental limit.
AP-INV-11151,VND-1002,PO-51151,2025-05-18,2025-07-17,2025-06-29,CC-600,5695.1,5695.1,0.0,Paid,EMP-118,EFT,Yes,Standard operational vendor invoice verified against goods received.
AP-INV-11155,VND-1036,PO-51155,2025-05-19,2025-06-18,2025-05-29,CC-400,4487.71,4487.71,0.0,Paid,EMP-105,EFT,Yes,Standard operational vendor invoice verified against goods received.
AP-INV-11154,VND-1003,PO-51154,2025-05-19,2025-06-18,2025-06-01,CC-600,5279.43,5279.43,0.0,Paid,EMP-105,Check,Yes,Standard operational vendor invoice verified against goods received.
AP-INV-11156,VND-1002,PO-51156,2025-05-20,2025-06-19,2025-06-26,CC-600,6437.49,6437.49,0.0,Paid,EMP-102,ACH Wire,Yes,Standard operational vendor invoice verified against goods received.
AP-INV-11157,VND-1013,PO-51157,2025-05-20,2025-06-19,2025-06-18,CC-200,927.12,927.12,0.0,Paid,EMP-102,EFT,Yes,Standard operational vendor invoice verified against goods received.
AP-INV-11158,VND-1002,PO-51158,2025-05-20,2025-07-04,2025-05-31,CC-400,9723.96,9723.96,0.0,Paid,EMP-105,Corporate Card,Yes,Standard operational vendor invoice verified against goods received.
AP-INV-11699,VND-1042,PO-51699,2025-05-20,2025-06-04,2025-05-30,CC-300,4950.84,4950.84,0.0,Paid,EMP-103,ACH Wire,No,Expedited cloud analytics consulting modules - approved under departmental limit.
AP-INV-11698,VND-1042,PO-51698,2025-05-20,2025-06-04,2025-05-30,CC-300,4961.02,4961.02,0.0,Paid,EMP-103,ACH Wire,No,Expedited cloud analytics consulting modules - approved under departmental limit.
AP-INV-11159,VND-1032,PO-51159,2025-05-21,2025-06-20,2025-06-03,CC-200,9395.26,9395.26,0.0,Paid,EMP-105,ACH Wire,Yes,Standard operational vendor invoice verified against goods received.
AP-INV-11160,VND-1005,PO-51160,2025-05-21,2025-07-20,2025-07-26,CC-700,283.58,283.58,0.0,Paid,EMP-102,Check,Yes,Standard operational vendor invoice verified against goods received.
AP-INV-11701,VND-1042,PO-51701,2025-05-21,2025-06-05,2025-05-31,CC-300,4911.89,4911.89,0.0,Paid,EMP-103,ACH Wire,No,Expedited cloud analytics consulting modules - approved under departmental limit.
AP-INV-11700,VND-1042,PO-51700,2025-05-21,2025-06-05,2025-05-31,CC-300,4912.31,4912.31,0.0,Paid,EMP-103,ACH Wire,No,Expedited cloud analytics consulting modules - approved under departmental limit.
AP-INV-11161,VND-1006,PO-51161,2025-05-22,2025-06-06,2025-06-13,CC-100,8014.41,8014.41,0.0,Paid,EMP-105,EFT,Yes,Standard operational vendor invoice verified against goods received.
AP-INV-11162,VND-1009,PO-51162,2025-05-22,2025-07-06,2025-06-04,CC-100,770.84,770.84,0.0,Paid,EMP-105,Check,Yes,Standard operational vendor invoice verified against goods received.
AP-INV-11163,VND-1047,PO-51163,2025-05-23,2025-07-22,2025-06-08,CC-100,1986.66,1986.66,0.0,Paid,EMP-105,Check,Yes,Standard operational vendor invoice verified against goods received.
AP-INV-11165,VND-1026,PO-51165,2025-05-24,2025-07-08,2025-07-12,CC-400,938.66,938.66,0.0,Paid,EMP-102,Corporate Card,Yes,Standard operational vendor invoice verified against goods received.
AP-INV-11164,VND-1043,PO-51164,2025-05-24,2025-07-08,2025-06-17,CC-700,6272.96,6272.96,0.0,Paid,EMP-102,Check,Yes,Standard operational vendor invoice verified against goods received.
AP-INV-11166,VND-1047,PO-51166,2025-05-25,2025-06-09,2025-06-18,CC-700,7816.05,7816.05,0.0,Paid,EMP-105,ACH Wire,Yes,Standard operational vendor invoice verified against goods received.
AP-INV-11167,VND-1007,PO-51167,2025-05-25,2025-06-09,2025-06-23,CC-100,8180.66,8180.66,0.0,Paid,EMP-102,ACH Wire,Yes,Standard operational vendor invoice verified against goods received.
AP-INV-11168,VND-1039,PO-51168,2025-05-25,2025-07-24,2025-07-06,CC-200,3336.88,3336.88,0.0,Paid,EMP-105,Check,Yes,Standard operational vendor invoice verified against goods received.
AP-INV-11169,VND-1043,PO-51169,2025-05-26,2025-06-25,2025-06-20,CC-400,178.83,178.83,0.0,Paid,EMP-104,EFT,Yes,Standard operational vendor invoice verified against goods received.
AP-INV-11170,VND-1004,PO-51170,2025-05-26,2025-06-25,2025-07-02,CC-200,1672.47,1672.47,0.0,Paid,EMP-105,Corporate Card,Yes,Standard operational vendor invoice verified against goods received.
AP-INV-11172,VND-1041,PO-51172,2025-05-27,2025-06-26,2025-06-29,CC-300,18029.24,18029.24,0.0,Paid,EMP-102,ACH Wire,Yes,Standard operational vendor invoice verified against goods received.
AP-INV-11171,VND-1036,PO-51171,2025-05-27,2025-06-26,2025-06-15,CC-700,4467.88,4467.88,0.0,Paid,EMP-118,Corporate Card,Yes,Standard operational vendor invoice verified against goods received.
AP-INV-11173,VND-1034,PO-51173,2025-05-28,2025-07-27,2025-06-13,CC-700,4646.25,4646.25,0.0,Paid,EMP-118,Corporate Card,Yes,Standard operational vendor invoice verified against goods received.
AP-INV-11174,VND-1013,PO-51174,2025-05-29,2025-06-28,2025-06-12,CC-600,1503.78,1503.78,0.0,Paid,EMP-105,ACH Wire,Yes,Standard operational vendor invoice verified against goods received.
AP-INV-11175,VND-1048,PO-51175,2025-05-30,2025-07-14,2025-07-17,CC-600,4673.12,4673.12,0.0,Paid,EMP-105,Corporate Card,Yes,Standard operational vendor invoice verified against goods received.
AP-INV-11176,VND-1043,PO-51176,2025-05-30,2025-07-14,2025-06-30,CC-300,3644.24,3644.24,0.0,Paid,EMP-104,EFT,Yes,Standard operational vendor invoice verified against goods received.
AP-INV-11177,VND-1031,PO-51177,2025-05-30,2025-06-14,2025-06-24,CC-700,6960.41,6960.41,0.0,Paid,EMP-104,EFT,Yes,Standard operational vendor invoice verified against goods received.
AP-INV-11178,VND-1048,PO-51178,2025-05-31,2025-07-15,2025-07-19,CC-200,659.16,659.16,0.0,Paid,EMP-104,ACH Wire,Yes,Standard operational vendor invoice verified against goods received.
AP-INV-11179,VND-1032,PO-51179,2025-05-31,2025-06-30,2025-07-04,CC-600,6591.34,6591.34,0.0,Paid,EMP-104,Check,Yes,Standard operational vendor invoice verified against goods received.
AP-INV-11180,VND-1012,PO-51180,2025-05-31,2025-06-15,2025-06-21,CC-700,3656.79,3656.79,0.0,Paid,EMP-102,EFT,Yes,Standard operational vendor invoice verified against goods received.
AP-INV-11181,VND-1037,PO-51181,2025-06-01,2025-07-01,2025-06-29,CC-100,14984.8,14984.8,0.0,Paid,EMP-118,ACH Wire,Yes,Standard operational vendor invoice verified against goods received.
AP-INV-11182,VND-1044,PO-51182,2025-06-01,2025-07-01,2025-06-13,CC-500,2032.6,2032.6,0.0,Paid,EMP-102,ACH Wire,Yes,Standard operational vendor invoice verified against goods received.
AP-INV-11183,VND-1012,PO-51183,2025-06-02,2025-07-02,2025-06-23,CC-200,4656.14,4656.14,0.0,Paid,EMP-105,ACH Wire,Yes,Standard operational vendor invoice verified against goods received.
AP-INV-11184,VND-1002,PO-51184,2025-06-03,2025-07-03,2025-06-19,CC-200,12248.97,12248.97,0.0,Paid,EMP-102,ACH Wire,Yes,Standard operational vendor invoice verified against goods received.
AP-INV-11186,VND-1025,PO-51186,2025-06-04,2025-07-04,2025-06-24,CC-700,12607.14,12607.14,0.0,Paid,EMP-118,EFT,Yes,Standard operational vendor invoice verified against goods received.
AP-INV-11185,VND-1008,PO-51185,2025-06-04,2025-07-04,2025-07-03,CC-300,636.69,636.69,0.0,Paid,EMP-118,ACH Wire,Yes,Standard operational vendor invoice verified against goods received.
AP-INV-11187,VND-1009,PO-51187,2025-06-05,2025-07-05,2025-06-27,CC-700,5389.74,5389.74,0.0,Paid,EMP-118,Corporate Card,Yes,Standard operational vendor invoice verified against goods received.
AP-INV-11189,VND-1010,PO-51189,2025-06-06,2025-07-06,2025-06-19,CC-300,1761.24,1761.24,0.0,Paid,EMP-105,ACH Wire,Yes,Standard operational vendor invoice verified against goods received.
AP-INV-11188,VND-1029,PO-51188,2025-06-06,2025-07-06,2025-06-18,CC-600,466.11,466.11,0.0,Paid,EMP-104,Corporate Card,Yes,Standard operational vendor invoice verified against goods received.
AP-INV-11190,VND-1040,PO-51190,2025-06-07,2025-07-07,2025-06-22,CC-400,5692.16,5692.16,0.0,Paid,EMP-118,EFT,Yes,Standard operational vendor invoice verified against goods received.
AP-INV-11191,VND-1011,PO-51191,2025-06-07,2025-07-22,2025-08-04,CC-500,463.77,463.77,0.0,Paid,EMP-105,Check,Yes,Standard operational vendor invoice verified against goods received.
AP-INV-11192,VND-1035,PO-51192,2025-06-07,2025-07-07,2025-07-07,CC-400,4077.07,4077.07,0.0,Paid,EMP-105,Check,Yes,Standard operational vendor invoice verified against goods received.
AP-INV-11193,VND-1033,PO-51193,2025-06-08,2025-07-08,2025-07-13,CC-400,2060.11,2060.11,0.0,Paid,EMP-102,ACH Wire,Yes,Standard operational vendor invoice verified against goods received.
AP-INV-11194,VND-1016,PO-51194,2025-06-08,2025-07-23,2025-07-03,CC-200,4514.98,4514.98,0.0,Paid,EMP-118,ACH Wire,Yes,Standard operational vendor invoice verified against goods received.
AP-INV-11195,VND-1021,PO-51195,2025-06-08,2025-07-23,2025-07-24,CC-400,360.7,360.7,0.0,Paid,EMP-104,Corporate Card,Yes,Standard operational vendor invoice verified against goods received.
AP-INV-11196,VND-1006,PO-51196,2025-06-09,2025-06-24,2025-06-28,CC-200,9384.51,9384.51,0.0,Paid,EMP-118,Corporate Card,Yes,Standard operational vendor invoice verified against goods received.
AP-INV-11197,VND-1016,PO-51197,2025-06-09,2025-06-24,2025-07-03,CC-500,16485.87,16485.87,0.0,Paid,EMP-105,Check,Yes,Standard operational vendor invoice verified against goods received.
AP-INV-11198,VND-1029,PO-51198,2025-06-10,2025-07-10,2025-07-21,CC-400,15764.26,15764.26,0.0,Paid,EMP-105,Corporate Card,Yes,Standard operational vendor invoice verified against goods received.
AP-INV-11199,VND-1026,PO-51199,2025-06-10,2025-07-10,2025-07-18,CC-100,6382.06,6382.06,0.0,Paid,EMP-104,Corporate Card,Yes,Standard operational vendor invoice verified against goods received.
AP-INV-11201,VND-1016,PO-51201,2025-06-11,2025-06-26,2025-06-23,CC-100,6539.58,6539.58,0.0,Paid,EMP-105,EFT,Yes,Standard operational vendor invoice verified against goods received.
AP-INV-11200,VND-1024,PO-51200,2025-06-11,2025-07-11,2025-07-23,CC-100,777.13,777.13,0.0,Paid,EMP-102,Corporate Card,Yes,Standard operational vendor invoice verified against goods received.
AP-INV-11202,VND-1036,PO-51202,2025-06-11,2025-07-11,2025-07-03,CC-200,262.02,262.02,0.0,Paid,EMP-105,Corporate Card,Yes,Standard operational vendor invoice verified against goods received.
AP-INV-11203,VND-1047,PO-51203,2025-06-12,2025-07-12,2025-07-04,CC-700,250.67,250.67,0.0,Paid,EMP-104,Corporate Card,Yes,Standard operational vendor invoice verified against goods received.
AP-INV-11204,VND-1001,PO-51204,2025-06-12,2025-07-12,2025-07-10,CC-700,1909.44,1909.44,0.0,Paid,EMP-105,Check,Yes,Standard operational vendor invoice verified against goods received.
AP-INV-11205,VND-1040,PO-51205,2025-06-13,2025-06-28,2025-07-08,CC-700,3168.09,3168.09,0.0,Paid,EMP-104,Check,Yes,Standard operational vendor invoice verified against goods received.
AP-INV-11206,VND-1016,PO-51206,2025-06-13,2025-07-13,2025-07-23,CC-200,6771.52,6771.52,0.0,Paid,EMP-104,Check,Yes,Standard operational vendor invoice verified against goods received.
AP-INV-11207,VND-1050,PO-51207,2025-06-13,2025-07-28,2025-07-14,CC-700,5324.04,5324.04,0.0,Paid,EMP-102,Corporate Card,Yes,Standard operational vendor invoice verified against goods received.
AP-INV-11208,VND-1013,PO-51208,2025-06-13,2025-07-28,2025-07-06,CC-400,2806.87,2806.87,0.0,Paid,EMP-118,Check,Yes,Standard operational vendor invoice verified against goods received.
AP-INV-11209,VND-1002,PO-51209,2025-06-14,2025-07-14,2025-07-02,CC-300,1588.61,1588.61,0.0,Paid,EMP-105,EFT,Yes,Standard operational vendor invoice verified against goods received.
AP-INV-11210,VND-1033,PO-51210,2025-06-14,2025-07-14,2025-07-15,CC-700,26481.88,26481.88,0.0,Paid,EMP-104,Check,Yes,Standard operational vendor invoice verified against goods received.
AP-INV-11211,VND-1029,PO-51211,2025-06-14,2025-07-29,2025-08-11,CC-600,2649.49,2649.49,0.0,Paid,EMP-105,Corporate Card,Yes,Standard operational vendor invoice verified against goods received.
AP-INV-11212,VND-1039,PO-51212,2025-06-15,2025-06-30,2025-06-29,CC-700,2851.63,2851.63,0.0,Paid,EMP-104,Corporate Card,Yes,Standard operational vendor invoice verified against goods received.
AP-INV-11213,VND-1039,PO-51213,2025-06-15,2025-08-14,2025-08-14,CC-600,954.05,954.05,0.0,Paid,EMP-118,ACH Wire,Yes,Standard operational vendor invoice verified against goods received.
AP-INV-11217,VND-1002,PO-51217,2025-06-16,2025-07-16,2025-06-30,CC-200,536.88,536.88,0.0,Paid,EMP-118,Corporate Card,Yes,Standard operational vendor invoice verified against goods received.
AP-INV-11216,VND-1011,PO-51216,2025-06-16,2025-08-15,2025-07-18,CC-100,1272.52,1272.52,0.0,Paid,EMP-102,Check,Yes,Standard operational vendor invoice verified against goods received.
AP-INV-11215,VND-1023,PO-51215,2025-06-16,2025-07-31,2025-08-05,CC-500,5474.1,5474.1,0.0,Paid,EMP-105,EFT,Yes,Standard operational vendor invoice verified against goods received.
AP-INV-11214,VND-1005,PO-51214,2025-06-16,2025-07-31,2025-07-08,CC-500,7277.18,7277.18,0.0,Paid,EMP-118,EFT,Yes,Standard operational vendor invoice verified against goods received.
AP-INV-11218,VND-1020,PO-51218,2025-06-17,2025-08-16,2025-07-05,CC-600,5284.48,5284.48,0.0,Paid,EMP-118,EFT,Yes,Standard operational vendor invoice verified against goods received.
AP-INV-11219,VND-1025,PO-51219,2025-06-17,2025-07-02,2025-07-02,CC-500,4932.58,4932.58,0.0,Paid,EMP-105,Check,Yes,Standard operational vendor invoice verified against goods received.
AP-INV-11220,VND-1008,PO-51220,2025-06-18,2025-08-17,2025-08-20,CC-200,1586.34,1586.34,0.0,Paid,EMP-118,EFT,Yes,Standard operational vendor invoice verified against goods received.
AP-INV-11221,VND-1026,PO-51221,2025-06-18,2025-07-18,2025-07-06,CC-700,13709.19,13709.19,0.0,Paid,EMP-104,Corporate Card,Yes,Standard operational vendor invoice verified against goods received.
AP-INV-11222,VND-1049,PO-51222,2025-06-19,2025-08-03,2025-07-09,CC-600,886.94,886.94,0.0,Paid,EMP-105,ACH Wire,Yes,Standard operational vendor invoice verified against goods received.
AP-INV-11223,VND-1034,PO-51223,2025-06-19,2025-08-03,2025-07-16,CC-600,2698.01,2698.01,0.0,Paid,EMP-104,EFT,Yes,Standard operational vendor invoice verified against goods received.
AP-INV-11224,VND-1030,PO-51224,2025-06-20,2025-08-04,2025-08-07,CC-100,13090.06,13090.06,0.0,Paid,EMP-104,Corporate Card,Yes,Standard operational vendor invoice verified against goods received.
AP-INV-11227,VND-1043,PO-51227,2025-06-20,2025-07-20,2025-07-26,CC-700,2430.71,2430.71,0.0,Paid,EMP-104,ACH Wire,Yes,Standard operational vendor invoice verified against goods received.
AP-INV-11225,VND-1039,PO-51225,2025-06-20,2025-08-04,2025-07-29,CC-400,2599.16,2599.16,0.0,Paid,EMP-102,EFT,Yes,Standard operational vendor invoice verified against goods received.
AP-INV-11226,VND-1020,PO-51226,2025-06-20,2025-08-04,2025-07-22,CC-600,4729.04,4729.04,0.0,Paid,EMP-105,Check,Yes,Standard operational vendor invoice verified against goods received.
AP-INV-11228,VND-1050,PO-51228,2025-06-21,2025-08-05,2025-07-25,CC-400,1592.26,1592.26,0.0,Paid,EMP-104,EFT,Yes,Standard operational vendor invoice verified against goods received.
AP-INV-11229,VND-1027,PO-51229,2025-06-21,2025-07-06,2025-07-08,CC-600,18751.97,18751.97,0.0,Paid,EMP-104,Corporate Card,Yes,Standard operational vendor invoice verified against goods received.
AP-INV-11230,VND-1044,PO-51230,2025-06-21,2025-07-21,2025-07-05,CC-500,2519.27,2519.27,0.0,Paid,EMP-104,Check,Yes,Standard operational vendor invoice verified against goods received.
AP-INV-11231,VND-1037,PO-51231,2025-06-22,2025-07-22,2025-07-06,CC-100,10253.64,10253.64,0.0,Paid,EMP-102,Corporate Card,Yes,Standard operational vendor invoice verified against goods received.
AP-INV-11232,VND-1028,PO-51232,2025-06-22,2025-07-22,2025-07-18,CC-400,1325.88,1325.88,0.0,Paid,EMP-104,EFT,Yes,Standard operational vendor invoice verified against goods received.
AP-INV-11233,VND-1005,PO-51233,2025-06-23,2025-08-07,2025-07-27,CC-600,1228.47,1228.47,0.0,Paid,EMP-105,Check,Yes,Standard operational vendor invoice verified against goods received.
AP-INV-11234,VND-1013,PO-51234,2025-06-23,2025-07-08,2025-07-03,CC-400,292.33,286.48,5.85,Paid,EMP-104,Corporate Card,Yes,Standard operational vendor invoice verified against goods received.
AP-INV-11235,VND-1031,PO-51235,2025-06-24,2025-08-08,2025-07-08,CC-400,4895.68,4895.68,0.0,Paid,EMP-102,ACH Wire,Yes,Standard operational vendor invoice verified against goods received.
AP-INV-11236,VND-1049,PO-51236,2025-06-24,2025-07-24,2025-08-03,CC-400,2218.65,2218.65,0.0,Paid,EMP-105,ACH Wire,Yes,Standard operational vendor invoice verified against goods received.
AP-INV-11237,VND-1011,PO-51237,2025-06-24,2025-07-09,2025-07-23,CC-700,9139.82,9139.82,0.0,Paid,EMP-102,ACH Wire,Yes,Standard operational vendor invoice verified against goods received.
AP-INV-11238,VND-1036,PO-51238,2025-06-25,2025-08-09,2025-07-15,CC-600,3034.29,3034.29,0.0,Paid,EMP-102,EFT,Yes,Standard operational vendor invoice verified against goods received.
AP-INV-11239,VND-1047,PO-51239,2025-06-25,2025-07-25,2025-08-02,CC-300,15666.37,15666.37,0.0,Paid,EMP-105,ACH Wire,Yes,Standard operational vendor invoice verified against goods received.
AP-INV-11241,VND-1044,PO-51241,2025-06-26,2025-08-25,2025-07-19,CC-700,9283.58,9283.58,0.0,Paid,EMP-118,Corporate Card,Yes,Standard operational vendor invoice verified against goods received.
AP-INV-11240,VND-1003,PO-51240,2025-06-26,2025-08-25,2025-08-02,CC-600,1073.45,1073.45,0.0,Paid,EMP-118,EFT,Yes,Standard operational vendor invoice verified against goods received.
AP-INV-11242,VND-1041,PO-51242,2025-06-27,2025-07-12,2025-07-19,CC-100,6894.5,6894.5,0.0,Paid,EMP-104,ACH Wire,Yes,Standard operational vendor invoice verified against goods received.
AP-INV-11243,VND-1025,PO-51243,2025-06-27,2025-07-27,2025-07-12,CC-200,6781.61,6781.61,0.0,Paid,EMP-102,Check,Yes,Standard operational vendor invoice verified against goods received.
AP-INV-11244,VND-1001,PO-51244,2025-06-28,2025-07-28,2025-07-12,CC-300,8533.2,8533.2,0.0,Paid,EMP-104,EFT,Yes,Standard operational vendor invoice verified against goods received.
AP-INV-11245,VND-1046,PO-51245,2025-06-29,2025-07-29,2025-07-11,CC-200,6591.26,6591.26,0.0,Paid,EMP-118,EFT,Yes,Standard operational vendor invoice verified against goods received.
AP-INV-11246,VND-1022,PO-51246,2025-06-29,2025-08-28,2025-08-02,CC-300,4578.4,4578.4,0.0,Paid,EMP-104,Check,Yes,Standard operational vendor invoice verified against goods received.
AP-INV-11247,VND-1029,PO-51247,2025-06-29,2025-07-29,2025-07-22,CC-100,783.12,783.12,0.0,Paid,EMP-102,Corporate Card,Yes,Standard operational vendor invoice verified against goods received.
AP-INV-11248,VND-1001,PO-51248,2025-06-30,2025-07-30,2025-07-10,CC-400,298.8,298.8,0.0,Paid,EMP-118,ACH Wire,Yes,Standard operational vendor invoice verified against goods received.
AP-INV-11249,VND-1005,PO-51249,2025-06-30,2025-07-30,2025-08-02,CC-600,11563.72,11563.72,0.0,Paid,EMP-102,EFT,Yes,Standard operational vendor invoice verified against goods received.
AP-INV-11250,VND-1028,PO-51250,2025-07-01,2025-08-30,2025-09-12,CC-300,4464.63,4464.63,0.0,Paid,EMP-102,ACH Wire,Yes,Standard operational vendor invoice verified against goods received.
AP-INV-11252,VND-1023,PO-51252,2025-07-01,2025-07-31,2025-08-10,CC-200,3105.86,3105.86,0.0,Paid,EMP-102,Corporate Card,Yes,Standard operational vendor invoice verified against goods received.
AP-INV-11251,VND-1018,PO-51251,2025-07-01,2025-08-30,2025-08-21,CC-100,7315.23,7315.23,0.0,Paid,EMP-118,ACH Wire,Yes,Standard operational vendor invoice verified against goods received.
AP-INV-11253,VND-1040,PO-51253,2025-07-02,2025-08-16,2025-08-13,CC-400,711.51,711.51,0.0,Paid,EMP-104,EFT,Yes,Standard operational vendor invoice verified against goods received.
AP-INV-11254,VND-1043,PO-51254,2025-07-03,2025-07-18,2025-07-22,CC-700,751.85,751.85,0.0,Paid,EMP-104,Check,Yes,Standard operational vendor invoice verified against goods received.
AP-INV-11255,VND-1017,PO-51255,2025-07-03,2025-07-18,2025-07-14,CC-500,5356.4,5356.4,0.0,Paid,EMP-104,Corporate Card,Yes,Standard operational vendor invoice verified against goods received.
AP-INV-11256,VND-1013,PO-51256,2025-07-04,2025-08-18,2025-07-27,CC-200,2681.95,2681.95,0.0,Paid,EMP-102,ACH Wire,Yes,Standard operational vendor invoice verified against goods received.
AP-INV-11257,VND-1050,PO-51257,2025-07-04,2025-08-18,2025-08-30,CC-500,1157.1,1157.1,0.0,Paid,EMP-105,ACH Wire,Yes,Standard operational vendor invoice verified against goods received.
AP-INV-11258,VND-1045,PO-51258,2025-07-05,2025-07-20,2025-07-31,CC-700,3194.14,3194.14,0.0,Paid,EMP-118,Corporate Card,Yes,Standard operational vendor invoice verified against goods received.
AP-INV-11259,VND-1002,PO-51259,2025-07-05,2025-08-04,2025-08-05,CC-200,448.63,448.63,0.0,Paid,EMP-104,ACH Wire,Yes,Standard operational vendor invoice verified against goods received.
AP-INV-11260,VND-1046,PO-51260,2025-07-06,2025-08-05,2025-08-09,CC-200,4074.92,4074.92,0.0,Paid,EMP-105,ACH Wire,Yes,Standard operational vendor invoice verified against goods received.
AP-INV-11261,VND-1030,PO-51261,2025-07-06,2025-07-21,2025-07-18,CC-600,1560.0,1560.0,0.0,Paid,EMP-118,EFT,Yes,Standard operational vendor invoice verified against goods received.
AP-INV-11265,VND-1017,PO-51265,2025-07-07,2025-08-06,2025-08-01,CC-400,202.6,202.6,0.0,Paid,EMP-105,Corporate Card,Yes,Standard operational vendor invoice verified against goods received.
AP-INV-11262,VND-1004,PO-51262,2025-07-07,2025-08-06,2025-07-30,CC-600,7337.88,7337.88,0.0,Paid,EMP-104,EFT,Yes,Standard operational vendor invoice verified against goods received.
AP-INV-11263,VND-1012,PO-51263,2025-07-07,2025-09-05,2025-08-12,CC-500,1822.15,1822.15,0.0,Paid,EMP-104,EFT,Yes,Standard operational vendor invoice verified against goods received.
AP-INV-11264,VND-1029,PO-51264,2025-07-07,2025-08-21,2025-08-05,CC-600,2883.18,2883.18,0.0,Paid,EMP-104,ACH Wire,Yes,Standard operational vendor invoice verified against goods received.
AP-INV-11266,VND-1044,PO-51266,2025-07-08,2025-08-07,2025-08-17,CC-200,488.42,488.42,0.0,Paid,EMP-102,Corporate Card,Yes,Standard operational vendor invoice verified against goods received.
AP-INV-11267,VND-1027,PO-51267,2025-07-08,2025-08-07,2025-08-17,CC-400,2392.77,2392.77,0.0,Paid,EMP-118,Check,Yes,Standard operational vendor invoice verified against goods received.
AP-INV-11268,VND-1029,PO-51268,2025-07-09,2025-08-08,2025-08-18,CC-700,3092.14,3092.14,0.0,Paid,EMP-102,Check,Yes,Standard operational vendor invoice verified against goods received.
AP-INV-11269,VND-1029,PO-51269,2025-07-09,2025-07-24,2025-07-28,CC-700,4273.54,4273.54,0.0,Paid,EMP-104,ACH Wire,Yes,Standard operational vendor invoice verified against goods received.
AP-INV-11270,VND-1031,PO-51270,2025-07-10,2025-08-24,2025-08-07,CC-300,1701.76,1701.76,0.0,Paid,EMP-118,Check,Yes,Standard operational vendor invoice verified against goods received.
AP-INV-11271,VND-1005,PO-51271,2025-07-10,2025-08-09,2025-08-19,CC-300,5493.23,5493.23,0.0,Paid,EMP-104,ACH Wire,Yes,Standard operational vendor invoice verified against goods received.
AP-INV-11275,VND-1026,PO-51275,2025-07-11,2025-08-10,2025-08-02,CC-500,3097.06,3097.06,0.0,Paid,EMP-118,Corporate Card,Yes,Standard operational vendor invoice verified against goods received.
AP-INV-11272,VND-1001,PO-51272,2025-07-11,2025-09-09,2025-09-06,CC-100,9001.44,9001.44,0.0,Paid,EMP-118,Check,Yes,Standard operational vendor invoice verified against goods received.
AP-INV-11273,VND-1028,PO-51273,2025-07-11,2025-08-10,2025-08-14,CC-400,6960.53,6960.53,0.0,Paid,EMP-118,Corporate Card,Yes,Standard operational vendor invoice verified against goods received.
AP-INV-11274,VND-1045,PO-51274,2025-07-11,2025-07-26,2025-08-03,CC-500,331.91,331.91,0.0,Paid,EMP-102,EFT,Yes,Standard operational vendor invoice verified against goods received.
AP-INV-11276,VND-1050,PO-51276,2025-07-12,2025-09-10,2025-09-22,CC-300,648.84,648.84,0.0,Paid,EMP-105,EFT,Yes,Standard operational vendor invoice verified against goods received.
AP-INV-11277,VND-1045,PO-51277,2025-07-12,2025-08-26,2025-09-07,CC-400,1397.09,1397.09,0.0,Paid,EMP-104,ACH Wire,Yes,Standard operational vendor invoice verified against goods received.
AP-INV-11278,VND-1032,PO-51278,2025-07-12,2025-08-11,2025-07-23,CC-100,19577.32,19577.32,0.0,Paid,EMP-104,Corporate Card,Yes,Standard operational vendor invoice verified against goods received.
AP-INV-11279,VND-1047,PO-51279,2025-07-13,2025-08-12,2025-08-07,CC-200,841.78,841.78,0.0,Paid,EMP-104,EFT,Yes,Standard operational vendor invoice verified against goods received.
AP-INV-11280,VND-1008,PO-51280,2025-07-13,2025-07-28,2025-08-12,CC-700,3259.17,3259.17,0.0,Paid,EMP-118,Check,Yes,Standard operational vendor invoice verified against goods received.
AP-INV-11281,VND-1049,PO-51281,2025-07-13,2025-07-28,2025-08-08,CC-500,4482.34,4482.34,0.0,Paid,EMP-104,Check,Yes,Standard operational vendor invoice verified against goods received.
AP-INV-11282,VND-1029,PO-51282,2025-07-14,2025-08-13,2025-08-25,CC-300,5605.0,5605.0,0.0,Paid,EMP-118,Corporate Card,Yes,Standard operational vendor invoice verified against goods received.
AP-INV-11283,VND-1050,PO-51283,2025-07-15,2025-07-30,2025-07-28,CC-700,3840.82,3840.82,0.0,Paid,EMP-105,ACH Wire,Yes,Standard operational vendor invoice verified against goods received.
AP-INV-11284,VND-1019,PO-51284,2025-07-15,2025-08-14,2025-08-19,CC-600,194.19,194.19,0.0,Paid,EMP-105,EFT,Yes,Standard operational vendor invoice verified against goods received.
AP-INV-11285,VND-1011,PO-51285,2025-07-15,2025-08-29,2025-07-25,CC-700,1928.44,1889.87,38.57,Paid,EMP-118,Check,Yes,Standard operational vendor invoice verified against goods received.
AP-INV-11286,VND-1050,PO-51286,2025-07-16,2025-08-15,2025-08-06,CC-400,3431.46,3431.46,0.0,Paid,EMP-105,ACH Wire,Yes,Standard operational vendor invoice verified against goods received.
AP-INV-11287,VND-1049,PO-51287,2025-07-16,2025-08-15,2025-08-26,CC-200,563.86,563.86,0.0,Paid,EMP-104,EFT,Yes,Standard operational vendor invoice verified against goods received.
AP-INV-11288,VND-1030,PO-51288,2025-07-16,2025-08-15,2025-08-06,CC-500,2092.87,2092.87,0.0,Paid,EMP-104,EFT,Yes,Standard operational vendor invoice verified against goods received.
AP-INV-11291,VND-1005,PO-51291,2025-07-17,2025-08-01,2025-08-14,CC-300,2425.7,2425.7,0.0,Paid,EMP-104,Check,Yes,Standard operational vendor invoice verified against goods received.
AP-INV-11290,VND-1006,PO-51290,2025-07-17,2025-08-01,2025-08-08,CC-300,518.27,518.27,0.0,Paid,EMP-102,Corporate Card,Yes,Standard operational vendor invoice verified against goods received.
AP-INV-11289,VND-1013,PO-51289,2025-07-17,2025-08-31,2025-08-24,CC-300,301.95,301.95,0.0,Paid,EMP-102,ACH Wire,Yes,Standard operational vendor invoice verified against goods received.
AP-INV-11724,VND-1038,NONE-EMERGENCY,2025-07-18,2025-07-19,2025-07-20,CC-500,16862.87,16862.87,0.0,Paid,EMP-118,ACH Wire,No,Executive supply chain optimization & strategic restructuring advisory retainer.
AP-INV-11292,VND-1007,PO-51292,2025-07-18,2025-08-02,2025-08-05,CC-100,790.75,790.75,0.0,Paid,EMP-102,EFT,Yes,Standard operational vendor invoice verified against goods received.
AP-INV-11293,VND-1007,PO-51293,2025-07-18,2025-09-16,2025-07-28,CC-200,3922.2,3922.2,0.0,Paid,EMP-105,Check,Yes,Standard operational vendor invoice verified against goods received.
AP-INV-11295,VND-1022,PO-51295,2025-07-19,2025-08-18,2025-08-21,CC-700,7405.69,7405.69,0.0,Paid,EMP-118,Check,Yes,Standard operational vendor invoice verified against goods received.
AP-INV-11294,VND-1023,PO-51294,2025-07-19,2025-09-02,2025-08-19,CC-500,5412.56,5412.56,0.0,Paid,EMP-105,Corporate Card,Yes,Standard operational vendor invoice verified against goods received.
AP-INV-11298,VND-1048,PO-51298,2025-07-20,2025-08-19,2025-08-22,CC-700,647.02,647.02,0.0,Paid,EMP-118,Check,Yes,Standard operational vendor invoice verified against goods received.
AP-INV-11297,VND-1048,PO-51297,2025-07-20,2025-08-19,2025-07-31,CC-400,974.86,974.86,0.0,Paid,EMP-102,Corporate Card,Yes,Standard operational vendor invoice verified against goods received.
AP-INV-11296,VND-1024,PO-51296,2025-07-20,2025-08-19,2025-08-05,CC-700,1154.99,1154.99,0.0,Paid,EMP-102,Check,Yes,Standard operational vendor invoice verified against goods received.
AP-INV-11300,VND-1044,PO-51300,2025-07-21,2025-08-05,2025-08-10,CC-300,5666.08,5666.08,0.0,Paid,EMP-118,ACH Wire,Yes,Standard operational vendor invoice verified against goods received.
AP-INV-11299,VND-1046,PO-51299,2025-07-21,2025-08-05,2025-08-20,CC-200,4703.03,4703.03,0.0,Paid,EMP-105,EFT,Yes,Standard operational vendor invoice verified against goods received.
AP-INV-11302,VND-1032,PO-51302,2025-07-22,2025-08-06,2025-08-13,CC-600,12534.87,12534.87,0.0,Paid,EMP-105,ACH Wire,Yes,Standard operational vendor invoice verified against goods received.
AP-INV-11303,VND-1049,PO-51303,2025-07-22,2025-09-20,2025-10-04,CC-200,390.17,390.17,0.0,Paid,EMP-102,ACH Wire,Yes,Standard operational vendor invoice verified against goods received.
AP-INV-11301,VND-1027,PO-51301,2025-07-22,2025-09-20,2025-08-11,CC-600,294.43,294.43,0.0,Paid,EMP-105,Check,Yes,Standard operational vendor invoice verified against goods received.
AP-INV-11304,VND-1006,PO-51304,2025-07-23,2025-09-21,2025-09-30,CC-300,3657.08,3657.08,0.0,Paid,EMP-104,Check,Yes,Standard operational vendor invoice verified against goods received.
AP-INV-11305,VND-1008,PO-51305,2025-07-23,2025-09-21,2025-09-01,CC-400,5705.88,5705.88,0.0,Paid,EMP-104,ACH Wire,Yes,Standard operational vendor invoice verified against goods received.
AP-INV-11306,VND-1046,PO-51306,2025-07-24,2025-08-08,2025-08-06,CC-600,9364.67,9364.67,0.0,Paid,EMP-118,EFT,Yes,Standard operational vendor invoice verified against goods received.
AP-INV-11307,VND-1022,PO-51307,2025-07-25,2025-08-24,2025-08-18,CC-400,5784.3,5784.3,0.0,Paid,EMP-105,Check,Yes,Standard operational vendor invoice verified against goods received.
AP-INV-11308,VND-1046,PO-51308,2025-07-26,2025-08-25,2025-09-08,CC-100,7431.52,7431.52,0.0,Paid,EMP-118,EFT,Yes,Standard operational vendor invoice verified against goods received.
AP-INV-11309,VND-1048,PO-51309,2025-07-26,2025-08-25,2025-08-09,CC-300,2016.07,2016.07,0.0,Paid,EMP-105,Check,Yes,Standard operational vendor invoice verified against goods received.
AP-INV-11310,VND-1049,PO-51310,2025-07-26,2025-09-09,2025-09-15,CC-600,7739.05,7739.05,0.0,Paid,EMP-118,ACH Wire,Yes,Standard operational vendor invoice verified against goods received.
AP-INV-11311,VND-1016,PO-51311,2025-07-26,2025-08-10,2025-08-14,CC-300,525.78,525.78,0.0,Paid,EMP-102,EFT,Yes,Standard operational vendor invoice verified against goods received.
AP-INV-11312,VND-1040,PO-51312,2025-07-27,2025-08-11,2025-08-24,CC-200,10284.23,10284.23,0.0,Paid,EMP-105,ACH Wire,Yes,Standard operational vendor invoice verified against goods received.
AP-INV-11313,VND-1026,PO-51313,2025-07-28,2025-08-12,2025-08-16,CC-500,3719.27,3719.27,0.0,Paid,EMP-102,ACH Wire,Yes,Standard operational vendor invoice verified against goods received.
AP-INV-11314,VND-1026,PO-51314,2025-07-28,2025-08-27,2025-08-30,CC-400,7799.54,7799.54,0.0,Paid,EMP-104,ACH Wire,Yes,Standard operational vendor invoice verified against goods received.
AP-INV-11315,VND-1007,PO-51315,2025-07-28,2025-08-12,2025-08-24,CC-400,2859.27,2859.27,0.0,Paid,EMP-118,Corporate Card,Yes,Standard operational vendor invoice verified against goods received.
AP-INV-11316,VND-1020,PO-51316,2025-07-29,2025-08-28,2025-09-08,CC-700,4792.38,4792.38,0.0,Paid,EMP-118,ACH Wire,Yes,Standard operational vendor invoice verified against goods received.
AP-INV-11318,VND-1034,PO-51318,2025-07-30,2025-08-14,2025-08-17,CC-600,6068.57,6068.57,0.0,Paid,EMP-118,ACH Wire,Yes,Standard operational vendor invoice verified against goods received.
AP-INV-11319,VND-1033,PO-51319,2025-07-30,2025-09-13,2025-08-12,CC-300,533.2,533.2,0.0,Paid,EMP-105,ACH Wire,Yes,Standard operational vendor invoice verified against goods received.
AP-INV-11317,VND-1010,PO-51317,2025-07-30,2025-08-14,2025-08-28,CC-600,3513.29,3513.29,0.0,Paid,EMP-105,Corporate Card,Yes,Standard operational vendor invoice verified against goods received.
AP-INV-11321,VND-1050,PO-51321,2025-07-31,2025-08-30,2025-08-20,CC-400,1427.22,1427.22,0.0,Paid,EMP-102,Check,Yes,Standard operational vendor invoice verified against goods received.
AP-INV-11322,VND-1023,PO-51322,2025-07-31,2025-09-14,2025-09-01,CC-400,932.15,932.15,0.0,Paid,EMP-118,Check,Yes,Standard operational vendor invoice verified against goods received.
AP-INV-11320,VND-1014,PO-51320,2025-07-31,2025-08-30,2025-08-13,CC-700,430.13,430.13,0.0,Paid,EMP-104,Check,Yes,Standard operational vendor invoice verified against goods received.
AP-INV-11323,VND-1050,PO-51323,2025-08-01,2025-08-31,2025-08-23,CC-300,9393.16,9393.16,0.0,Paid,EMP-118,EFT,Yes,Standard operational vendor invoice verified against goods received.
AP-INV-11324,VND-1040,PO-51324,2025-08-02,2025-08-17,2025-08-21,CC-700,1263.54,1263.54,0.0,Paid,EMP-118,ACH Wire,Yes,Standard operational vendor invoice verified against goods received.
AP-INV-11325,VND-1030,PO-51325,2025-08-03,2025-09-17,2025-08-31,CC-600,16908.46,16908.46,0.0,Paid,EMP-104,ACH Wire,Yes,Standard operational vendor invoice verified against goods received.
AP-INV-11326,VND-1014,PO-51326,2025-08-03,2025-09-02,2025-08-13,CC-700,1998.7,1998.7,0.0,Paid,EMP-102,ACH Wire,Yes,Standard operational vendor invoice verified against goods received.
AP-INV-11327,VND-1029,PO-51327,2025-08-04,2025-09-03,2025-08-17,CC-600,1054.67,1054.67,0.0,Paid,EMP-102,Corporate Card,Yes,Standard operational vendor invoice verified against goods received.
AP-INV-11328,VND-1032,PO-51328,2025-08-04,2025-08-19,2025-08-17,CC-200,7166.46,7166.46,0.0,Paid,EMP-105,Check,Yes,Standard operational vendor invoice verified against goods received.
AP-INV-11332,VND-1044,PO-51332,2025-08-05,2025-09-19,2025-09-07,CC-600,5865.54,5865.54,0.0,Paid,EMP-102,EFT,Yes,Standard operational vendor invoice verified against goods received.
AP-INV-11329,VND-1044,PO-51329,2025-08-05,2025-09-19,2025-08-30,CC-600,4987.57,4987.57,0.0,Paid,EMP-102,EFT,Yes,Standard operational vendor invoice verified against goods received.
AP-INV-11331,VND-1048,PO-51331,2025-08-05,2025-08-20,2025-08-29,CC-700,3797.24,3797.24,0.0,Paid,EMP-118,Corporate Card,Yes,Standard operational vendor invoice verified against goods received.
AP-INV-11330,VND-1017,PO-51330,2025-08-05,2025-09-19,2025-09-03,CC-400,3252.95,3252.95,0.0,Paid,EMP-104,Check,Yes,Standard operational vendor invoice verified against goods received.
AP-INV-11333,VND-1008,PO-51333,2025-08-06,2025-10-05,2025-09-13,CC-400,1317.12,1317.12,0.0,Paid,EMP-102,Check,Yes,Standard operational vendor invoice verified against goods received.
AP-INV-11334,VND-1007,PO-51334,2025-08-07,2025-10-06,2025-09-09,CC-700,25388.84,25388.84,0.0,Paid,EMP-118,Check,Yes,Standard operational vendor invoice verified against goods received.
AP-INV-11335,VND-1045,PO-51335,2025-08-07,2025-09-21,2025-09-05,CC-600,16712.88,16712.88,0.0,Paid,EMP-104,EFT,Yes,Standard operational vendor invoice verified against goods received.
AP-INV-11336,VND-1049,PO-51336,2025-08-08,2025-10-07,2025-09-10,CC-700,4878.39,4878.39,0.0,Paid,EMP-118,EFT,Yes,Standard operational vendor invoice verified against goods received.
AP-INV-11337,VND-1027,PO-51337,2025-08-08,2025-10-07,2025-10-19,CC-500,1151.57,1151.57,0.0,Paid,EMP-102,EFT,Yes,Standard operational vendor invoice verified against goods received.
AP-INV-11338,VND-1014,PO-51338,2025-08-09,2025-08-24,2025-08-24,CC-600,5280.67,5280.67,0.0,Paid,EMP-104,EFT,Yes,Standard operational vendor invoice verified against goods received.
AP-INV-11339,VND-1037,PO-51339,2025-08-09,2025-09-08,2025-08-26,CC-400,487.22,487.22,0.0,Paid,EMP-102,ACH Wire,Yes,Standard operational vendor invoice verified against goods received.
AP-INV-11340,VND-1039,PO-51340,2025-08-09,2025-09-08,2025-08-24,CC-200,290.09,290.09,0.0,Paid,EMP-105,EFT,Yes,Standard operational vendor invoice verified against goods received.
AP-INV-11341,VND-1008,PO-51341,2025-08-10,2025-09-09,2025-09-12,CC-500,1490.9,1490.9,0.0,Paid,EMP-104,Check,Yes,Standard operational vendor invoice verified against goods received.
AP-INV-11703,VND-1042,PO-51703,2025-08-10,2025-08-25,2025-08-20,CC-300,4913.5,4913.5,0.0,Paid,EMP-103,ACH Wire,No,Expedited cloud analytics consulting modules - approved under departmental limit.
AP-INV-11702,VND-1042,PO-51702,2025-08-10,2025-08-25,2025-08-20,CC-300,4869.98,4869.98,0.0,Paid,EMP-103,ACH Wire,No,Expedited cloud analytics consulting modules - approved under departmental limit.
AP-INV-11342,VND-1046,PO-51342,2025-08-11,2025-09-10,2025-09-09,CC-100,2944.75,2944.75,0.0,Paid,EMP-102,Corporate Card,Yes,Standard operational vendor invoice verified against goods received.
AP-INV-11345,VND-1046,PO-51345,2025-08-11,2025-08-26,2025-08-28,CC-700,6258.92,6258.92,0.0,Paid,EMP-102,ACH Wire,Yes,Standard operational vendor invoice verified against goods received.
AP-INV-11344,VND-1035,PO-51344,2025-08-11,2025-10-10,2025-10-25,CC-300,5995.06,5995.06,0.0,Paid,EMP-104,EFT,Yes,Standard operational vendor invoice verified against goods received.
AP-INV-11343,VND-1046,PO-51343,2025-08-11,2025-09-25,2025-08-29,CC-500,9271.59,9271.59,0.0,Paid,EMP-118,Corporate Card,Yes,Standard operational vendor invoice verified against goods received.
AP-INV-11705,VND-1042,PO-51705,2025-08-12,2025-08-27,2025-08-22,CC-300,4992.47,4992.47,0.0,Paid,EMP-103,ACH Wire,No,Expedited cloud analytics consulting modules - approved under departmental limit.
AP-INV-11346,VND-1014,PO-51346,2025-08-12,2025-10-11,2025-09-18,CC-200,2644.1,2644.1,0.0,Paid,EMP-105,Corporate Card,Yes,Standard operational vendor invoice verified against goods received.
AP-INV-11704,VND-1042,PO-51704,2025-08-12,2025-08-27,2025-08-22,CC-300,4980.09,4980.09,0.0,Paid,EMP-103,ACH Wire,No,Expedited cloud analytics consulting modules - approved under departmental limit.
AP-INV-11347,VND-1043,PO-51347,2025-08-13,2025-08-28,2025-09-09,CC-400,2060.47,2060.47,0.0,Paid,EMP-105,Corporate Card,Yes,Standard operational vendor invoice verified against goods received.
AP-INV-11707,VND-1042,PO-51707,2025-08-14,2025-08-29,2025-08-24,CC-300,4878.08,4878.08,0.0,Paid,EMP-103,ACH Wire,No,Expedited cloud analytics consulting modules - approved under departmental limit.
AP-INV-11706,VND-1042,PO-51706,2025-08-14,2025-08-29,2025-08-24,CC-300,4903.32,4903.32,0.0,Paid,EMP-103,ACH Wire,No,Expedited cloud analytics consulting modules - approved under departmental limit.
AP-INV-11348,VND-1011,PO-51348,2025-08-14,2025-09-28,2025-08-29,CC-400,2236.59,2236.59,0.0,Paid,EMP-105,Check,Yes,Standard operational vendor invoice verified against goods received.
AP-INV-11349,VND-1048,PO-51349,2025-08-14,2025-10-13,2025-09-19,CC-200,19923.29,19923.29,0.0,Paid,EMP-102,Corporate Card,Yes,Standard operational vendor invoice verified against goods received.
AP-INV-11351,VND-1010,PO-51351,2025-08-15,2025-09-29,2025-09-18,CC-300,9229.39,9229.39,0.0,Paid,EMP-102,ACH Wire,Yes,Standard operational vendor invoice verified against goods received.
AP-INV-11352,VND-1005,PO-51352,2025-08-15,2025-08-30,2025-09-11,CC-300,4039.58,4039.58,0.0,Paid,EMP-102,Check,Yes,Standard operational vendor invoice verified against goods received.
AP-INV-11353,VND-1005,PO-51353,2025-08-15,2025-08-30,2025-09-05,CC-300,2748.07,2748.07,0.0,Paid,EMP-105,Corporate Card,Yes,Standard operational vendor invoice verified against goods received.
AP-INV-11350,VND-1048,PO-51350,2025-08-15,2025-09-14,2025-09-17,CC-600,334.21,334.21,0.0,Paid,EMP-104,Check,Yes,Standard operational vendor invoice verified against goods received.
AP-INV-11354,VND-1016,PO-51354,2025-08-16,2025-08-31,2025-08-29,CC-300,5963.65,5963.65,0.0,Paid,EMP-118,ACH Wire,Yes,Standard operational vendor invoice verified against goods received.
AP-INV-11355,VND-1007,PO-51355,2025-08-17,2025-09-01,2025-09-01,CC-700,3150.75,3150.75,0.0,Paid,EMP-105,Check,Yes,Standard operational vendor invoice verified against goods received.
AP-INV-11356,VND-1007,PO-51356,2025-08-17,2025-09-16,2025-09-14,CC-500,9451.08,9451.08,0.0,Paid,EMP-105,EFT,Yes,Standard operational vendor invoice verified against goods received.
AP-INV-11358,VND-1032,PO-51358,2025-08-18,2025-09-17,2025-09-13,CC-500,2614.64,2614.64,0.0,Paid,EMP-102,ACH Wire,Yes,Standard operational vendor invoice verified against goods received.
AP-INV-11359,VND-1046,PO-51359,2025-08-18,2025-09-17,2025-09-21,CC-200,1608.49,1608.49,0.0,Paid,EMP-105,EFT,Yes,Standard operational vendor invoice verified against goods received.
AP-INV-11357,VND-1011,PO-51357,2025-08-18,2025-10-02,2025-09-08,CC-300,10543.33,10543.33,0.0,Paid,EMP-105,Check,Yes,Standard operational vendor invoice verified against goods received.
AP-INV-11360,VND-1044,PO-51360,2025-08-19,2025-09-18,2025-09-24,CC-300,4188.06,4188.06,0.0,Paid,EMP-118,ACH Wire,Yes,Standard operational vendor invoice verified against goods received.
AP-INV-11361,VND-1030,PO-51361,2025-08-19,2025-10-03,2025-09-30,CC-300,11105.5,11105.5,0.0,Paid,EMP-105,Corporate Card,Yes,Standard operational vendor invoice verified against goods received.
AP-INV-11362,VND-1029,PO-51362,2025-08-19,2025-09-18,2025-09-17,CC-500,1214.52,1214.52,0.0,Paid,EMP-102,Corporate Card,Yes,Standard operational vendor invoice verified against goods received.
AP-INV-11363,VND-1028,PO-51363,2025-08-19,2025-09-18,2025-09-03,CC-700,4539.4,4539.4,0.0,Paid,EMP-102,EFT,Yes,Standard operational vendor invoice verified against goods received.
AP-INV-11364,VND-1006,PO-51364,2025-08-20,2025-10-19,2025-09-06,CC-200,4643.15,4643.15,0.0,Paid,EMP-102,Corporate Card,Yes,Standard operational vendor invoice verified against goods received.
AP-INV-11365,VND-1037,PO-51365,2025-08-20,2025-09-04,2025-09-12,CC-400,6094.19,6094.19,0.0,Paid,EMP-104,Check,Yes,Standard operational vendor invoice verified against goods received.
AP-INV-11366,VND-1033,PO-51366,2025-08-20,2025-10-19,2025-09-14,CC-500,784.8,784.8,0.0,Paid,EMP-118,EFT,Yes,Standard operational vendor invoice verified against goods received.
AP-INV-11369,VND-1047,PO-51369,2025-08-21,2025-10-20,2025-09-28,CC-700,1041.29,1041.29,0.0,Paid,EMP-104,EFT,Yes,Standard operational vendor invoice verified against goods received.
AP-INV-11368,VND-1046,PO-51368,2025-08-21,2025-10-20,2025-09-05,CC-700,10937.64,10937.64,0.0,Paid,EMP-118,ACH Wire,Yes,Standard operational vendor invoice verified against goods received.
AP-INV-11367,VND-1001,PO-51367,2025-08-21,2025-10-05,2025-10-14,CC-600,5811.74,5811.74,0.0,Paid,EMP-105,ACH Wire,Yes,Standard operational vendor invoice verified against goods received.
AP-INV-11371,VND-1026,PO-51371,2025-08-22,2025-09-21,2025-09-08,CC-200,16143.8,16143.8,0.0,Paid,EMP-105,ACH Wire,Yes,Standard operational vendor invoice verified against goods received.
AP-INV-11370,VND-1009,PO-51370,2025-08-22,2025-09-21,2025-09-04,CC-500,1370.44,1370.44,0.0,Paid,EMP-118,Check,Yes,Standard operational vendor invoice verified against goods received.
AP-INV-11372,VND-1008,PO-51372,2025-08-23,2025-09-22,2025-10-02,CC-300,1048.39,1048.39,0.0,Paid,EMP-105,Corporate Card,Yes,Standard operational vendor invoice verified against goods received.
AP-INV-11373,VND-1014,PO-51373,2025-08-23,2025-10-22,2025-10-22,CC-100,8820.55,8820.55,0.0,Paid,EMP-104,Corporate Card,Yes,Standard operational vendor invoice verified against goods received.
AP-INV-11374,VND-1045,PO-51374,2025-08-23,2025-09-07,2025-09-16,CC-500,3200.19,3200.19,0.0,Paid,EMP-118,EFT,Yes,Standard operational vendor invoice verified against goods received.
AP-INV-11375,VND-1043,PO-51375,2025-08-24,2025-09-23,2025-09-22,CC-400,1427.99,1427.99,0.0,Paid,EMP-105,EFT,Yes,Standard operational vendor invoice verified against goods received.
AP-INV-11376,VND-1001,PO-51376,2025-08-24,2025-09-23,2025-09-28,CC-300,9357.03,9357.03,0.0,Paid,EMP-105,EFT,Yes,Standard operational vendor invoice verified against goods received.
AP-INV-11377,VND-1033,PO-51377,2025-08-25,2025-09-09,2025-09-20,CC-200,2802.02,2802.02,0.0,Paid,EMP-104,Check,Yes,Standard operational vendor invoice verified against goods received.
AP-INV-11378,VND-1033,PO-51378,2025-08-26,2025-09-25,2025-09-21,CC-100,3404.53,3404.53,0.0,Paid,EMP-104,Check,Yes,Standard operational vendor invoice verified against goods received.
AP-INV-11379,VND-1021,PO-51379,2025-08-27,2025-10-11,2025-09-17,CC-300,2152.9,2152.9,0.0,Paid,EMP-105,EFT,Yes,Standard operational vendor invoice verified against goods received.
AP-INV-11380,VND-1030,PO-51380,2025-08-27,2025-10-11,2025-09-16,CC-600,4194.7,4194.7,0.0,Paid,EMP-104,Corporate Card,Yes,Standard operational vendor invoice verified against goods received.
AP-INV-11382,VND-1003,PO-51382,2025-08-28,2025-10-12,2025-10-03,CC-200,2382.32,2382.32,0.0,Paid,EMP-105,EFT,Yes,Standard operational vendor invoice verified against goods received.
AP-INV-11383,VND-1011,PO-51383,2025-08-28,2025-09-27,2025-10-07,CC-600,15842.21,15842.21,0.0,Paid,EMP-105,EFT,Yes,Standard operational vendor invoice verified against goods received.
AP-INV-11381,VND-1001,PO-51381,2025-08-28,2025-09-27,2025-09-14,CC-300,953.51,953.51,0.0,Paid,EMP-104,Corporate Card,Yes,Standard operational vendor invoice verified against goods received.
AP-INV-11384,VND-1037,PO-51384,2025-08-29,2025-09-28,2025-09-28,CC-400,1493.64,1493.64,0.0,Paid,EMP-118,Check,Yes,Standard operational vendor invoice verified against goods received.
AP-INV-11385,VND-1009,PO-51385,2025-08-29,2025-09-13,2025-09-08,CC-100,4961.66,4862.43,99.23,Paid,EMP-105,EFT,Yes,Standard operational vendor invoice verified against goods received.
AP-INV-11386,VND-1017,PO-51386,2025-08-30,2025-09-29,2025-10-06,CC-100,1919.96,1919.96,0.0,Paid,EMP-102,Check,Yes,Standard operational vendor invoice verified against goods received.
AP-INV-11388,VND-1017,PO-51388,2025-08-30,2025-09-29,2025-10-11,CC-500,781.2,781.2,0.0,Paid,EMP-104,ACH Wire,Yes,Standard operational vendor invoice verified against goods received.
AP-INV-11387,VND-1032,PO-51387,2025-08-30,2025-09-29,2025-10-10,CC-300,6832.01,6832.01,0.0,Paid,EMP-102,Check,Yes,Standard operational vendor invoice verified against goods received.
AP-INV-11389,VND-1008,PO-51389,2025-08-31,2025-09-30,2025-09-25,CC-700,15902.75,15902.75,0.0,Paid,EMP-118,ACH Wire,Yes,Standard operational vendor invoice verified against goods received.
AP-INV-11390,VND-1032,PO-51390,2025-08-31,2025-09-15,2025-09-26,CC-600,2871.38,2871.38,0.0,Paid,EMP-104,ACH Wire,Yes,Standard operational vendor invoice verified against goods received.
AP-INV-11394,VND-1028,PO-51394,2025-09-01,2025-10-01,2025-09-25,CC-500,3450.74,3450.74,0.0,Paid,EMP-104,Corporate Card,Yes,Standard operational vendor invoice verified against goods received.
AP-INV-11391,VND-1040,PO-51391,2025-09-01,2025-10-01,2025-09-25,CC-600,1361.64,1361.64,0.0,Paid,EMP-102,ACH Wire,Yes,Standard operational vendor invoice verified against goods received.
AP-INV-11392,VND-1027,PO-51392,2025-09-01,2025-10-01,2025-09-23,CC-100,493.52,493.52,0.0,Paid,EMP-104,Check,Yes,Standard operational vendor invoice verified against goods received.
AP-INV-11393,VND-1002,PO-51393,2025-09-01,2025-10-01,2025-09-16,CC-500,987.17,987.17,0.0,Paid,EMP-102,Check,Yes,Standard operational vendor invoice verified against goods received.
AP-INV-11396,VND-1008,PO-51396,2025-09-02,2025-10-02,2025-09-29,CC-300,8094.34,8094.34,0.0,Paid,EMP-105,Check,Yes,Standard operational vendor invoice verified against goods received.
AP-INV-11395,VND-1004,PO-51395,2025-09-02,2025-10-17,2025-10-23,CC-500,1999.43,1999.43,0.0,Paid,EMP-102,Corporate Card,Yes,Standard operational vendor invoice verified against goods received.
AP-INV-11397,VND-1004,PO-51397,2025-09-03,2025-09-18,2025-09-13,CC-200,2686.55,2632.82,53.73,Paid,EMP-105,ACH Wire,Yes,Standard operational vendor invoice verified against goods received.
AP-INV-11398,VND-1020,PO-51398,2025-09-03,2025-10-03,2025-09-19,CC-400,1436.86,1436.86,0.0,Paid,EMP-118,ACH Wire,Yes,Standard operational vendor invoice verified against goods received.
AP-INV-11399,VND-1033,PO-51399,2025-09-04,2025-10-04,2025-10-03,CC-300,4470.45,4470.45,0.0,Paid,EMP-102,EFT,Yes,Standard operational vendor invoice verified against goods received.
AP-INV-11400,VND-1046,PO-51400,2025-09-04,2025-11-03,2025-09-30,CC-100,5670.7,5670.7,0.0,Paid,EMP-105,Corporate Card,Yes,Standard operational vendor invoice verified against goods received.
AP-INV-11402,VND-1014,PO-51402,2025-09-05,2025-10-20,2025-09-20,CC-500,975.59,975.59,0.0,Paid,EMP-102,ACH Wire,Yes,Standard operational vendor invoice verified against goods received.
AP-INV-11403,VND-1044,PO-51403,2025-09-05,2025-11-04,2025-09-30,CC-600,318.12,318.12,0.0,Paid,EMP-102,ACH Wire,Yes,Standard operational vendor invoice verified against goods received.
AP-INV-11401,VND-1025,PO-51401,2025-09-05,2025-11-04,2025-11-01,CC-600,972.47,972.47,0.0,Paid,EMP-104,Corporate Card,Yes,Standard operational vendor invoice verified against goods received.
AP-INV-11404,VND-1030,PO-51404,2025-09-06,2025-09-21,2025-10-03,CC-100,6149.99,6149.99,0.0,Paid,EMP-105,Corporate Card,Yes,Standard operational vendor invoice verified against goods received.
AP-INV-11405,VND-1013,PO-51405,2025-09-07,2025-10-07,2025-09-19,CC-500,5055.28,5055.28,0.0,Paid,EMP-104,ACH Wire,Yes,Standard operational vendor invoice verified against goods received.
AP-INV-11406,VND-1028,PO-51406,2025-09-07,2025-10-07,2025-10-22,CC-500,3046.44,3046.44,0.0,Paid,EMP-105,Corporate Card,Yes,Standard operational vendor invoice verified against goods received.
AP-INV-11407,VND-1030,PO-51407,2025-09-07,2025-09-22,2025-09-30,CC-600,8515.47,8515.47,0.0,Paid,EMP-102,Check,Yes,Standard operational vendor invoice verified against goods received.
AP-INV-11408,VND-1034,PO-51408,2025-09-08,2025-09-23,2025-09-23,CC-700,7521.89,7521.89,0.0,Paid,EMP-105,ACH Wire,Yes,Standard operational vendor invoice verified against goods received.
AP-INV-11409,VND-1020,PO-51409,2025-09-08,2025-11-07,2025-09-25,CC-100,4111.49,4111.49,0.0,Paid,EMP-104,Check,Yes,Standard operational vendor invoice verified against goods received.
AP-INV-11411,VND-1034,PO-51411,2025-09-09,2025-11-08,2025-11-07,CC-400,1187.12,1187.12,0.0,Paid,EMP-118,Corporate Card,Yes,Standard operational vendor invoice verified against goods received.
AP-INV-11410,VND-1036,PO-51410,2025-09-09,2025-11-08,2025-09-28,CC-700,9271.55,9271.55,0.0,Paid,EMP-104,Check,Yes,Standard operational vendor invoice verified against goods received.
AP-INV-11412,VND-1001,PO-51412,2025-09-10,2025-11-09,2025-10-17,CC-200,684.12,684.12,0.0,Paid,EMP-102,Check,Yes,Standard operational vendor invoice verified against goods received.
AP-INV-11413,VND-1034,PO-51413,2025-09-10,2025-11-09,2025-10-23,CC-600,1564.66,1564.66,0.0,Paid,EMP-105,ACH Wire,Yes,Standard operational vendor invoice verified against goods received.
AP-INV-11414,VND-1019,PO-51414,2025-09-11,2025-09-26,2025-09-26,CC-500,414.51,414.51,0.0,Paid,EMP-104,EFT,Yes,Standard operational vendor invoice verified against goods received.
AP-INV-11415,VND-1036,PO-51415,2025-09-11,2025-10-11,2025-09-23,CC-200,3558.81,3558.81,0.0,Paid,EMP-104,Corporate Card,Yes,Standard operational vendor invoice verified against goods received.
AP-INV-11416,VND-1019,PO-51416,2025-09-12,2025-09-27,2025-10-12,CC-700,12562.72,12562.72,0.0,Paid,EMP-104,ACH Wire,Yes,Standard operational vendor invoice verified against goods received.
AP-INV-11417,VND-1036,PO-51417,2025-09-12,2025-09-27,2025-10-12,CC-100,330.62,330.62,0.0,Paid,EMP-105,Corporate Card,Yes,Standard operational vendor invoice verified against goods received.
AP-INV-11418,VND-1022,PO-51418,2025-09-12,2025-11-11,2025-10-25,CC-100,736.05,736.05,0.0,Paid,EMP-104,Check,Yes,Standard operational vendor invoice verified against goods received.
AP-INV-11419,VND-1043,PO-51419,2025-09-12,2025-10-12,2025-09-25,CC-300,2858.29,2858.29,0.0,Paid,EMP-102,Corporate Card,Yes,Standard operational vendor invoice verified against goods received.
AP-INV-11420,VND-1019,PO-51420,2025-09-13,2025-10-13,2025-09-24,CC-200,12372.94,12372.94,0.0,Paid,EMP-102,Check,Yes,Standard operational vendor invoice verified against goods received.
AP-INV-11421,VND-1045,PO-51421,2025-09-13,2025-11-12,2025-10-19,CC-300,1860.12,1860.12,0.0,Paid,EMP-118,ACH Wire,Yes,Standard operational vendor invoice verified against goods received.
AP-INV-11423,VND-1050,PO-51423,2025-09-14,2025-10-29,2025-10-17,CC-600,341.08,341.08,0.0,Paid,EMP-104,Check,Yes,Standard operational vendor invoice verified against goods received.
AP-INV-11422,VND-1014,PO-51422,2025-09-14,2025-10-29,2025-10-03,CC-500,3334.75,3334.75,0.0,Paid,EMP-118,ACH Wire,Yes,Standard operational vendor invoice verified against goods received.
AP-INV-11424,VND-1012,PO-51424,2025-09-15,2025-10-15,2025-10-06,CC-400,872.57,872.57,0.0,Paid,EMP-104,Check,Yes,Standard operational vendor invoice verified against goods received.
AP-INV-11426,VND-1012,PO-51426,2025-09-16,2025-10-31,2025-11-08,CC-700,15251.12,15251.12,0.0,Paid,EMP-104,EFT,Yes,Standard operational vendor invoice verified against goods received.
AP-INV-11427,VND-1010,PO-51427,2025-09-16,2025-10-31,2025-10-11,CC-100,172.29,172.29,0.0,Paid,EMP-118,Check,Yes,Standard operational vendor invoice verified against goods received.
AP-INV-11428,VND-1007,PO-51428,2025-09-16,2025-11-15,2025-10-13,CC-600,13796.88,13796.88,0.0,Paid,EMP-102,EFT,Yes,Standard operational vendor invoice verified against goods received.
AP-INV-11425,VND-1012,PO-51425,2025-09-16,2025-10-16,2025-09-27,CC-600,19566.38,19566.38,0.0,Paid,EMP-105,ACH Wire,Yes,Standard operational vendor invoice verified against goods received.
AP-INV-11429,VND-1002,PO-51429,2025-09-17,2025-10-02,2025-10-17,CC-100,4736.44,4736.44,0.0,Paid,EMP-102,ACH Wire,Yes,Standard operational vendor invoice verified against goods received.
AP-INV-11430,VND-1017,PO-51430,2025-09-17,2025-10-02,2025-10-05,CC-700,9259.51,9259.51,0.0,Paid,EMP-104,EFT,Yes,Standard operational vendor invoice verified against goods received.
AP-INV-11431,VND-1001,PO-51431,2025-09-18,2025-10-03,2025-10-15,CC-700,2879.22,2879.22,0.0,Paid,EMP-105,EFT,Yes,Standard operational vendor invoice verified against goods received.
AP-INV-99401,VND-1015,PO-51720,2025-09-18,2025-10-18,2025-10-13,CC-500,31200.0,31200.0,0.0,Paid,EMP-118,ACH Wire,Yes,Heavy freight logistics delivery across Western distribution hubs.
AP-INV-11432,VND-1013,PO-51432,2025-09-18,2025-11-02,2025-11-15,CC-200,3411.76,3411.76,0.0,Paid,EMP-118,ACH Wire,Yes,Standard operational vendor invoice verified against goods received.
AP-INV-11433,VND-1021,PO-51433,2025-09-18,2025-11-02,2025-10-07,CC-300,3169.88,3169.88,0.0,Paid,EMP-104,EFT,Yes,Standard operational vendor invoice verified against goods received.
AP-INV-11434,VND-1019,PO-51434,2025-09-19,2025-11-18,2025-10-14,CC-600,5096.42,5096.42,0.0,Paid,EMP-102,EFT,Yes,Standard operational vendor invoice verified against goods received.
AP-INV-11435,VND-1007,PO-51435,2025-09-19,2025-10-19,2025-10-05,CC-500,826.88,826.88,0.0,Paid,EMP-118,ACH Wire,Yes,Standard operational vendor invoice verified against goods received.
AP-INV-11436,VND-1016,PO-51436,2025-09-20,2025-10-20,2025-10-27,CC-100,286.94,286.94,0.0,Paid,EMP-118,ACH Wire,Yes,Standard operational vendor invoice verified against goods received.
AP-INV-11437,VND-1020,PO-51437,2025-09-21,2025-11-05,2025-11-13,CC-200,1806.31,1806.31,0.0,Paid,EMP-102,Check,Yes,Standard operational vendor invoice verified against goods received.
AP-INV-11438,VND-1011,PO-51438,2025-09-21,2025-10-21,2025-10-07,CC-100,5638.64,5638.64,0.0,Paid,EMP-105,Corporate Card,Yes,Standard operational vendor invoice verified against goods received.
AP-INV-11439,VND-1023,PO-51439,2025-09-22,2025-10-22,2025-10-07,CC-100,1164.58,1164.58,0.0,Paid,EMP-102,ACH Wire,Yes,Standard operational vendor invoice verified against goods received.
AP-INV-11440,VND-1035,PO-51440,2025-09-23,2025-11-22,2025-10-26,CC-300,5186.03,5186.03,0.0,Paid,EMP-118,ACH Wire,Yes,Standard operational vendor invoice verified against goods received.
AP-INV-11441,VND-1047,PO-51441,2025-09-24,2025-11-23,2025-11-09,CC-300,15916.34,15916.34,0.0,Paid,EMP-105,EFT,Yes,Standard operational vendor invoice verified against goods received.
AP-INV-11442,VND-1019,PO-51442,2025-09-24,2025-10-24,2025-10-20,CC-400,593.73,593.73,0.0,Paid,EMP-102,EFT,Yes,Standard operational vendor invoice verified against goods received.
AP-INV-11443,VND-1010,PO-51443,2025-09-24,2025-10-24,2025-10-24,CC-700,5174.61,5174.61,0.0,Paid,EMP-104,Check,Yes,Standard operational vendor invoice verified against goods received.
AP-INV-11725,VND-1038,NONE-EMERGENCY,2025-09-25,2025-09-26,2025-09-27,CC-500,19402.24,19402.24,0.0,Paid,EMP-118,ACH Wire,No,Executive supply chain optimization & strategic restructuring advisory retainer.
AP-INV-11445,VND-1010,PO-51445,2025-09-25,2025-10-25,2025-10-13,CC-100,9267.14,9267.14,0.0,Paid,EMP-104,Check,Yes,Standard operational vendor invoice verified against goods received.
AP-INV-11444,VND-1032,PO-51444,2025-09-25,2025-10-10,2025-10-08,CC-700,2789.42,2789.42,0.0,Paid,EMP-118,Corporate Card,Yes,Standard operational vendor invoice verified against goods received.
AP-INV-11446,VND-1033,PO-51446,2025-09-26,2025-11-10,2025-11-19,CC-400,1027.41,1027.41,0.0,Paid,EMP-118,Corporate Card,Yes,Standard operational vendor invoice verified against goods received.
AP-INV-11447,VND-1009,PO-51447,2025-09-26,2025-10-26,2025-10-30,CC-700,5458.6,5458.6,0.0,Paid,EMP-118,Check,Yes,Standard operational vendor invoice verified against goods received.
AP-INV-11448,VND-1033,PO-51448,2025-09-27,2025-11-26,2025-11-05,CC-500,8343.92,8343.92,0.0,Paid,EMP-118,EFT,Yes,Standard operational vendor invoice verified against goods received.
AP-INV-11449,VND-1040,PO-51449,2025-09-27,2025-11-11,2025-11-09,CC-600,13170.45,13170.45,0.0,Paid,EMP-104,EFT,Yes,Standard operational vendor invoice verified against goods received.
AP-INV-11450,VND-1001,PO-51450,2025-09-28,2025-10-13,2025-10-19,CC-200,5323.36,5323.36,0.0,Paid,EMP-118,ACH Wire,Yes,Standard operational vendor invoice verified against goods received.
AP-INV-11451,VND-1008,PO-51451,2025-09-28,2025-10-28,2025-10-31,CC-100,3243.81,3243.81,0.0,Paid,EMP-104,Corporate Card,Yes,Standard operational vendor invoice verified against goods received.
AP-INV-11452,VND-1037,PO-51452,2025-09-29,2025-10-29,2025-10-22,CC-400,4478.71,4478.71,0.0,Paid,EMP-104,EFT,Yes,Standard operational vendor invoice verified against goods received.
AP-INV-11453,VND-1009,PO-51453,2025-09-29,2025-10-29,2025-11-02,CC-100,9293.25,9293.25,0.0,Paid,EMP-102,Check,Yes,Standard operational vendor invoice verified against goods received.
AP-INV-11454,VND-1048,PO-51454,2025-09-30,2025-11-29,2025-10-19,CC-100,3954.25,3954.25,0.0,Paid,EMP-118,ACH Wire,Yes,Standard operational vendor invoice verified against goods received.
AP-INV-11455,VND-1002,PO-51455,2025-09-30,2025-10-30,2025-10-19,CC-200,288.86,288.86,0.0,Paid,EMP-102,ACH Wire,Yes,Standard operational vendor invoice verified against goods received.
AP-INV-11456,VND-1039,PO-51456,2025-10-01,2025-11-15,2025-10-20,CC-700,12178.07,12178.07,0.0,Paid,EMP-104,Check,Yes,Standard operational vendor invoice verified against goods received.
AP-INV-99401-1,VND-1015,PO-51721,2025-10-02,2025-11-01,2025-10-22,CC-500,31200.0,31200.0,0.0,Paid,EMP-118,Check,No,Duplicate freight billing - processed on alternative payment cycle.
AP-INV-11458,VND-1030,PO-51458,2025-10-02,2025-10-17,2025-10-21,CC-700,5228.69,5228.69,0.0,Paid,EMP-102,ACH Wire,Yes,Standard operational vendor invoice verified against goods received.
AP-INV-11459,VND-1004,PO-51459,2025-10-02,2025-10-17,2025-10-31,CC-600,1243.19,1243.19,0.0,Paid,EMP-104,ACH Wire,Yes,Standard operational vendor invoice verified against goods received.
AP-INV-11457,VND-1035,PO-51457,2025-10-02,2025-11-01,2025-11-11,CC-600,5413.46,5413.46,0.0,Paid,EMP-118,Corporate Card,Yes,Standard operational vendor invoice verified against goods received.
AP-INV-11460,VND-1029,PO-51460,2025-10-03,2025-11-17,2025-11-17,CC-600,4989.92,4989.92,0.0,Paid,EMP-105,Corporate Card,Yes,Standard operational vendor invoice verified against goods received.
AP-INV-11463,VND-1012,PO-51463,2025-10-04,2025-12-03,2025-10-23,CC-700,657.21,657.21,0.0,Paid,EMP-118,Check,Yes,Standard operational vendor invoice verified against goods received.
AP-INV-11462,VND-1014,PO-51462,2025-10-04,2025-12-03,2025-10-21,CC-400,4890.08,4890.08,0.0,Paid,EMP-104,Check,Yes,Standard operational vendor invoice verified against goods received.
AP-INV-11461,VND-1029,PO-51461,2025-10-04,2025-11-03,2025-10-19,CC-200,2402.93,2402.93,0.0,Paid,EMP-118,ACH Wire,Yes,Standard operational vendor invoice verified against goods received.
AP-INV-11465,VND-1045,PO-51465,2025-10-05,2025-11-04,2025-11-01,CC-400,33637.75,33637.75,0.0,Paid,EMP-102,EFT,Yes,Standard operational vendor invoice verified against goods received.
AP-INV-11464,VND-1045,PO-51464,2025-10-05,2025-11-19,2025-10-25,CC-400,4976.22,4976.22,0.0,Paid,EMP-102,Corporate Card,Yes,Standard operational vendor invoice verified against goods received.
AP-INV-11466,VND-1041,PO-51466,2025-10-06,2025-11-05,2025-10-17,CC-700,372.36,372.36,0.0,Paid,EMP-104,Corporate Card,Yes,Standard operational vendor invoice verified against goods received.
AP-INV-11467,VND-1007,PO-51467,2025-10-07,2025-11-06,2025-10-17,CC-100,17159.38,17159.38,0.0,Paid,EMP-105,ACH Wire,Yes,Standard operational vendor invoice verified against goods received.
AP-INV-11469,VND-1039,PO-51469,2025-10-08,2025-11-22,2025-10-20,CC-700,9357.15,9357.15,0.0,Paid,EMP-102,Corporate Card,Yes,Standard operational vendor invoice verified against goods received.
AP-INV-11468,VND-1044,PO-51468,2025-10-08,2025-11-07,2025-11-04,CC-100,2500.83,2500.83,0.0,Paid,EMP-102,EFT,Yes,Standard operational vendor invoice verified against goods received.
AP-INV-11470,VND-1021,PO-51470,2025-10-09,2025-11-08,2025-11-06,CC-100,7012.64,7012.64,0.0,Paid,EMP-118,ACH Wire,Yes,Standard operational vendor invoice verified against goods received.
AP-INV-11472,VND-1028,PO-51472,2025-10-10,2025-12-09,2025-11-01,CC-600,6185.07,6185.07,0.0,Paid,EMP-104,EFT,Yes,Standard operational vendor invoice verified against goods received.
AP-INV-11471,VND-1027,PO-51471,2025-10-10,2025-11-09,2025-10-28,CC-600,3916.75,3916.75,0.0,Paid,EMP-102,Corporate Card,Yes,Standard operational vendor invoice verified against goods received.
AP-INV-11473,VND-1026,PO-51473,2025-10-11,2025-12-10,2025-10-25,CC-400,9635.86,9635.86,0.0,Paid,EMP-105,ACH Wire,Yes,Standard operational vendor invoice verified against goods received.
AP-INV-11474,VND-1010,PO-51474,2025-10-11,2025-11-25,2025-10-26,CC-600,2479.88,2479.88,0.0,Paid,EMP-102,ACH Wire,Yes,Standard operational vendor invoice verified against goods received.
AP-INV-11475,VND-1047,PO-51475,2025-10-12,2025-11-11,2025-11-01,CC-600,1932.27,1932.27,0.0,Paid,EMP-105,Check,Yes,Standard operational vendor invoice verified against goods received.
AP-INV-11476,VND-1009,PO-51476,2025-10-12,2025-11-11,2025-11-14,CC-300,5106.28,5106.28,0.0,Paid,EMP-118,EFT,Yes,Standard operational vendor invoice verified against goods received.
AP-INV-11477,VND-1049,PO-51477,2025-10-12,2025-11-26,2025-11-06,CC-700,7572.56,7572.56,0.0,Paid,EMP-104,EFT,Yes,Standard operational vendor invoice verified against goods received.
AP-INV-11481,VND-1039,PO-51481,2025-10-13,2025-11-12,2025-10-28,CC-300,7812.77,7812.77,0.0,Paid,EMP-102,ACH Wire,Yes,Standard operational vendor invoice verified against goods received.
AP-INV-11480,VND-1022,PO-51480,2025-10-13,2025-11-12,2025-11-02,CC-200,2723.83,2723.83,0.0,Paid,EMP-102,Corporate Card,Yes,Standard operational vendor invoice verified against goods received.
AP-INV-11479,VND-1021,PO-51479,2025-10-13,2025-10-28,2025-11-07,CC-500,7343.54,7343.54,0.0,Paid,EMP-102,Check,Yes,Standard operational vendor invoice verified against goods received.
AP-INV-11478,VND-1039,PO-51478,2025-10-13,2025-11-27,2025-10-29,CC-600,6615.08,6615.08,0.0,Paid,EMP-102,ACH Wire,Yes,Standard operational vendor invoice verified against goods received.
AP-INV-11482,VND-1031,PO-51482,2025-10-14,2025-11-28,2025-11-09,CC-300,726.32,726.32,0.0,Paid,EMP-118,ACH Wire,Yes,Standard operational vendor invoice verified against goods received.
AP-INV-11484,VND-1027,PO-51484,2025-10-14,2025-12-13,2025-11-09,CC-400,175.99,175.99,0.0,Paid,EMP-118,Corporate Card,Yes,Standard operational vendor invoice verified against goods received.
AP-INV-11483,VND-1008,PO-51483,2025-10-14,2025-11-28,2025-10-26,CC-500,3688.51,3688.51,0.0,Paid,EMP-105,Corporate Card,Yes,Standard operational vendor invoice verified against goods received.
AP-INV-11486,VND-1018,PO-51486,2025-10-15,2025-10-30,2025-11-13,CC-600,2203.96,2203.96,0.0,Paid,EMP-102,ACH Wire,Yes,Standard operational vendor invoice verified against goods received.
AP-INV-11485,VND-1043,PO-51485,2025-10-15,2025-11-14,2025-10-30,CC-300,1915.93,1915.93,0.0,Paid,EMP-118,Check,Yes,Standard operational vendor invoice verified against goods received.
AP-INV-11487,VND-1037,PO-51487,2025-10-16,2025-11-15,2025-11-01,CC-100,2420.1,2420.1,0.0,Paid,EMP-105,Check,Yes,Standard operational vendor invoice verified against goods received.
AP-INV-11489,VND-1031,PO-51489,2025-10-16,2025-10-31,2025-11-06,CC-600,2363.71,2363.71,0.0,Paid,EMP-118,Check,Yes,Standard operational vendor invoice verified against goods received.
AP-INV-11488,VND-1011,PO-51488,2025-10-16,2025-11-30,2025-10-30,CC-500,5500.39,5500.39,0.0,Paid,EMP-104,Check,Yes,Standard operational vendor invoice verified against goods received.
AP-INV-11490,VND-1031,PO-51490,2025-10-17,2025-11-01,2025-11-01,CC-100,2829.59,2829.59,0.0,Paid,EMP-102,Check,Yes,Standard operational vendor invoice verified against goods received.
AP-INV-11491,VND-1029,PO-51491,2025-10-17,2025-12-01,2025-11-17,CC-200,1370.45,1370.45,0.0,Paid,EMP-102,Corporate Card,Yes,Standard operational vendor invoice verified against goods received.
AP-INV-11492,VND-1023,PO-51492,2025-10-17,2025-12-01,2025-11-09,CC-500,2252.45,2252.45,0.0,Paid,EMP-118,EFT,Yes,Standard operational vendor invoice verified against goods received.
AP-INV-11493,VND-1003,PO-51493,2025-10-18,2025-11-17,2025-11-27,CC-500,1310.21,1310.21,0.0,Paid,EMP-104,ACH Wire,Yes,Standard operational vendor invoice verified against goods received.
AP-INV-11494,VND-1022,PO-51494,2025-10-18,2025-11-02,2025-11-16,CC-500,492.06,492.06,0.0,Paid,EMP-118,EFT,Yes,Standard operational vendor invoice verified against goods received.
AP-INV-11496,VND-1014,PO-51496,2025-10-19,2025-11-03,2025-11-11,CC-700,5114.68,5114.68,0.0,Paid,EMP-105,Corporate Card,Yes,Standard operational vendor invoice verified against goods received.
AP-INV-11495,VND-1025,PO-51495,2025-10-19,2025-12-03,2025-11-28,CC-700,4312.27,4312.27,0.0,Paid,EMP-104,EFT,Yes,Standard operational vendor invoice verified against goods received.
AP-INV-11497,VND-1044,PO-51497,2025-10-19,2025-11-03,2025-11-02,CC-200,4498.1,4498.1,0.0,Paid,EMP-102,Corporate Card,Yes,Standard operational vendor invoice verified against goods received.
AP-INV-11498,VND-1027,PO-51498,2025-10-19,2025-11-18,2025-11-26,CC-100,2952.05,2952.05,0.0,Paid,EMP-118,ACH Wire,Yes,Standard operational vendor invoice verified against goods received.
AP-INV-11499,VND-1018,PO-51499,2025-10-20,2025-11-04,2025-11-01,CC-200,2299.61,2299.61,0.0,Paid,EMP-118,Corporate Card,Yes,Standard operational vendor invoice verified against goods received.
AP-INV-11500,VND-1021,PO-51500,2025-10-20,2025-11-19,2025-11-21,CC-200,9105.96,9105.96,0.0,Paid,EMP-118,Check,Yes,Standard operational vendor invoice verified against goods received.
AP-INV-11501,VND-1032,PO-51501,2025-10-20,2025-11-19,2025-11-26,CC-500,3444.26,3444.26,0.0,Paid,EMP-105,Check,Yes,Standard operational vendor invoice verified against goods received.
AP-INV-11502,VND-1037,PO-51502,2025-10-21,2025-12-20,2025-11-25,CC-700,3085.59,3085.59,0.0,Paid,EMP-102,ACH Wire,Yes,Standard operational vendor invoice verified against goods received.
AP-INV-11503,VND-1022,PO-51503,2025-10-21,2025-11-20,2025-10-31,CC-600,266.89,261.55,5.34,Paid,EMP-118,ACH Wire,Yes,Standard operational vendor invoice verified against goods received.
AP-INV-11504,VND-1033,PO-51504,2025-10-21,2025-11-20,2025-11-07,CC-700,2028.34,2028.34,0.0,Paid,EMP-118,Corporate Card,Yes,Standard operational vendor invoice verified against goods received.
AP-INV-11506,VND-1014,PO-51506,2025-10-22,2025-11-21,2025-11-27,CC-600,2439.89,2439.89,0.0,Paid,EMP-104,Check,Yes,Standard operational vendor invoice verified against goods received.
AP-INV-11505,VND-1001,PO-51505,2025-10-22,2025-11-21,2025-11-29,CC-400,2302.58,2302.58,0.0,Paid,EMP-102,EFT,Yes,Standard operational vendor invoice verified against goods received.
AP-INV-11508,VND-1002,PO-51508,2025-10-23,2025-11-22,2025-12-04,CC-300,3582.23,3582.23,0.0,Paid,EMP-102,Check,Yes,Standard operational vendor invoice verified against goods received.
AP-INV-11507,VND-1014,PO-51507,2025-10-23,2025-12-22,2025-11-03,CC-200,4055.6,4055.6,0.0,Paid,EMP-105,Corporate Card,Yes,Standard operational vendor invoice verified against goods received.
AP-INV-11510,VND-1035,PO-51510,2025-10-24,2025-11-23,2025-11-10,CC-700,6664.53,6664.53,0.0,Paid,EMP-104,Check,Yes,Standard operational vendor invoice verified against goods received.
AP-INV-11509,VND-1031,PO-51509,2025-10-24,2025-12-08,2025-11-25,CC-400,4363.13,4363.13,0.0,Paid,EMP-105,Check,Yes,Standard operational vendor invoice verified against goods received.
AP-INV-11511,VND-1029,PO-51511,2025-10-24,2025-11-23,2025-12-08,CC-300,7694.57,7694.57,0.0,Paid,EMP-104,Check,Yes,Standard operational vendor invoice verified against goods received.
AP-INV-11512,VND-1046,PO-51512,2025-10-25,2025-12-09,2025-12-14,CC-600,5848.28,5848.28,0.0,Paid,EMP-105,EFT,Yes,Standard operational vendor invoice verified against goods received.
AP-INV-11513,VND-1006,PO-51513,2025-10-25,2025-11-09,2025-11-06,CC-700,14157.59,14157.59,0.0,Paid,EMP-102,Check,Yes,Standard operational vendor invoice verified against goods received.
AP-INV-11514,VND-1043,PO-51514,2025-10-26,2025-11-10,2025-11-25,CC-500,232.8,232.8,0.0,Paid,EMP-118,EFT,Yes,Standard operational vendor invoice verified against goods received.
AP-INV-11517,VND-1028,PO-51517,2025-10-27,2025-12-11,2025-11-06,CC-700,4841.85,4841.85,0.0,Paid,EMP-104,Corporate Card,Yes,Standard operational vendor invoice verified against goods received.
AP-INV-11515,VND-1028,PO-51515,2025-10-27,2025-11-26,2025-12-05,CC-200,1130.46,1130.46,0.0,Paid,EMP-118,EFT,Yes,Standard operational vendor invoice verified against goods received.
AP-INV-11516,VND-1013,PO-51516,2025-10-27,2025-12-11,2025-11-13,CC-700,184.16,184.16,0.0,Paid,EMP-105,Check,Yes,Standard operational vendor invoice verified against goods received.
AP-INV-11519,VND-1028,PO-51519,2025-10-28,2025-11-12,2025-11-07,CC-100,1405.63,1377.52,28.11,Paid,EMP-105,Corporate Card,Yes,Standard operational vendor invoice verified against goods received.
AP-INV-11518,VND-1046,PO-51518,2025-10-28,2025-11-27,2025-12-03,CC-300,10423.87,10423.87,0.0,Paid,EMP-104,EFT,Yes,Standard operational vendor invoice verified against goods received.
AP-INV-11520,VND-1039,PO-51520,2025-10-29,2025-11-28,2025-12-13,CC-400,11929.96,11929.96,0.0,Paid,EMP-118,ACH Wire,Yes,Standard operational vendor invoice verified against goods received.
AP-INV-11521,VND-1043,PO-51521,2025-10-29,2025-12-13,2025-11-11,CC-600,429.72,429.72,0.0,Paid,EMP-118,ACH Wire,Yes,Standard operational vendor invoice verified against goods received.
AP-INV-11522,VND-1026,PO-51522,2025-10-30,2025-11-29,2025-12-04,CC-600,12411.28,12411.28,0.0,Paid,EMP-105,ACH Wire,Yes,Standard operational vendor invoice verified against goods received.
AP-INV-11523,VND-1029,PO-51523,2025-10-30,2025-11-14,2025-11-13,CC-200,2099.77,2099.77,0.0,Paid,EMP-102,Check,Yes,Standard operational vendor invoice verified against goods received.
AP-INV-11524,VND-1044,PO-51524,2025-10-30,2025-12-29,2025-11-29,CC-300,631.23,631.23,0.0,Paid,EMP-105,ACH Wire,Yes,Standard operational vendor invoice verified against goods received.
AP-INV-11525,VND-1006,PO-51525,2025-10-30,2025-11-14,2025-11-22,CC-100,3143.77,3143.77,0.0,Paid,EMP-102,ACH Wire,Yes,Standard operational vendor invoice verified against goods received.
AP-INV-11526,VND-1049,PO-51526,2025-10-31,2025-11-15,2025-11-28,CC-500,1485.41,1485.41,0.0,Paid,EMP-118,EFT,Yes,Standard operational vendor invoice verified against goods received.
AP-INV-11529,VND-1046,PO-51529,2025-11-01,2025-12-01,2025-11-16,CC-100,7461.07,7461.07,0.0,Paid,EMP-104,EFT,Yes,Standard operational vendor invoice verified against goods received.
AP-INV-11528,VND-1021,PO-51528,2025-11-01,2025-12-31,2025-12-12,CC-200,1802.15,1802.15,0.0,Paid,EMP-118,Corporate Card,Yes,Standard operational vendor invoice verified against goods received.
AP-INV-11527,VND-1009,PO-51527,2025-11-01,2025-12-01,2025-11-22,CC-400,1658.83,1658.83,0.0,Paid,EMP-104,ACH Wire,Yes,Standard operational vendor invoice verified against goods received.
AP-INV-11530,VND-1040,PO-51530,2025-11-02,2025-11-17,2025-11-15,CC-700,3636.18,3636.18,0.0,Paid,EMP-118,EFT,Yes,Standard operational vendor invoice verified against goods received.
AP-INV-11531,VND-1007,PO-51531,2025-11-02,2025-12-02,2025-11-28,CC-200,1828.32,1828.32,0.0,Paid,EMP-104,EFT,Yes,Standard operational vendor invoice verified against goods received.
AP-INV-11532,VND-1005,PO-51532,2025-11-02,2025-12-02,2025-11-25,CC-400,4391.09,4391.09,0.0,Paid,EMP-118,EFT,Yes,Standard operational vendor invoice verified against goods received.
AP-INV-11533,VND-1002,PO-51533,2025-11-03,2025-11-18,2025-11-28,CC-400,5816.9,5816.9,0.0,Paid,EMP-102,ACH Wire,Yes,Standard operational vendor invoice verified against goods received.
AP-INV-11534,VND-1047,PO-51534,2025-11-03,2025-12-18,2025-12-03,CC-400,1582.4,1582.4,0.0,Paid,EMP-118,ACH Wire,Yes,Standard operational vendor invoice verified against goods received.
AP-INV-11535,VND-1001,PO-51535,2025-11-04,2026-01-03,2025-11-18,CC-200,2551.5,2551.5,0.0,Paid,EMP-102,Corporate Card,Yes,Standard operational vendor invoice verified against goods received.
AP-INV-11536,VND-1032,PO-51536,2025-11-05,2026-01-04,2025-11-15,CC-500,734.91,720.21,14.7,Paid,EMP-105,EFT,Yes,Standard operational vendor invoice verified against goods received.
AP-INV-11708,VND-1042,PO-51708,2025-11-05,2025-11-20,2025-11-15,CC-300,4913.3,4913.3,0.0,Paid,EMP-103,ACH Wire,No,Expedited cloud analytics consulting modules - approved under departmental limit.
AP-INV-11709,VND-1042,PO-51709,2025-11-05,2025-11-20,2025-11-15,CC-300,4858.4,4858.4,0.0,Paid,EMP-103,ACH Wire,No,Expedited cloud analytics consulting modules - approved under departmental limit.
AP-INV-11539,VND-1022,PO-51539,2025-11-05,2025-12-05,2025-11-20,CC-200,1050.93,1050.93,0.0,Paid,EMP-104,Corporate Card,Yes,Standard operational vendor invoice verified against goods received.
AP-INV-11538,VND-1014,PO-51538,2025-11-05,2025-12-05,2025-11-22,CC-700,5293.2,5293.2,0.0,Paid,EMP-104,EFT,Yes,Standard operational vendor invoice verified against goods received.
AP-INV-11537,VND-1013,PO-51537,2025-11-05,2025-11-20,2025-12-02,CC-500,1049.34,1049.34,0.0,Paid,EMP-102,ACH Wire,Yes,Standard operational vendor invoice verified against goods received.
AP-INV-11540,VND-1013,PO-51540,2025-11-06,2025-12-06,2025-12-21,CC-100,3501.53,3501.53,0.0,Paid,EMP-105,Check,Yes,Standard operational vendor invoice verified against goods received.
AP-INV-11711,VND-1042,PO-51711,2025-11-06,2025-11-21,2025-11-16,CC-300,4935.35,4935.35,0.0,Paid,EMP-103,ACH Wire,No,Expedited cloud analytics consulting modules - approved under departmental limit.
AP-INV-11710,VND-1042,PO-51710,2025-11-06,2025-11-21,2025-11-16,CC-300,4883.64,4883.64,0.0,Paid,EMP-103,ACH Wire,No,Expedited cloud analytics consulting modules - approved under departmental limit.
AP-INV-11541,VND-1033,PO-51541,2025-11-06,2026-01-05,,CC-400,5705.66,0.0,0.0,Open,EMP-104,Corporate Card,Yes,Standard operational vendor invoice verified against goods received.
AP-INV-11542,VND-1047,PO-51542,2025-11-07,2025-12-07,2025-12-12,CC-700,658.64,658.64,0.0,Paid,EMP-102,Corporate Card,Yes,Standard operational vendor invoice verified against goods received.
AP-INV-11543,VND-1014,PO-51543,2025-11-08,2025-12-23,2025-12-15,CC-600,3919.82,3919.82,0.0,Paid,EMP-118,Check,Yes,Standard operational vendor invoice verified against goods received.
AP-INV-11713,VND-1042,PO-51713,2025-11-08,2025-11-23,2025-11-18,CC-300,4958.38,4958.38,0.0,Paid,EMP-103,ACH Wire,No,Expedited cloud analytics consulting modules - approved under departmental limit.
AP-INV-11712,VND-1042,PO-51712,2025-11-08,2025-11-23,2025-11-18,CC-300,4882.93,4882.93,0.0,Paid,EMP-103,ACH Wire,No,Expedited cloud analytics consulting modules - approved under departmental limit.
AP-INV-11544,VND-1019,PO-51544,2025-11-09,2025-12-09,2025-11-25,CC-700,1484.12,1484.12,0.0,Paid,EMP-118,Check,Yes,Standard operational vendor invoice verified against goods received.
AP-INV-11545,VND-1013,PO-51545,2025-11-09,2025-12-09,2025-12-12,CC-500,14976.88,14976.88,0.0,Paid,EMP-102,Check,Yes,Standard operational vendor invoice verified against goods received.
AP-INV-11546,VND-1003,PO-51546,2025-11-10,2025-12-10,2025-12-16,CC-500,3123.46,3123.46,0.0,Paid,EMP-105,Corporate Card,Yes,Standard operational vendor invoice verified against goods received.
AP-INV-11547,VND-1008,PO-51547,2025-11-11,2025-12-11,2025-12-18,CC-200,7529.36,7529.36,0.0,Paid,EMP-104,Corporate Card,Yes,Standard operational vendor invoice verified against goods received.
AP-INV-11548,VND-1017,PO-51548,2025-11-11,2025-12-11,2025-12-14,CC-100,3745.55,3745.55,0.0,Paid,EMP-105,ACH Wire,Yes,Standard operational vendor invoice verified against goods received.
AP-INV-11549,VND-1008,PO-51549,2025-11-12,2025-12-12,2025-11-22,CC-100,349.72,349.72,0.0,Paid,EMP-104,Check,Yes,Standard operational vendor invoice verified against goods received.
AP-INV-11550,VND-1039,PO-51550,2025-11-12,2025-12-12,2025-12-06,CC-700,4662.63,4662.63,0.0,Paid,EMP-102,Check,Yes,Standard operational vendor invoice verified against goods received.
AP-INV-11551,VND-1020,PO-51551,2025-11-12,2025-12-12,2025-12-25,CC-500,13758.9,13758.9,0.0,Paid,EMP-104,EFT,Yes,Standard operational vendor invoice verified against goods received.
AP-INV-11552,VND-1049,PO-51552,2025-11-13,2025-11-28,2025-12-11,CC-500,4291.48,4291.48,0.0,Paid,EMP-118,Check,Yes,Standard operational vendor invoice verified against goods received.
AP-INV-11553,VND-1022,PO-51553,2025-11-13,2025-12-13,2025-12-05,CC-700,7846.36,7846.36,0.0,Paid,EMP-104,EFT,Yes,Standard operational vendor invoice verified against goods received.
AP-INV-11554,VND-1033,PO-51554,2025-11-14,2025-12-14,2025-12-20,CC-100,9851.76,9851.76,0.0,Paid,EMP-102,EFT,Yes,Standard operational vendor invoice verified against goods received.
AP-INV-11555,VND-1030,PO-51555,2025-11-14,2026-01-13,,CC-200,1314.93,0.0,0.0,Open,EMP-118,ACH Wire,Yes,Standard operational vendor invoice verified against goods received.
AP-INV-11556,VND-1039,PO-51556,2025-11-14,2025-12-14,2025-11-25,CC-100,1222.41,1222.41,0.0,Paid,EMP-102,Check,Yes,Standard operational vendor invoice verified against goods received.
AP-INV-11557,VND-1027,PO-51557,2025-11-15,2026-01-14,2025-11-30,CC-100,4398.57,4398.57,0.0,Paid,EMP-105,EFT,Yes,Standard operational vendor invoice verified against goods received.
AP-INV-11558,VND-1005,PO-51558,2025-11-15,2025-11-30,2025-12-08,CC-400,2532.2,2532.2,0.0,Paid,EMP-105,Corporate Card,Yes,Standard operational vendor invoice verified against goods received.
AP-INV-11559,VND-1024,PO-51559,2025-11-16,2025-12-01,2025-12-13,CC-400,8392.72,8392.72,0.0,Paid,EMP-105,Check,Yes,Standard operational vendor invoice verified against goods received.
AP-INV-11560,VND-1043,PO-51560,2025-11-16,2025-12-31,2025-12-15,CC-100,10512.67,10512.67,0.0,Paid,EMP-118,Check,Yes,Standard operational vendor invoice verified against goods received.
AP-INV-11561,VND-1008,PO-51561,2025-11-17,2025-12-17,2025-12-03,CC-700,2112.27,2112.27,0.0,Paid,EMP-102,ACH Wire,Yes,Standard operational vendor invoice verified against goods received.
AP-INV-11562,VND-1004,PO-51562,2025-11-17,2025-12-02,2025-12-01,CC-700,1366.47,1366.47,0.0,Paid,EMP-102,Corporate Card,Yes,Standard operational vendor invoice verified against goods received.
AP-INV-11563,VND-1048,PO-51563,2025-11-17,2026-01-01,2025-12-11,CC-600,6974.34,6974.34,0.0,Paid,EMP-104,EFT,Yes,Standard operational vendor invoice verified against goods received.
AP-INV-11564,VND-1025,PO-51564,2025-11-18,2026-01-17,2025-11-28,CC-700,1595.92,1595.92,0.0,Paid,EMP-102,Corporate Card,Yes,Standard operational vendor invoice verified against goods received.
AP-INV-11567,VND-1009,PO-51567,2025-11-19,2026-01-03,2025-12-06,CC-500,5105.69,5105.69,0.0,Paid,EMP-104,Corporate Card,Yes,Standard operational vendor invoice verified against goods received.
AP-INV-11566,VND-1023,PO-51566,2025-11-19,2026-01-18,,CC-600,2630.37,0.0,0.0,Open,EMP-105,ACH Wire,Yes,Standard operational vendor invoice verified against goods received.
AP-INV-11565,VND-1003,PO-51565,2025-11-19,2025-12-04,2025-12-08,CC-100,7932.43,7932.43,0.0,Paid,EMP-102,Corporate Card,Yes,Standard operational vendor invoice verified against goods received.
AP-INV-11570,VND-1022,PO-51570,2025-11-20,2026-01-04,2025-12-14,CC-700,2854.75,2854.75,0.0,Paid,EMP-102,Corporate Card,Yes,Standard operational vendor invoice verified against goods received.
AP-INV-11568,VND-1040,PO-51568,2025-11-20,2026-01-04,,CC-700,601.85,0.0,0.0,Open,EMP-118,EFT,Yes,Standard operational vendor invoice verified against goods received.
AP-INV-11569,VND-1035,PO-51569,2025-11-20,2025-12-20,2025-12-30,CC-500,4550.06,4550.06,0.0,Paid,EMP-118,Corporate Card,Yes,Standard operational vendor invoice verified against goods received.
AP-INV-11572,VND-1048,PO-51572,2025-11-21,2025-12-06,2025-12-16,CC-100,977.73,977.73,0.0,Paid,EMP-102,ACH Wire,Yes,Standard operational vendor invoice verified against goods received.
AP-INV-11573,VND-1001,PO-51573,2025-11-21,2025-12-21,2025-12-30,CC-600,6158.05,6158.05,0.0,Paid,EMP-118,ACH Wire,Yes,Standard operational vendor invoice verified against goods received.
AP-INV-11571,VND-1049,PO-51571,2025-11-21,2025-12-21,,CC-100,4125.12,0.0,0.0,Overdue,EMP-104,ACH Wire,Yes,Standard operational vendor invoice verified against goods received.
AP-INV-11574,VND-1023,PO-51574,2025-11-22,2026-01-21,,CC-200,9088.32,0.0,0.0,Open,EMP-105,Corporate Card,Yes,Standard operational vendor invoice verified against goods received.
AP-INV-11575,VND-1049,PO-51575,2025-11-22,2025-12-22,,CC-400,1249.31,0.0,0.0,Overdue,EMP-102,ACH Wire,Yes,Standard operational vendor invoice verified against goods received.
AP-INV-11576,VND-1025,PO-51576,2025-11-23,2026-01-07,,CC-400,602.75,0.0,0.0,Open,EMP-104,Check,Yes,Standard operational vendor invoice verified against goods received.
AP-INV-11577,VND-1013,PO-51577,2025-11-23,2025-12-23,2025-12-30,CC-100,257.65,257.65,0.0,Paid,EMP-104,Corporate Card,Yes,Standard operational vendor invoice verified against goods received.
AP-INV-11581,VND-1008,PO-51581,2025-11-24,2025-12-09,2025-12-15,CC-500,1337.53,1337.53,0.0,Paid,EMP-118,ACH Wire,Yes,Standard operational vendor invoice verified against goods received.
AP-INV-11578,VND-1039,PO-51578,2025-11-24,2025-12-09,2025-12-08,CC-600,4772.14,4772.14,0.0,Paid,EMP-118,EFT,Yes,Standard operational vendor invoice verified against goods received.
AP-INV-11579,VND-1008,PO-51579,2025-11-24,2025-12-09,2025-12-18,CC-200,4353.83,4353.83,0.0,Paid,EMP-104,Corporate Card,Yes,Standard operational vendor invoice verified against goods received.
AP-INV-11580,VND-1002,PO-51580,2025-11-24,2026-01-23,,CC-400,3710.38,0.0,0.0,Open,EMP-105,Corporate Card,Yes,Standard operational vendor invoice verified against goods received.
AP-INV-11582,VND-1034,PO-51582,2025-11-25,2026-01-24,,CC-400,2381.02,0.0,0.0,Open,EMP-102,Check,Yes,Standard operational vendor invoice verified against goods received.
AP-INV-11583,VND-1007,PO-51583,2025-11-26,2026-01-10,,CC-100,4211.59,0.0,0.0,Open,EMP-118,ACH Wire,Yes,Standard operational vendor invoice verified against goods received.
AP-INV-11584,VND-1020,PO-51584,2025-11-26,2026-01-10,2025-12-17,CC-200,3240.16,3240.16,0.0,Paid,EMP-105,Check,Yes,Standard operational vendor invoice verified against goods received.
AP-INV-11585,VND-1007,PO-51585,2025-11-27,2025-12-12,2025-12-27,CC-600,19973.1,19973.1,0.0,Paid,EMP-104,EFT,Yes,Standard operational vendor invoice verified against goods received.
AP-INV-11586,VND-1016,PO-51586,2025-11-27,2025-12-12,2025-12-08,CC-100,810.11,810.11,0.0,Paid,EMP-105,ACH Wire,Yes,Standard operational vendor invoice verified against goods received.
AP-INV-11587,VND-1007,PO-51587,2025-11-28,2025-12-28,,CC-300,5495.63,0.0,0.0,Overdue,EMP-118,Check,Yes,Standard operational vendor invoice verified against goods received.
AP-INV-11588,VND-1050,PO-51588,2025-11-29,2025-12-29,,CC-700,2481.22,0.0,0.0,Overdue,EMP-104,ACH Wire,Yes,Standard operational vendor invoice verified against goods received.
AP-INV-11726,VND-1038,NONE-EMERGENCY,2025-11-30,2025-12-01,2025-12-02,CC-500,21938.23,21938.23,0.0,Paid,EMP-118,ACH Wire,No,Executive supply chain optimization & strategic restructuring advisory retainer.
AP-INV-11589,VND-1024,PO-51589,2025-11-30,2025-12-30,2025-12-28,CC-600,2665.34,2665.34,0.0,Paid,EMP-102,EFT,Yes,Standard operational vendor invoice verified against goods received.
AP-INV-11590,VND-1012,PO-51590,2025-11-30,2026-01-29,,CC-500,5839.9,0.0,0.0,Open,EMP-105,ACH Wire,Yes,Standard operational vendor invoice verified against goods received.
AP-INV-11591,VND-1011,PO-51591,2025-11-30,2025-12-15,2025-12-15,CC-300,5455.83,5455.83,0.0,Paid,EMP-104,Corporate Card,Yes,Standard operational vendor invoice verified against goods received.
AP-INV-11594,VND-1032,PO-51594,2025-12-01,2025-12-16,2025-12-26,CC-500,644.72,644.72,0.0,Paid,EMP-104,Check,Yes,Standard operational vendor invoice verified against goods received.
AP-INV-11593,VND-1012,PO-51593,2025-12-01,2025-12-16,2025-12-16,CC-300,768.38,768.38,0.0,Paid,EMP-102,Corporate Card,Yes,Standard operational vendor invoice verified against goods received.
AP-INV-11592,VND-1010,PO-51592,2025-12-01,2026-01-15,,CC-100,21477.24,0.0,0.0,Open,EMP-105,EFT,Yes,Standard operational vendor invoice verified against goods received.
AP-INV-11595,VND-1002,PO-51595,2025-12-02,2026-01-01,2025-12-26,CC-500,5948.62,5948.62,0.0,Paid,EMP-104,ACH Wire,Yes,Standard operational vendor invoice verified against goods received.
AP-INV-11598,VND-1001,PO-51598,2025-12-03,2026-01-02,,CC-700,522.38,0.0,0.0,Open,EMP-105,Check,Yes,Standard operational vendor invoice verified against goods received.
AP-INV-11597,VND-1036,PO-51597,2025-12-03,2026-01-17,2025-12-29,CC-300,1591.92,1591.92,0.0,Paid,EMP-105,Check,Yes,Standard operational vendor invoice verified against goods received.
AP-INV-11596,VND-1007,PO-51596,2025-12-03,2026-01-02,,CC-300,4036.5,0.0,0.0,Open,EMP-118,Corporate Card,Yes,Standard operational vendor invoice verified against goods received.
AP-INV-11599,VND-1047,PO-51599,2025-12-04,2025-12-19,2025-12-18,CC-500,552.98,552.98,0.0,Paid,EMP-118,ACH Wire,Yes,Standard operational vendor invoice verified against goods received.
AP-INV-11600,VND-1010,PO-51600,2025-12-05,2026-01-19,2025-12-16,CC-300,10257.53,10257.53,0.0,Paid,EMP-104,Check,Yes,Standard operational vendor invoice verified against goods received.
AP-INV-11601,VND-1025,PO-51601,2025-12-05,2025-12-20,2025-12-21,CC-200,1108.63,1108.63,0.0,Paid,EMP-118,EFT,Yes,Standard operational vendor invoice verified against goods received.
AP-INV-11602,VND-1019,PO-51602,2025-12-05,2026-02-03,,CC-600,1907.85,0.0,0.0,Open,EMP-104,Corporate Card,Yes,Standard operational vendor invoice verified against goods received.
AP-INV-11603,VND-1024,PO-51603,2025-12-06,2026-01-20,,CC-300,1306.64,0.0,0.0,Open,EMP-118,Corporate Card,Yes,Standard operational vendor invoice verified against goods received.
AP-INV-11604,VND-1021,PO-51604,2025-12-06,2025-12-21,,CC-200,2123.25,0.0,0.0,Overdue,EMP-105,EFT,Yes,Standard operational vendor invoice verified against goods received.
AP-INV-11605,VND-1029,PO-51605,2025-12-06,2026-01-20,,CC-700,473.78,0.0,0.0,Open,EMP-105,Corporate Card,Yes,Standard operational vendor invoice verified against goods received.
AP-INV-11606,VND-1008,PO-51606,2025-12-06,2026-01-20,,CC-100,3444.06,0.0,0.0,Open,EMP-104,Check,Yes,Standard operational vendor invoice verified against goods received.
AP-INV-11607,VND-1035,PO-51607,2025-12-07,2026-02-05,,CC-300,465.03,0.0,0.0,Open,EMP-105,Check,Yes,Standard operational vendor invoice verified against goods received.
AP-INV-11608,VND-1020,PO-51608,2025-12-07,2026-01-06,2025-12-17,CC-100,7400.5,7400.5,0.0,Paid,EMP-104,Corporate Card,Yes,Standard operational vendor invoice verified against goods received.
AP-INV-11609,VND-1040,PO-51609,2025-12-07,2025-12-22,,CC-100,1347.89,0.0,0.0,Overdue,EMP-105,EFT,Yes,Standard operational vendor invoice verified against goods received.
AP-INV-11610,VND-1046,PO-51610,2025-12-08,2025-12-23,2025-12-19,CC-700,3644.5,3644.5,0.0,Paid,EMP-105,ACH Wire,Yes,Standard operational vendor invoice verified against goods received.
AP-INV-11611,VND-1024,PO-51611,2025-12-08,2026-02-06,,CC-300,9694.15,0.0,0.0,Open,EMP-102,Corporate Card,Yes,Standard operational vendor invoice verified against goods received.
AP-INV-11612,VND-1050,PO-51612,2025-12-09,2026-01-23,,CC-200,4885.49,0.0,0.0,Open,EMP-102,Corporate Card,Yes,Standard operational vendor invoice verified against goods received.
AP-INV-11613,VND-1032,PO-51613,2025-12-10,2026-01-09,,CC-300,3576.01,0.0,0.0,Open,EMP-118,Check,Yes,Standard operational vendor invoice verified against goods received.
AP-INV-11614,VND-1007,PO-51614,2025-12-10,2026-01-09,,CC-300,1914.25,0.0,0.0,Open,EMP-104,Check,Yes,Standard operational vendor invoice verified against goods received.
AP-INV-11615,VND-1022,PO-51615,2025-12-11,2026-02-09,,CC-700,1972.36,0.0,0.0,Open,EMP-104,Corporate Card,Yes,Standard operational vendor invoice verified against goods received.
AP-INV-11616,VND-1009,PO-51616,2025-12-11,2026-02-09,,CC-400,5131.99,0.0,0.0,Open,EMP-105,Corporate Card,Yes,Standard operational vendor invoice verified against goods received.
AP-INV-11617,VND-1006,PO-51617,2025-12-11,2026-02-09,,CC-300,23277.74,0.0,0.0,Open,EMP-104,Check,Yes,Standard operational vendor invoice verified against goods received.
AP-INV-11619,VND-1034,PO-51619,2025-12-12,2026-01-11,,CC-600,3821.8,0.0,0.0,Open,EMP-105,Check,Yes,Standard operational vendor invoice verified against goods received.
AP-INV-11618,VND-1029,PO-51618,2025-12-12,2026-01-11,,CC-100,5029.05,0.0,0.0,Open,EMP-118,Corporate Card,Yes,Standard operational vendor invoice verified against goods received.
AP-INV-11620,VND-1031,PO-51620,2025-12-12,2026-01-26,,CC-400,6052.85,0.0,0.0,Open,EMP-102,EFT,Yes,Standard operational vendor invoice verified against goods received.
AP-INV-11621,VND-1028,PO-51621,2025-12-13,2026-01-12,,CC-100,2966.43,0.0,0.0,Open,EMP-104,Corporate Card,Yes,Standard operational vendor invoice verified against goods received.
AP-INV-11622,VND-1009,PO-51622,2025-12-13,2026-02-11,,CC-500,429.12,0.0,0.0,Open,EMP-102,Check,Yes,Standard operational vendor invoice verified against goods received.
AP-INV-11623,VND-1009,PO-51623,2025-12-13,2025-12-28,,CC-400,3867.96,0.0,0.0,Overdue,EMP-118,EFT,Yes,Standard operational vendor invoice verified against goods received.
AP-INV-11624,VND-1006,PO-51624,2025-12-13,2026-01-12,2025-12-29,CC-100,14375.42,14375.42,0.0,Paid,EMP-105,EFT,Yes,Standard operational vendor invoice verified against goods received.
AP-INV-11626,VND-1048,PO-51626,2025-12-14,2026-02-12,,CC-200,5420.39,0.0,0.0,Open,EMP-118,ACH Wire,Yes,Standard operational vendor invoice verified against goods received.
AP-INV-11625,VND-1039,PO-51625,2025-12-14,2026-01-13,2025-12-27,CC-400,1017.33,1017.33,0.0,Paid,EMP-102,EFT,Yes,Standard operational vendor invoice verified against goods received.
AP-INV-11627,VND-1016,PO-51627,2025-12-14,2026-01-13,,CC-600,1159.4,0.0,0.0,Open,EMP-105,EFT,Yes,Standard operational vendor invoice verified against goods received.
AP-INV-11628,VND-1043,PO-51628,2025-12-15,2026-01-14,,CC-600,3603.75,0.0,0.0,Open,EMP-102,EFT,Yes,Standard operational vendor invoice verified against goods received.
AP-INV-11629,VND-1010,PO-51629,2025-12-15,2025-12-30,,CC-500,607.54,0.0,0.0,Overdue,EMP-102,ACH Wire,Yes,Standard operational vendor invoice verified against goods received.
AP-INV-11630,VND-1014,PO-51630,2025-12-15,2026-01-29,2025-12-26,CC-100,2843.3,2843.3,0.0,Paid,EMP-118,Check,Yes,Standard operational vendor invoice verified against goods received.
AP-INV-11631,VND-1008,PO-51631,2025-12-16,2026-01-30,,CC-300,6500.65,0.0,0.0,Open,EMP-104,ACH Wire,Yes,Standard operational vendor invoice verified against goods received.
AP-INV-11634,VND-1011,PO-51634,2025-12-17,2026-02-15,,CC-500,7291.24,0.0,0.0,Open,EMP-118,Check,Yes,Standard operational vendor invoice verified against goods received.
AP-INV-11632,VND-1036,PO-51632,2025-12-17,2026-02-15,,CC-300,2071.74,0.0,0.0,Open,EMP-102,Check,Yes,Standard operational vendor invoice verified against goods received.
AP-INV-11633,VND-1010,PO-51633,2025-12-17,2026-01-01,,CC-600,5070.13,0.0,0.0,Open,EMP-104,ACH Wire,Yes,Standard operational vendor invoice verified against goods received.
AP-INV-11635,VND-1046,PO-51635,2025-12-18,2026-02-16,,CC-100,11938.81,0.0,0.0,Open,EMP-105,Corporate Card,Yes,Standard operational vendor invoice verified against goods received.
AP-INV-11636,VND-1027,PO-51636,2025-12-18,2026-01-02,,CC-400,1353.35,0.0,0.0,Open,EMP-118,Check,Yes,Standard operational vendor invoice verified against goods received.
AP-INV-11637,VND-1020,PO-51637,2025-12-19,2026-01-03,,CC-400,2443.59,0.0,0.0,Open,EMP-118,EFT,Yes,Standard operational vendor invoice verified against goods received.
AP-INV-11638,VND-1003,PO-51638,2025-12-20,2026-02-18,,CC-600,894.14,0.0,0.0,Open,EMP-102,Corporate Card,Yes,Standard operational vendor invoice verified against goods received.
AP-INV-11639,VND-1009,PO-51639,2025-12-20,2026-02-03,,CC-400,22157.95,0.0,0.0,Open,EMP-102,ACH Wire,Yes,Standard operational vendor invoice verified against goods received.
AP-INV-11641,VND-1012,PO-51641,2025-12-21,2026-01-20,,CC-600,3643.96,0.0,0.0,Open,EMP-105,Check,Yes,Standard operational vendor invoice verified against goods received.
AP-INV-11640,VND-1034,PO-51640,2025-12-21,2026-01-20,,CC-200,11927.89,0.0,0.0,Open,EMP-118,EFT,Yes,Standard operational vendor invoice verified against goods received.
AP-INV-11642,VND-1009,PO-51642,2025-12-22,2026-01-21,,CC-300,8454.17,0.0,0.0,Open,EMP-102,Check,Yes,Standard operational vendor invoice verified against goods received.
AP-INV-11643,VND-1026,PO-51643,2025-12-22,2026-02-20,,CC-400,3461.85,0.0,0.0,Open,EMP-105,ACH Wire,Yes,Standard operational vendor invoice verified against goods received.
AP-INV-11644,VND-1048,PO-51644,2025-12-22,2026-02-20,,CC-300,4546.79,0.0,0.0,Open,EMP-118,EFT,Yes,Standard operational vendor invoice verified against goods received.
AP-INV-11645,VND-1050,PO-51645,2025-12-23,2026-01-22,,CC-200,570.07,0.0,0.0,Open,EMP-102,Check,Yes,Standard operational vendor invoice verified against goods received.
AP-INV-11646,VND-1032,PO-51646,2025-12-24,2026-01-23,,CC-300,6484.21,0.0,0.0,Open,EMP-102,ACH Wire,Yes,Standard operational vendor invoice verified against goods received.
AP-INV-11647,VND-1050,PO-51647,2025-12-24,2026-02-07,,CC-400,764.87,0.0,0.0,Open,EMP-102,Corporate Card,Yes,Standard operational vendor invoice verified against goods received.
AP-INV-11648,VND-1008,PO-51648,2025-12-24,2026-01-08,,CC-100,8020.9,0.0,0.0,Open,EMP-105,EFT,Yes,Standard operational vendor invoice verified against goods received.
AP-INV-11649,VND-1012,PO-51649,2025-12-24,2026-01-08,,CC-300,7005.25,0.0,0.0,Open,EMP-118,ACH Wire,Yes,Standard operational vendor invoice verified against goods received.
AP-INV-11650,VND-1039,PO-51650,2025-12-25,2026-01-24,,CC-500,5701.0,0.0,0.0,Open,EMP-105,Check,Yes,Standard operational vendor invoice verified against goods received.
AP-INV-11651,VND-1030,PO-51651,2025-12-25,2026-01-24,,CC-600,315.74,0.0,0.0,Open,EMP-104,ACH Wire,Yes,Standard operational vendor invoice verified against goods received.
AP-INV-11652,VND-1029,PO-51652,2025-12-25,2026-02-23,,CC-700,1775.19,0.0,0.0,Open,EMP-102,EFT,Yes,Standard operational vendor invoice verified against goods received.
AP-INV-11653,VND-1044,PO-51653,2025-12-25,2026-01-09,,CC-600,1523.94,0.0,0.0,Open,EMP-102,ACH Wire,Yes,Standard operational vendor invoice verified against goods received.
AP-INV-11656,VND-1039,PO-51656,2025-12-26,2026-02-09,,CC-700,12587.78,0.0,0.0,Open,EMP-105,Corporate Card,Yes,Standard operational vendor invoice verified against goods received.
AP-INV-11654,VND-1025,PO-51654,2025-12-26,2026-02-09,,CC-700,2159.25,0.0,0.0,Open,EMP-102,Corporate Card,Yes,Standard operational vendor invoice verified against goods received.
AP-INV-11655,VND-1012,PO-51655,2025-12-26,2026-02-24,,CC-600,562.76,0.0,0.0,Open,EMP-104,ACH Wire,Yes,Standard operational vendor invoice verified against goods received.
AP-INV-11657,VND-1037,PO-51657,2025-12-27,2026-01-26,,CC-700,3781.47,0.0,0.0,Open,EMP-118,Check,Yes,Standard operational vendor invoice verified against goods received.
AP-INV-11658,VND-1044,PO-51658,2025-12-27,2026-01-11,,CC-400,1790.69,0.0,0.0,Open,EMP-102,ACH Wire,Yes,Standard operational vendor invoice verified against goods received.
AP-INV-11659,VND-1035,PO-51659,2025-12-27,2026-01-11,,CC-300,2426.13,0.0,0.0,Open,EMP-118,ACH Wire,Yes,Standard operational vendor invoice verified against goods received.
AP-INV-11660,VND-1036,PO-51660,2025-12-28,2026-01-12,,CC-300,2817.44,0.0,0.0,Open,EMP-105,Corporate Card,Yes,Standard operational vendor invoice verified against goods received.
AP-INV-11661,VND-1024,PO-51661,2025-12-29,2026-01-28,,CC-100,4280.0,0.0,0.0,Open,EMP-102,ACH Wire,Yes,Standard operational vendor invoice verified against goods received.
AP-INV-11662,VND-1035,PO-51662,2025-12-29,2026-02-27,,CC-500,3412.54,0.0,0.0,Open,EMP-118,EFT,Yes,Standard operational vendor invoice verified against goods received.
AP-INV-11663,VND-1008,PO-51663,2025-12-30,2026-02-13,,CC-500,11481.71,0.0,0.0,Open,EMP-102,EFT,Yes,Standard operational vendor invoice verified against goods received.
AP-INV-11664,VND-1023,PO-51664,2025-12-30,2026-01-29,,CC-400,3241.92,0.0,0.0,Open,EMP-105,EFT,Yes,Standard operational vendor invoice verified against goods received.
AP-INV-11665,VND-1037,PO-51665,2025-12-31,2026-01-30,,CC-700,21967.18,0.0,0.0,Open,EMP-104,Check,Yes,Standard operational vendor invoice verified against goods received.
