Expense_ID,Employee_ID,Cost_Center_ID,Expense_Date,Submission_Date,Category,Merchant_Name,City,Claim_Amount,Approved_Amount,Receipt_Attached,Approved_By,Approval_Status,Payment_Date
EXP-30001,EMP-121,CC-200,2024-01-01,2024-01-03,Lodging,Hyatt Regency,Dallas,725.55,725.55,Yes,EMP-101,Approved,2024-01-10
EXP-30002,EMP-102,CC-200,2024-01-01,2024-01-07,Tech Hardware,Best Buy Enterprise,San Francisco,407.58,407.58,Yes,EMP-101,Approved,2024-01-14
EXP-30003,EMP-120,CC-600,2024-01-01,2024-01-04,Ground Transport,Hertz Car Rental,Atlanta,85.89,85.89,Yes,EMP-101,Approved,2024-01-11
EXP-30004,EMP-104,CC-400,2024-01-02,2024-01-05,Airfare,Lufthansa,Atlanta,608.65,608.65,Yes,EMP-101,Approved,2024-01-12
EXP-30005,EMP-105,CC-200,2024-01-02,2024-01-08,Tech Hardware,CDW Direct,Atlanta,1088.31,1088.31,Yes,EMP-102,Approved,2024-01-15
EXP-30006,EMP-112,CC-500,2024-01-03,2024-01-08,Ground Transport,Avis Rent A Car,Atlanta,83.51,83.51,Yes,EMP-101,Approved,2024-01-15
EXP-30007,EMP-120,CC-600,2024-01-03,2024-01-12,Tech Hardware,Apple Store,Los Angeles,377.15,377.15,Yes,EMP-101,Approved,2024-01-19
EXP-30008,EMP-112,CC-500,2024-01-03,2024-01-07,Office Misc,FedEx Office,Seattle,43.98,43.98,Yes,EMP-101,Approved,2024-01-14
EXP-30009,EMP-118,CC-500,2024-01-04,2024-01-11,Meals & Entertainment,Starbucks Coffee,Dallas,195.63,195.63,Yes,EMP-101,Approved,2024-01-18
EXP-30010,EMP-112,CC-500,2024-01-04,2024-01-08,Tech Hardware,Best Buy Enterprise,Los Angeles,465.72,465.72,Yes,EMP-101,Approved,2024-01-15
EXP-30011,EMP-105,CC-200,2024-01-04,2024-01-06,Meals & Entertainment,Morton's The Steakhouse,Dallas,98.7,98.7,Yes,EMP-102,Approved,2024-01-13
EXP-30012,EMP-138,CC-400,2024-01-05,2024-01-10,Lodging,Hilton Hotels,Seattle,242.17,242.17,Yes,EMP-102,Approved,2024-01-17
EXP-30013,EMP-138,CC-400,2024-01-05,2024-01-11,Ground Transport,Yellow Cab Co,London,63.4,63.4,Yes,EMP-102,Approved,2024-01-18
EXP-31674,EMP-129,CC-300,2024-01-06,2024-01-07,Meals & Entertainment,Luxury VIP Lounge Club,Los Angeles,144.09,144.09,No,EMP-103,Approved,2024-01-12
EXP-30014,EMP-101,CC-100,2024-01-06,2024-01-14,Meals & Entertainment,Ruth's Chris Steak House,Seattle,80.66,80.66,Yes,EMP-101,Approved,2024-01-21
EXP-30015,EMP-107,CC-600,2024-01-07,2024-01-13,Tech Hardware,Best Buy Enterprise,Los Angeles,883.28,883.28,Yes,EMP-101,Approved,2024-01-20
EXP-30016,EMP-104,CC-400,2024-01-07,2024-01-09,Airfare,Lufthansa,London,1363.28,1363.28,Yes,EMP-101,Approved,2024-01-16
EXP-31675,EMP-129,CC-300,2024-01-07,2024-01-08,Meals & Entertainment,Platinum Sky Lounge,Los Angeles,145.71,145.71,No,EMP-103,Approved,2024-01-13
EXP-30017,EMP-121,CC-200,2024-01-08,2024-01-16,Airfare,Delta Air Lines,Dallas,590.28,590.28,Yes,EMP-101,Approved,2024-01-23
EXP-30018,EMP-111,CC-700,2024-01-08,2024-01-17,Office Misc,Office Depot,Los Angeles,136.89,136.89,Yes,EMP-102,Approved,2024-01-24
EXP-30019,EMP-103,CC-300,2024-01-09,2024-01-12,Tech Hardware,B&H Photo Video,Seattle,594.41,594.41,Yes,EMP-101,Approved,2024-01-19
EXP-30020,EMP-130,CC-100,2024-01-09,2024-01-16,Airfare,British Airways,Los Angeles,499.93,499.93,Yes,EMP-102,Approved,2024-01-23
EXP-30021,EMP-116,CC-200,2024-01-10,2024-01-13,Office Misc,Office Depot,Seattle,237.25,237.25,Yes,EMP-104,Approved,2024-01-20
EXP-30022,EMP-113,CC-700,2024-01-10,2024-01-14,Airfare,British Airways,Los Angeles,405.43,405.43,Yes,EMP-103,Approved,2024-01-21
EXP-30023,EMP-133,CC-300,2024-01-10,2024-01-11,Ground Transport,Hertz Car Rental,Seattle,88.07,88.07,Yes,EMP-103,Approved,2024-01-18
EXP-30024,EMP-109,CC-600,2024-01-11,2024-01-14,Lodging,Hyatt Regency,New York,244.21,244.21,No,EMP-102,Approved,2024-01-21
EXP-30025,EMP-127,CC-100,2024-01-11,2024-01-16,Ground Transport,Uber Technologies,New York,42.26,42.26,Yes,EMP-103,Approved,2024-01-23
EXP-30026,EMP-138,CC-400,2024-01-11,2024-01-18,Tech Hardware,Best Buy Enterprise,Los Angeles,250.22,250.22,Yes,EMP-102,Approved,2024-01-25
EXP-30027,EMP-116,CC-200,2024-01-11,2024-01-14,Lodging,Westin Suites,Chicago,266.25,266.25,Yes,EMP-104,Approved,2024-01-21
EXP-30028,EMP-121,CC-200,2024-01-12,2024-01-15,Lodging,Westin Suites,Chicago,303.41,303.41,No,EMP-101,Approved,2024-01-22
EXP-31676,EMP-129,CC-300,2024-01-13,2024-01-14,Meals & Entertainment,Apex Gastronomy Club,Los Angeles,145.15,145.15,No,EMP-103,Approved,2024-01-19
EXP-30029,EMP-102,CC-200,2024-01-13,2024-01-15,Airfare,Lufthansa,Los Angeles,1242.85,1242.85,Yes,EMP-101,Approved,2024-01-22
EXP-30030,EMP-117,CC-100,2024-01-13,2024-01-15,Tech Hardware,CDW Direct,San Francisco,384.81,384.81,Yes,EMP-101,Approved,2024-01-22
EXP-30031,EMP-124,CC-700,2024-01-14,2024-01-16,Lodging,Westin Suites,Atlanta,820.09,820.09,Yes,EMP-104,Approved,2024-01-23
EXP-31677,EMP-129,CC-300,2024-01-14,2024-01-15,Meals & Entertainment,Executive Cigar & Wine Cellar,Los Angeles,146.39,146.39,No,EMP-103,Approved,2024-01-20
EXP-30032,EMP-111,CC-700,2024-01-14,2024-01-21,Lodging,Westin Suites,Dallas,404.81,404.81,Yes,EMP-102,Approved,2024-01-28
EXP-30033,EMP-122,CC-400,2024-01-14,2024-01-21,Lodging,Hilton Hotels,Dallas,304.4,304.4,Yes,EMP-102,Approved,2024-01-28
EXP-30034,EMP-140,CC-200,2024-01-15,2024-01-25,Ground Transport,Avis Rent A Car,Los Angeles,31.34,31.34,Yes,EMP-104,Approved,2024-02-01
EXP-30036,EMP-116,CC-200,2024-01-15,2024-01-19,Ground Transport,Avis Rent A Car,London,66.13,66.13,Yes,EMP-104,Approved,2024-01-26
EXP-30035,EMP-128,CC-500,2024-01-15,2024-01-25,Lodging,Hyatt Regency,Chicago,679.43,679.43,Yes,EMP-104,Approved,2024-02-01
EXP-30037,EMP-124,CC-700,2024-01-16,2024-01-22,Lodging,Westin Suites,London,736.35,736.35,Yes,EMP-104,Approved,2024-01-29
EXP-30038,EMP-106,CC-600,2024-01-16,2024-01-23,Meals & Entertainment,Starbucks Coffee,Chicago,219.47,219.47,Yes,EMP-101,Approved,2024-01-30
EXP-30040,EMP-133,CC-300,2024-01-17,2024-01-19,Airfare,Lufthansa,Atlanta,787.31,787.31,Yes,EMP-103,Approved,2024-01-26
EXP-30039,EMP-105,CC-200,2024-01-17,2024-01-23,Meals & Entertainment,Ocean Prime,Atlanta,212.29,212.29,Yes,EMP-102,Approved,2024-01-30
EXP-30043,EMP-118,CC-500,2024-01-18,2024-01-24,Ground Transport,Avis Rent A Car,Seattle,69.35,69.35,Yes,EMP-101,Approved,2024-01-31
EXP-30041,EMP-124,CC-700,2024-01-18,2024-01-24,Lodging,Hilton Hotels,Atlanta,748.83,748.83,Yes,EMP-104,Approved,2024-01-31
EXP-30044,EMP-127,CC-100,2024-01-19,2024-01-22,Lodging,Westin Suites,Seattle,681.12,681.12,Yes,EMP-103,Approved,2024-01-29
EXP-30045,EMP-125,CC-500,2024-01-19,2024-01-25,Ground Transport,Yellow Cab Co,Chicago,40.93,40.93,Yes,EMP-101,Approved,2024-02-01
EXP-31678,EMP-129,CC-300,2024-01-20,2024-01-21,Meals & Entertainment,Platinum Sky Lounge,Los Angeles,149.4,149.4,No,EMP-103,Approved,2024-01-26
EXP-30046,EMP-130,CC-100,2024-01-20,2024-01-29,Office Misc,Amazon Prime Business,San Francisco,193.89,193.89,Yes,EMP-102,Approved,2024-02-05
EXP-30048,EMP-116,CC-200,2024-01-21,2024-01-28,Office Misc,Office Depot,Atlanta,202.65,202.65,Yes,EMP-104,Approved,2024-02-04
EXP-30047,EMP-114,CC-400,2024-01-21,2024-01-30,Office Misc,FedEx Office,Atlanta,150.68,150.68,Yes,EMP-102,Approved,2024-02-06
EXP-31679,EMP-129,CC-300,2024-01-21,2024-01-22,Meals & Entertainment,Private Dining Room Riviera,Los Angeles,149.82,149.82,No,EMP-103,Approved,2024-01-27
EXP-30049,EMP-137,CC-500,2024-01-22,2024-01-31,Ground Transport,Yellow Cab Co,San Francisco,65.43,65.43,Yes,EMP-104,Approved,2024-02-07
EXP-30050,EMP-107,CC-600,2024-01-23,2024-02-01,Meals & Entertainment,Capital Grille,New York,44.79,44.79,Yes,EMP-101,Approved,2024-02-08
EXP-30051,EMP-106,CC-600,2024-01-24,2024-01-28,Airfare,United Airlines,Los Angeles,871.96,871.96,Yes,EMP-101,Approved,2024-02-04
EXP-30052,EMP-125,CC-500,2024-01-24,2024-01-25,Airfare,British Airways,Chicago,1163.77,1163.77,Yes,EMP-101,Approved,2024-02-01
EXP-30053,EMP-118,CC-500,2024-01-24,2024-01-25,Tech Hardware,B&H Photo Video,London,1156.87,1156.87,Yes,EMP-101,Approved,2024-02-01
EXP-30054,EMP-118,CC-500,2024-01-25,2024-01-27,Tech Hardware,Best Buy Enterprise,New York,288.41,288.41,Yes,EMP-101,Approved,2024-02-03
EXP-30055,EMP-113,CC-700,2024-01-26,2024-02-01,Tech Hardware,CDW Direct,London,566.7,566.7,Yes,EMP-103,Approved,2024-02-08
EXP-30056,EMP-110,CC-500,2024-01-26,2024-01-31,Office Misc,Staples Direct,Atlanta,215.34,215.34,Yes,EMP-101,Approved,2024-02-07
EXP-30057,EMP-113,CC-700,2024-01-27,2024-02-06,Tech Hardware,Apple Store,London,295.63,295.63,Yes,EMP-103,Approved,2024-02-13
EXP-30058,EMP-138,CC-400,2024-01-27,2024-02-06,Office Misc,FedEx Office,Los Angeles,77.35,77.35,Yes,EMP-102,Approved,2024-02-13
EXP-31680,EMP-129,CC-300,2024-01-27,2024-01-28,Meals & Entertainment,Platinum Sky Lounge,Los Angeles,146.57,146.57,No,EMP-103,Approved,2024-02-02
EXP-31681,EMP-129,CC-300,2024-01-28,2024-01-29,Meals & Entertainment,Platinum Sky Lounge,Los Angeles,145.78,145.78,No,EMP-103,Approved,2024-02-03
EXP-30061,EMP-136,CC-300,2024-01-28,2024-01-30,Lodging,Hilton Hotels,Seattle,327.85,327.85,No,EMP-104,Approved,2024-02-06
EXP-30059,EMP-106,CC-600,2024-01-28,2024-02-04,Office Misc,Office Depot,Chicago,171.25,171.25,Yes,EMP-101,Approved,2024-02-11
EXP-30060,EMP-137,CC-500,2024-01-28,2024-01-29,Ground Transport,Uber Technologies,Atlanta,52.77,52.77,Yes,EMP-104,Approved,2024-02-05
EXP-30063,EMP-118,CC-500,2024-01-29,2024-02-02,Office Misc,Office Depot,New York,72.83,72.83,Yes,EMP-101,Approved,2024-02-09
EXP-30062,EMP-107,CC-600,2024-01-29,2024-02-02,Lodging,Hyatt Regency,Los Angeles,256.1,256.1,Yes,EMP-101,Approved,2024-02-09
EXP-30064,EMP-118,CC-500,2024-01-29,2024-02-02,Lodging,Sheraton Grand,Atlanta,738.26,738.26,Yes,EMP-101,Approved,2024-02-09
EXP-30065,EMP-118,CC-500,2024-01-29,2024-02-08,Tech Hardware,Apple Store,Dallas,197.87,197.87,Yes,EMP-101,Approved,2024-02-15
EXP-30067,EMP-103,CC-300,2024-01-30,2024-01-31,Airfare,American Airlines,New York,458.92,458.92,Yes,EMP-101,Approved,2024-02-07
EXP-30068,EMP-138,CC-400,2024-01-30,2024-02-04,Office Misc,Office Depot,Los Angeles,40.46,40.46,Yes,EMP-102,Approved,2024-02-11
EXP-30066,EMP-106,CC-600,2024-01-30,2024-02-07,Office Misc,Office Depot,New York,220.29,220.29,Yes,EMP-101,Approved,2024-02-14
EXP-30072,EMP-104,CC-400,2024-01-31,2024-02-01,Lodging,Hyatt Regency,San Francisco,230.04,230.04,Yes,EMP-101,Approved,2024-02-08
EXP-30071,EMP-113,CC-700,2024-01-31,2024-02-05,Meals & Entertainment,Local Bistro & Cafe,Seattle,83.96,83.96,Yes,EMP-103,Approved,2024-02-12
EXP-30070,EMP-135,CC-500,2024-01-31,2024-02-03,Airfare,Delta Air Lines,Los Angeles,608.77,608.77,Yes,EMP-101,Approved,2024-02-10
EXP-30069,EMP-103,CC-300,2024-01-31,2024-02-02,Lodging,Westin Suites,Atlanta,751.65,751.65,Yes,EMP-101,Approved,2024-02-09
EXP-30074,EMP-106,CC-600,2024-02-01,2024-02-03,Meals & Entertainment,Ocean Prime,New York,191.77,191.77,Yes,EMP-101,Approved,2024-02-10
EXP-30073,EMP-107,CC-600,2024-02-01,2024-02-10,Ground Transport,Yellow Cab Co,New York,33.82,33.82,Yes,EMP-101,Approved,2024-02-17
EXP-30075,EMP-109,CC-600,2024-02-02,2024-02-03,Office Misc,Office Depot,Dallas,233.77,233.77,Yes,EMP-102,Approved,2024-02-10
EXP-31682,EMP-129,CC-300,2024-02-03,2024-02-04,Meals & Entertainment,Apex Gastronomy Club,Los Angeles,142.79,142.79,No,EMP-103,Approved,2024-02-09
EXP-30077,EMP-106,CC-600,2024-02-03,2024-02-12,Meals & Entertainment,Ruth's Chris Steak House,New York,50.84,50.84,Yes,EMP-101,Approved,2024-02-19
EXP-30076,EMP-130,CC-100,2024-02-03,2024-02-12,Office Misc,Office Depot,Chicago,243.54,243.54,Yes,EMP-102,Approved,2024-02-19
EXP-30080,EMP-113,CC-700,2024-02-04,2024-02-06,Tech Hardware,Apple Store,San Francisco,731.81,731.81,No,EMP-103,Approved,2024-02-13
EXP-30078,EMP-121,CC-200,2024-02-04,2024-02-14,Lodging,Sheraton Grand,New York,697.65,697.65,Yes,EMP-101,Approved,2024-02-21
EXP-30079,EMP-128,CC-500,2024-02-04,2024-02-09,Ground Transport,Yellow Cab Co,Seattle,55.8,55.8,Yes,EMP-104,Approved,2024-02-16
EXP-31683,EMP-129,CC-300,2024-02-04,2024-02-05,Meals & Entertainment,Platinum Sky Lounge,Los Angeles,144.0,144.0,No,EMP-103,Approved,2024-02-10
EXP-30081,EMP-120,CC-600,2024-02-05,2024-02-15,Tech Hardware,Apple Store,Atlanta,278.22,278.22,Yes,EMP-101,Approved,2024-02-22
EXP-30082,EMP-111,CC-700,2024-02-05,2024-02-06,Lodging,Hilton Hotels,New York,413.4,413.4,Yes,EMP-102,Approved,2024-02-13
EXP-30083,EMP-116,CC-200,2024-02-05,2024-02-12,Airfare,American Airlines,San Francisco,698.07,698.07,Yes,EMP-104,Approved,2024-02-19
EXP-30084,EMP-112,CC-500,2024-02-06,2024-02-12,Ground Transport,Uber Technologies,Atlanta,60.19,60.19,Yes,EMP-101,Approved,2024-02-19
EXP-30085,EMP-121,CC-200,2024-02-06,2024-02-07,Lodging,Sheraton Grand,Dallas,778.59,778.59,Yes,EMP-101,Approved,2024-02-14
EXP-30086,EMP-132,CC-400,2024-02-07,2024-02-17,Office Misc,Office Depot,London,158.42,158.42,Yes,EMP-101,Approved,2024-02-24
EXP-30087,EMP-118,CC-500,2024-02-07,2024-02-12,Tech Hardware,CDW Direct,Atlanta,559.95,559.95,Yes,EMP-101,Approved,2024-02-19
EXP-30088,EMP-139,CC-200,2024-02-08,2024-02-18,Lodging,Marriott International,Los Angeles,427.39,427.39,Yes,EMP-101,Approved,2024-02-25
EXP-30091,EMP-106,CC-600,2024-02-08,2024-02-14,Ground Transport,Lyft Inc,Atlanta,49.12,49.12,Yes,EMP-101,Approved,2024-02-21
EXP-30090,EMP-124,CC-700,2024-02-08,2024-02-11,Tech Hardware,CDW Direct,Chicago,1044.32,1044.32,Yes,EMP-104,Approved,2024-02-18
EXP-30089,EMP-122,CC-400,2024-02-08,2024-02-15,Ground Transport,Avis Rent A Car,Seattle,90.31,90.31,Yes,EMP-102,Approved,2024-02-22
EXP-30092,EMP-125,CC-500,2024-02-09,2024-02-11,Airfare,British Airways,Los Angeles,1046.5,1046.5,Yes,EMP-101,Approved,2024-02-18
EXP-30095,EMP-107,CC-600,2024-02-10,2024-02-20,Airfare,Delta Air Lines,Atlanta,779.64,779.64,Yes,EMP-101,Approved,2024-02-27
EXP-30093,EMP-118,CC-500,2024-02-10,2024-02-17,Airfare,United Airlines,Los Angeles,1386.17,1386.17,Yes,EMP-101,Approved,2024-02-24
EXP-30096,EMP-118,CC-500,2024-02-10,2024-02-11,Airfare,British Airways,Chicago,913.11,913.11,Yes,EMP-101,Approved,2024-02-18
EXP-30094,EMP-127,CC-100,2024-02-10,2024-02-19,Lodging,Hyatt Regency,Los Angeles,707.59,707.59,Yes,EMP-103,Approved,2024-02-26
EXP-31684,EMP-129,CC-300,2024-02-10,2024-02-11,Meals & Entertainment,Apex Gastronomy Club,Los Angeles,143.01,143.01,No,EMP-103,Approved,2024-02-16
EXP-31685,EMP-129,CC-300,2024-02-11,2024-02-12,Meals & Entertainment,Platinum Sky Lounge,Los Angeles,148.74,148.74,No,EMP-103,Approved,2024-02-17
EXP-30097,EMP-133,CC-300,2024-02-11,2024-02-14,Office Misc,Office Depot,New York,107.26,107.26,Yes,EMP-103,Approved,2024-02-21
EXP-30098,EMP-110,CC-500,2024-02-12,2024-02-21,Lodging,Hilton Hotels,Chicago,370.22,370.22,Yes,EMP-101,Approved,2024-02-28
EXP-30100,EMP-103,CC-300,2024-02-13,2024-02-22,Airfare,American Airlines,New York,390.96,390.96,Yes,EMP-101,Approved,2024-02-29
EXP-30099,EMP-110,CC-500,2024-02-13,2024-02-23,Tech Hardware,Best Buy Enterprise,Seattle,1199.92,1199.92,Yes,EMP-101,Approved,2024-03-01
EXP-30103,EMP-111,CC-700,2024-02-14,2024-02-21,Office Misc,Staples Direct,Los Angeles,204.14,204.14,Yes,EMP-102,Approved,2024-02-28
EXP-30101,EMP-108,CC-100,2024-02-14,2024-02-18,Lodging,Hyatt Regency,New York,652.04,652.04,Yes,EMP-102,Approved,2024-02-25
EXP-30102,EMP-102,CC-200,2024-02-14,2024-02-22,Meals & Entertainment,Capital Grille,Seattle,213.6,213.6,Yes,EMP-101,Approved,2024-02-29
EXP-30104,EMP-124,CC-700,2024-02-15,2024-02-23,Ground Transport,Yellow Cab Co,Los Angeles,64.11,64.11,Yes,EMP-104,Approved,2024-03-01
EXP-30106,EMP-107,CC-600,2024-02-15,2024-02-17,Tech Hardware,CDW Direct,Seattle,404.71,404.71,Yes,EMP-101,Approved,2024-02-24
EXP-30105,EMP-102,CC-200,2024-02-15,2024-02-16,Lodging,Westin Suites,Los Angeles,750.5,750.5,Yes,EMP-101,Approved,2024-02-23
EXP-30108,EMP-130,CC-100,2024-02-16,2024-02-19,Meals & Entertainment,Starbucks Coffee,Chicago,132.37,132.37,Yes,EMP-102,Approved,2024-02-26
EXP-30107,EMP-109,CC-600,2024-02-16,2024-02-25,Tech Hardware,Apple Store,Dallas,452.31,452.31,Yes,EMP-102,Approved,2024-03-03
EXP-30109,EMP-133,CC-300,2024-02-16,2024-02-22,Office Misc,Staples Direct,Los Angeles,114.82,114.82,Yes,EMP-103,Approved,2024-02-29
EXP-31686,EMP-129,CC-300,2024-02-17,2024-02-18,Meals & Entertainment,Apex Gastronomy Club,Los Angeles,145.43,145.43,No,EMP-103,Approved,2024-02-23
EXP-30112,EMP-126,CC-500,2024-02-17,2024-02-26,Tech Hardware,Apple Store,Seattle,1005.04,1005.04,Yes,EMP-103,Approved,2024-03-04
EXP-30113,EMP-123,CC-200,2024-02-17,2024-02-18,Ground Transport,Hertz Car Rental,Dallas,71.74,71.74,Yes,EMP-101,Approved,2024-02-25
EXP-30111,EMP-107,CC-600,2024-02-17,2024-02-21,Lodging,Westin Suites,London,347.89,347.89,Yes,EMP-101,Approved,2024-02-28
EXP-30110,EMP-102,CC-200,2024-02-17,2024-02-19,Office Misc,Staples Direct,London,152.83,152.83,Yes,EMP-101,Approved,2024-02-26
EXP-30115,EMP-104,CC-400,2024-02-18,2024-02-27,Office Misc,FedEx Office,Seattle,226.65,226.65,Yes,EMP-101,Approved,2024-03-05
EXP-30114,EMP-137,CC-500,2024-02-18,2024-02-25,Office Misc,Office Depot,Atlanta,162.6,162.6,Yes,EMP-104,Approved,2024-03-03
EXP-31687,EMP-129,CC-300,2024-02-18,2024-02-19,Meals & Entertainment,Private Dining Room Riviera,Los Angeles,143.83,143.83,No,EMP-103,Approved,2024-02-24
EXP-30117,EMP-115,CC-500,2024-02-19,2024-02-20,Ground Transport,Hertz Car Rental,Seattle,52.19,52.19,Yes,EMP-101,Approved,2024-02-27
EXP-30116,EMP-101,CC-100,2024-02-19,2024-02-26,Ground Transport,Uber Technologies,Los Angeles,47.92,47.92,Yes,EMP-101,Approved,2024-03-04
EXP-30119,EMP-127,CC-100,2024-02-20,2024-02-22,Airfare,United Airlines,Atlanta,1047.08,1047.08,Yes,EMP-103,Approved,2024-02-29
EXP-30121,EMP-131,CC-300,2024-02-21,2024-02-28,Office Misc,Amazon Prime Business,Chicago,170.83,170.83,Yes,EMP-103,Approved,2024-03-06
EXP-30120,EMP-104,CC-400,2024-02-21,2024-03-01,Lodging,Hyatt Regency,San Francisco,605.46,605.46,Yes,EMP-101,Approved,2024-03-08
EXP-30122,EMP-120,CC-600,2024-02-21,2024-02-22,Ground Transport,Avis Rent A Car,Chicago,42.88,42.88,Yes,EMP-101,Approved,2024-02-29
EXP-30123,EMP-116,CC-200,2024-02-22,2024-02-27,Office Misc,Staples Direct,Dallas,68.3,68.3,Yes,EMP-104,Approved,2024-03-05
EXP-30124,EMP-103,CC-300,2024-02-22,2024-02-27,Meals & Entertainment,Ruth's Chris Steak House,London,163.34,163.34,Yes,EMP-101,Approved,2024-03-05
EXP-30125,EMP-122,CC-400,2024-02-22,2024-02-28,Meals & Entertainment,Capital Grille,Atlanta,142.07,142.07,Yes,EMP-102,Approved,2024-03-06
EXP-30126,EMP-119,CC-500,2024-02-23,2024-03-02,Tech Hardware,Apple Store,Atlanta,332.82,332.82,Yes,EMP-102,Approved,2024-03-09
EXP-30127,EMP-125,CC-500,2024-02-23,2024-03-02,Airfare,United Airlines,Dallas,522.77,522.77,Yes,EMP-101,Approved,2024-03-09
EXP-30129,EMP-115,CC-500,2024-02-24,2024-02-28,Airfare,American Airlines,Chicago,901.63,901.63,No,EMP-101,Approved,2024-03-06
EXP-31688,EMP-129,CC-300,2024-02-24,2024-02-25,Meals & Entertainment,Apex Gastronomy Club,Los Angeles,149.2,149.2,No,EMP-103,Approved,2024-03-01
EXP-30130,EMP-102,CC-200,2024-02-24,2024-03-05,Lodging,Westin Suites,Atlanta,442.85,442.85,Yes,EMP-101,Approved,2024-03-12
EXP-30128,EMP-114,CC-400,2024-02-24,2024-02-29,Lodging,Hilton Hotels,Seattle,632.69,632.69,Yes,EMP-102,Approved,2024-03-07
EXP-31689,EMP-129,CC-300,2024-02-25,2024-02-26,Meals & Entertainment,Luxury VIP Lounge Club,Los Angeles,143.54,143.54,No,EMP-103,Approved,2024-03-02
EXP-30132,EMP-132,CC-400,2024-02-25,2024-02-26,Meals & Entertainment,Capital Grille,Chicago,186.7,186.7,Yes,EMP-101,Approved,2024-03-04
EXP-30134,EMP-126,CC-500,2024-02-26,2024-02-27,Ground Transport,Yellow Cab Co,San Francisco,54.56,54.56,Yes,EMP-103,Approved,2024-03-05
EXP-30133,EMP-135,CC-500,2024-02-26,2024-03-07,Lodging,Marriott International,Seattle,638.61,638.61,Yes,EMP-101,Approved,2024-03-14
EXP-30135,EMP-123,CC-200,2024-02-27,2024-03-08,Airfare,United Airlines,New York,1230.95,1230.95,Yes,EMP-101,Approved,2024-03-15
EXP-30138,EMP-140,CC-200,2024-02-27,2024-02-28,Lodging,Sheraton Grand,London,236.78,236.78,No,EMP-104,Approved,2024-03-06
EXP-30136,EMP-103,CC-300,2024-02-27,2024-03-01,Meals & Entertainment,Local Bistro & Cafe,Seattle,26.48,26.48,No,EMP-101,Approved,2024-03-08
EXP-30137,EMP-107,CC-600,2024-02-27,2024-03-02,Office Misc,Office Depot,New York,156.82,156.82,Yes,EMP-101,Approved,2024-03-09
EXP-30139,EMP-112,CC-500,2024-02-28,2024-03-02,Office Misc,FedEx Office,Atlanta,51.88,51.88,Yes,EMP-101,Approved,2024-03-09
EXP-30140,EMP-122,CC-400,2024-02-28,2024-03-05,Ground Transport,Hertz Car Rental,London,22.93,22.93,Yes,EMP-102,Approved,2024-03-12
EXP-30141,EMP-139,CC-200,2024-02-28,2024-03-09,Meals & Entertainment,Ruth's Chris Steak House,London,137.98,137.98,Yes,EMP-101,Approved,2024-03-16
EXP-30142,EMP-101,CC-100,2024-02-29,2024-03-04,Meals & Entertainment,Morton's The Steakhouse,San Francisco,51.66,51.66,Yes,EMP-101,Approved,2024-03-11
EXP-30144,EMP-119,CC-500,2024-03-01,2024-03-03,Lodging,Sheraton Grand,Los Angeles,704.19,704.19,Yes,EMP-102,Approved,2024-03-10
EXP-30143,EMP-130,CC-100,2024-03-01,2024-03-08,Ground Transport,Yellow Cab Co,New York,39.93,39.93,Yes,EMP-102,Approved,2024-03-15
EXP-30148,EMP-121,CC-200,2024-03-02,2024-03-04,Ground Transport,Yellow Cab Co,Los Angeles,49.32,49.32,Yes,EMP-101,Approved,2024-03-11
EXP-30147,EMP-127,CC-100,2024-03-02,2024-03-05,Airfare,United Airlines,Los Angeles,1172.94,1172.94,Yes,EMP-103,Approved,2024-03-12
EXP-30146,EMP-128,CC-500,2024-03-02,2024-03-05,Ground Transport,Avis Rent A Car,Seattle,22.5,22.5,Yes,EMP-104,Approved,2024-03-12
EXP-30145,EMP-123,CC-200,2024-03-02,2024-03-10,Lodging,Westin Suites,New York,796.4,796.4,Yes,EMP-101,Approved,2024-03-17
EXP-31690,EMP-129,CC-300,2024-03-02,2024-03-03,Meals & Entertainment,Executive Cigar & Wine Cellar,Los Angeles,148.71,148.71,No,EMP-103,Approved,2024-03-08
EXP-30151,EMP-114,CC-400,2024-03-03,2024-03-11,Meals & Entertainment,Capital Grille,Chicago,54.48,54.48,Yes,EMP-102,Approved,2024-03-18
EXP-30150,EMP-136,CC-300,2024-03-03,2024-03-11,Office Misc,Amazon Prime Business,Los Angeles,115.0,115.0,Yes,EMP-104,Approved,2024-03-18
EXP-30149,EMP-110,CC-500,2024-03-03,2024-03-10,Lodging,Hilton Hotels,New York,632.37,632.37,Yes,EMP-101,Approved,2024-03-17
EXP-31691,EMP-129,CC-300,2024-03-03,2024-03-04,Meals & Entertainment,Executive Cigar & Wine Cellar,Los Angeles,147.48,147.48,No,EMP-103,Approved,2024-03-09
EXP-30153,EMP-133,CC-300,2024-03-04,2024-03-06,Meals & Entertainment,Ocean Prime,San Francisco,202.76,202.76,Yes,EMP-103,Approved,2024-03-13
EXP-30152,EMP-110,CC-500,2024-03-04,2024-03-13,Airfare,United Airlines,Atlanta,1209.67,1209.67,Yes,EMP-101,Approved,2024-03-20
EXP-30156,EMP-117,CC-100,2024-03-05,2024-03-09,Ground Transport,Hertz Car Rental,Atlanta,47.26,47.26,Yes,EMP-101,Approved,2024-03-16
EXP-30155,EMP-122,CC-400,2024-03-05,2024-03-07,Lodging,Westin Suites,Chicago,765.38,765.38,Yes,EMP-102,Approved,2024-03-14
EXP-30154,EMP-139,CC-200,2024-03-05,2024-03-09,Meals & Entertainment,Capital Grille,Los Angeles,32.81,32.81,Yes,EMP-101,Approved,2024-03-16
EXP-30157,EMP-135,CC-500,2024-03-06,2024-03-15,Office Misc,FedEx Office,New York,138.0,138.0,Yes,EMP-101,Approved,2024-03-22
EXP-30158,EMP-132,CC-400,2024-03-06,2024-03-12,Ground Transport,Hertz Car Rental,New York,85.94,85.94,Yes,EMP-101,Approved,2024-03-19
EXP-30159,EMP-109,CC-600,2024-03-07,2024-03-08,Airfare,Delta Air Lines,New York,1167.89,1167.89,Yes,EMP-102,Approved,2024-03-15
EXP-30162,EMP-123,CC-200,2024-03-07,2024-03-13,Lodging,Hilton Hotels,London,816.62,816.62,Yes,EMP-101,Approved,2024-03-20
EXP-30161,EMP-115,CC-500,2024-03-07,2024-03-12,Meals & Entertainment,Ruth's Chris Steak House,Chicago,120.13,120.13,Yes,EMP-101,Approved,2024-03-19
EXP-30160,EMP-123,CC-200,2024-03-07,2024-03-14,Lodging,Sheraton Grand,Atlanta,376.2,376.2,Yes,EMP-101,Approved,2024-03-21
EXP-30164,EMP-138,CC-400,2024-03-08,2024-03-18,Ground Transport,Lyft Inc,Chicago,39.46,39.46,Yes,EMP-102,Approved,2024-03-25
EXP-30163,EMP-125,CC-500,2024-03-08,2024-03-16,Tech Hardware,B&H Photo Video,Atlanta,423.19,423.19,Yes,EMP-101,Approved,2024-03-23
EXP-31692,EMP-129,CC-300,2024-03-09,2024-03-10,Meals & Entertainment,Executive Cigar & Wine Cellar,Los Angeles,146.0,146.0,No,EMP-103,Approved,2024-03-15
EXP-30166,EMP-127,CC-100,2024-03-09,2024-03-18,Tech Hardware,Best Buy Enterprise,Atlanta,493.34,493.34,Yes,EMP-103,Approved,2024-03-25
EXP-30165,EMP-108,CC-100,2024-03-09,2024-03-15,Airfare,American Airlines,Atlanta,1006.75,1006.75,No,EMP-102,Approved,2024-03-22
EXP-30169,EMP-138,CC-400,2024-03-10,2024-03-12,Lodging,Hyatt Regency,Dallas,760.54,760.54,Yes,EMP-102,Approved,2024-03-19
EXP-30168,EMP-132,CC-400,2024-03-10,2024-03-11,Lodging,Westin Suites,San Francisco,675.6,675.6,Yes,EMP-101,Approved,2024-03-18
EXP-30167,EMP-110,CC-500,2024-03-10,2024-03-18,Office Misc,Office Depot,Atlanta,198.5,198.5,Yes,EMP-101,Approved,2024-03-25
EXP-31693,EMP-129,CC-300,2024-03-10,2024-03-11,Meals & Entertainment,Private Dining Room Riviera,Los Angeles,149.68,149.68,No,EMP-103,Approved,2024-03-16
EXP-30170,EMP-128,CC-500,2024-03-11,2024-03-15,Office Misc,FedEx Office,Los Angeles,70.93,70.93,Yes,EMP-104,Approved,2024-03-22
EXP-30172,EMP-130,CC-100,2024-03-12,2024-03-17,Lodging,Hyatt Regency,New York,758.89,758.89,Yes,EMP-102,Approved,2024-03-24
EXP-30171,EMP-136,CC-300,2024-03-12,2024-03-20,Office Misc,Office Depot,Dallas,230.36,230.36,Yes,EMP-104,Approved,2024-03-27
EXP-30173,EMP-102,CC-200,2024-03-13,2024-03-21,Lodging,Hilton Hotels,Chicago,242.72,242.72,Yes,EMP-101,Approved,2024-03-28
EXP-30175,EMP-137,CC-500,2024-03-14,2024-03-21,Office Misc,FedEx Office,Seattle,44.09,44.09,Yes,EMP-104,Approved,2024-03-28
EXP-30174,EMP-110,CC-500,2024-03-14,2024-03-17,Lodging,Hilton Hotels,London,612.22,612.22,Yes,EMP-101,Approved,2024-03-24
EXP-30177,EMP-113,CC-700,2024-03-15,2024-03-24,Ground Transport,Lyft Inc,Chicago,83.35,83.35,Yes,EMP-103,Approved,2024-03-31
EXP-30178,EMP-105,CC-200,2024-03-16,2024-03-17,Lodging,Hilton Hotels,Los Angeles,730.54,730.54,Yes,EMP-102,Approved,2024-03-24
EXP-31694,EMP-129,CC-300,2024-03-16,2024-03-17,Meals & Entertainment,Platinum Sky Lounge,Los Angeles,143.38,143.38,No,EMP-103,Approved,2024-03-22
EXP-30179,EMP-134,CC-600,2024-03-17,2024-03-22,Meals & Entertainment,Local Bistro & Cafe,Dallas,49.67,49.67,Yes,EMP-103,Approved,2024-03-29
EXP-30180,EMP-135,CC-500,2024-03-17,2024-03-25,Lodging,Hilton Hotels,San Francisco,463.32,463.32,Yes,EMP-101,Approved,2024-04-01
EXP-30181,EMP-125,CC-500,2024-03-17,2024-03-26,Airfare,Lufthansa,Chicago,1335.43,1335.43,Yes,EMP-101,Approved,2024-04-02
EXP-31695,EMP-129,CC-300,2024-03-17,2024-03-18,Meals & Entertainment,Private Dining Room Riviera,Los Angeles,145.4,145.4,No,EMP-103,Approved,2024-03-23
EXP-30182,EMP-106,CC-600,2024-03-18,2024-03-24,Office Misc,Staples Direct,Atlanta,31.92,31.92,Yes,EMP-101,Approved,2024-03-31
EXP-30183,EMP-117,CC-100,2024-03-18,2024-03-28,Tech Hardware,CDW Direct,Atlanta,1070.54,1070.54,Yes,EMP-101,Approved,2024-04-04
EXP-30185,EMP-140,CC-200,2024-03-19,2024-03-20,Meals & Entertainment,Ruth's Chris Steak House,San Francisco,97.97,97.97,Yes,EMP-104,Approved,2024-03-27
EXP-30184,EMP-124,CC-700,2024-03-19,2024-03-23,Ground Transport,Hertz Car Rental,Los Angeles,26.76,26.76,Yes,EMP-104,Approved,2024-03-30
EXP-30187,EMP-104,CC-400,2024-03-20,2024-03-29,Tech Hardware,Apple Store,San Francisco,1149.24,1149.24,Yes,EMP-101,Approved,2024-04-05
EXP-30186,EMP-119,CC-500,2024-03-20,2024-03-29,Ground Transport,Uber Technologies,London,44.56,44.56,Yes,EMP-102,Approved,2024-04-05
EXP-30188,EMP-103,CC-300,2024-03-20,2024-03-21,Meals & Entertainment,Morton's The Steakhouse,New York,36.94,36.94,Yes,EMP-101,Approved,2024-03-28
EXP-30189,EMP-126,CC-500,2024-03-21,2024-03-25,Ground Transport,Yellow Cab Co,Seattle,23.84,23.84,Yes,EMP-103,Approved,2024-04-01
EXP-30190,EMP-107,CC-600,2024-03-22,2024-03-30,Meals & Entertainment,Local Bistro & Cafe,San Francisco,118.08,118.08,Yes,EMP-101,Approved,2024-04-06
EXP-30191,EMP-113,CC-700,2024-03-23,2024-03-30,Airfare,Lufthansa,Los Angeles,458.26,458.26,Yes,EMP-103,Approved,2024-04-06
EXP-30192,EMP-121,CC-200,2024-03-23,2024-03-31,Ground Transport,Hertz Car Rental,London,26.47,26.47,Yes,EMP-101,Approved,2024-04-07
EXP-31696,EMP-129,CC-300,2024-03-23,2024-03-24,Meals & Entertainment,Luxury VIP Lounge Club,Los Angeles,149.88,149.88,No,EMP-103,Approved,2024-03-29
EXP-30193,EMP-139,CC-200,2024-03-24,2024-03-26,Airfare,United Airlines,London,1179.83,1179.83,Yes,EMP-101,Approved,2024-04-02
EXP-31697,EMP-129,CC-300,2024-03-24,2024-03-25,Meals & Entertainment,Executive Cigar & Wine Cellar,Los Angeles,143.65,143.65,No,EMP-103,Approved,2024-03-30
EXP-30194,EMP-136,CC-300,2024-03-25,2024-04-01,Office Misc,Staples Direct,London,184.38,184.38,Yes,EMP-104,Approved,2024-04-08
EXP-30195,EMP-124,CC-700,2024-03-25,2024-04-03,Tech Hardware,B&H Photo Video,Atlanta,1180.0,1180.0,Yes,EMP-104,Approved,2024-04-10
EXP-30196,EMP-108,CC-100,2024-03-25,2024-04-01,Airfare,Lufthansa,London,1217.93,1217.93,Yes,EMP-102,Approved,2024-04-08
EXP-30197,EMP-134,CC-600,2024-03-26,2024-04-03,Lodging,Hilton Hotels,Chicago,457.26,457.26,Yes,EMP-103,Approved,2024-04-10
EXP-30198,EMP-121,CC-200,2024-03-26,2024-03-31,Airfare,American Airlines,San Francisco,743.67,743.67,Yes,EMP-101,Approved,2024-04-07
EXP-30199,EMP-138,CC-400,2024-03-27,2024-03-30,Meals & Entertainment,Ocean Prime,Seattle,110.75,110.75,Yes,EMP-102,Approved,2024-04-06
EXP-30200,EMP-116,CC-200,2024-03-27,2024-04-06,Meals & Entertainment,Capital Grille,San Francisco,137.81,137.81,Yes,EMP-104,Approved,2024-04-13
EXP-30201,EMP-119,CC-500,2024-03-28,2024-03-30,Lodging,Sheraton Grand,Atlanta,621.84,621.84,Yes,EMP-102,Approved,2024-04-06
EXP-30202,EMP-131,CC-300,2024-03-28,2024-04-03,Meals & Entertainment,Local Bistro & Cafe,Los Angeles,37.97,37.97,Yes,EMP-103,Approved,2024-04-10
EXP-30204,EMP-113,CC-700,2024-03-29,2024-04-06,Airfare,United Airlines,Seattle,564.73,564.73,Yes,EMP-103,Approved,2024-04-13
EXP-30203,EMP-128,CC-500,2024-03-29,2024-04-02,Ground Transport,Yellow Cab Co,London,64.57,64.57,No,EMP-104,Approved,2024-04-09
EXP-30207,EMP-128,CC-500,2024-03-30,2024-04-07,Airfare,United Airlines,Los Angeles,1193.98,1193.98,Yes,EMP-104,Approved,2024-04-14
EXP-30205,EMP-128,CC-500,2024-03-30,2024-04-05,Tech Hardware,Best Buy Enterprise,Dallas,482.49,482.49,Yes,EMP-104,Approved,2024-04-12
EXP-31698,EMP-129,CC-300,2024-03-30,2024-03-31,Meals & Entertainment,Apex Gastronomy Club,Los Angeles,142.54,142.54,No,EMP-103,Approved,2024-04-05
EXP-30206,EMP-104,CC-400,2024-03-30,2024-04-05,Lodging,Hyatt Regency,Chicago,766.11,766.11,Yes,EMP-101,Approved,2024-04-12
EXP-30208,EMP-101,CC-100,2024-03-31,2024-04-01,Tech Hardware,B&H Photo Video,Chicago,1080.3,1080.3,Yes,EMP-101,Approved,2024-04-08
EXP-30209,EMP-115,CC-500,2024-03-31,2024-04-08,Tech Hardware,Best Buy Enterprise,London,983.03,983.03,Yes,EMP-101,Approved,2024-04-15
EXP-31699,EMP-129,CC-300,2024-03-31,2024-04-01,Meals & Entertainment,Private Dining Room Riviera,Los Angeles,148.31,148.31,No,EMP-103,Approved,2024-04-06
EXP-30210,EMP-108,CC-100,2024-03-31,2024-04-03,Airfare,Lufthansa,Dallas,497.22,497.22,Yes,EMP-102,Approved,2024-04-10
EXP-30211,EMP-131,CC-300,2024-03-31,2024-04-10,Office Misc,Amazon Prime Business,San Francisco,30.24,30.24,Yes,EMP-103,Approved,2024-04-17
EXP-30212,EMP-106,CC-600,2024-04-01,2024-04-06,Lodging,Marriott International,Los Angeles,734.28,734.28,Yes,EMP-101,Approved,2024-04-13
EXP-30213,EMP-119,CC-500,2024-04-01,2024-04-02,Office Misc,FedEx Office,London,77.65,77.65,Yes,EMP-102,Approved,2024-04-09
EXP-30216,EMP-131,CC-300,2024-04-02,2024-04-09,Airfare,British Airways,Seattle,1095.27,1095.27,Yes,EMP-103,Approved,2024-04-16
EXP-30215,EMP-131,CC-300,2024-04-02,2024-04-12,Airfare,Lufthansa,Atlanta,1331.41,1331.41,Yes,EMP-103,Approved,2024-04-19
EXP-30217,EMP-130,CC-100,2024-04-03,2024-04-10,Ground Transport,Hertz Car Rental,Los Angeles,64.76,64.76,Yes,EMP-102,Approved,2024-04-17
EXP-30218,EMP-116,CC-200,2024-04-03,2024-04-13,Lodging,Hyatt Regency,Dallas,190.77,190.77,Yes,EMP-104,Approved,2024-04-20
EXP-30219,EMP-119,CC-500,2024-04-04,2024-04-12,Lodging,Sheraton Grand,Seattle,311.51,311.51,Yes,EMP-102,Approved,2024-04-19
EXP-30221,EMP-101,CC-100,2024-04-05,2024-04-13,Ground Transport,Uber Technologies,Seattle,71.38,71.38,Yes,EMP-101,Approved,2024-04-20
EXP-30220,EMP-112,CC-500,2024-04-05,2024-04-09,Lodging,Marriott International,New York,689.36,689.36,Yes,EMP-101,Approved,2024-04-16
EXP-30222,EMP-127,CC-100,2024-04-05,2024-04-15,Airfare,Delta Air Lines,Seattle,867.48,867.48,Yes,EMP-103,Approved,2024-04-22
EXP-30223,EMP-122,CC-400,2024-04-05,2024-04-08,Airfare,Delta Air Lines,Los Angeles,422.7,422.7,Yes,EMP-102,Approved,2024-04-15
EXP-30224,EMP-103,CC-300,2024-04-06,2024-04-10,Lodging,Sheraton Grand,Seattle,555.55,555.55,Yes,EMP-101,Approved,2024-04-17
EXP-31700,EMP-129,CC-300,2024-04-06,2024-04-07,Meals & Entertainment,Apex Gastronomy Club,Los Angeles,147.42,147.42,No,EMP-103,Approved,2024-04-12
EXP-30225,EMP-122,CC-400,2024-04-07,2024-04-12,Tech Hardware,B&H Photo Video,San Francisco,381.69,381.69,Yes,EMP-102,Approved,2024-04-19
EXP-30226,EMP-114,CC-400,2024-04-07,2024-04-09,Meals & Entertainment,Ocean Prime,New York,142.02,142.02,Yes,EMP-102,Approved,2024-04-16
EXP-30227,EMP-126,CC-500,2024-04-07,2024-04-14,Ground Transport,Yellow Cab Co,New York,81.0,81.0,Yes,EMP-103,Approved,2024-04-21
EXP-31701,EMP-129,CC-300,2024-04-07,2024-04-08,Meals & Entertainment,Apex Gastronomy Club,Los Angeles,145.1,145.1,No,EMP-103,Approved,2024-04-13
EXP-30229,EMP-102,CC-200,2024-04-08,2024-04-15,Lodging,Marriott International,London,644.09,644.09,Yes,EMP-101,Approved,2024-04-22
EXP-30230,EMP-110,CC-500,2024-04-08,2024-04-14,Tech Hardware,Best Buy Enterprise,Dallas,562.49,562.49,Yes,EMP-101,Approved,2024-04-21
EXP-30228,EMP-133,CC-300,2024-04-08,2024-04-12,Ground Transport,Avis Rent A Car,Dallas,70.27,70.27,Yes,EMP-103,Approved,2024-04-19
EXP-30233,EMP-125,CC-500,2024-04-09,2024-04-18,Airfare,American Airlines,New York,968.69,968.69,Yes,EMP-101,Approved,2024-04-25
EXP-30232,EMP-110,CC-500,2024-04-09,2024-04-11,Airfare,Lufthansa,Atlanta,1047.27,1047.27,Yes,EMP-101,Approved,2024-04-18
EXP-30231,EMP-111,CC-700,2024-04-09,2024-04-10,Office Misc,Amazon Prime Business,Chicago,93.82,93.82,Yes,EMP-102,Approved,2024-04-17
EXP-30234,EMP-110,CC-500,2024-04-10,2024-04-14,Ground Transport,Uber Technologies,Atlanta,91.49,91.49,Yes,EMP-101,Approved,2024-04-21
EXP-30235,EMP-113,CC-700,2024-04-10,2024-04-14,Lodging,Hyatt Regency,Atlanta,746.16,746.16,Yes,EMP-103,Approved,2024-04-21
EXP-30236,EMP-113,CC-700,2024-04-11,2024-04-12,Airfare,Delta Air Lines,Los Angeles,409.71,409.71,Yes,EMP-103,Approved,2024-04-19
EXP-30237,EMP-134,CC-600,2024-04-11,2024-04-20,Tech Hardware,Best Buy Enterprise,New York,730.7,730.7,Yes,EMP-103,Approved,2024-04-27
EXP-30238,EMP-101,CC-100,2024-04-11,2024-04-15,Meals & Entertainment,Local Bistro & Cafe,Los Angeles,58.83,58.83,Yes,EMP-101,Approved,2024-04-22
EXP-30239,EMP-105,CC-200,2024-04-12,2024-04-13,Meals & Entertainment,Local Bistro & Cafe,Chicago,146.87,146.87,Yes,EMP-102,Approved,2024-04-20
EXP-30240,EMP-115,CC-500,2024-04-12,2024-04-19,Airfare,American Airlines,San Francisco,1015.03,1015.03,Yes,EMP-101,Approved,2024-04-26
EXP-30241,EMP-116,CC-200,2024-04-12,2024-04-13,Ground Transport,Avis Rent A Car,Chicago,59.1,59.1,Yes,EMP-104,Approved,2024-04-20
EXP-30242,EMP-106,CC-600,2024-04-12,2024-04-18,Lodging,Hilton Hotels,Atlanta,528.34,528.34,Yes,EMP-101,Approved,2024-04-25
EXP-30243,EMP-137,CC-500,2024-04-13,2024-04-14,Meals & Entertainment,Ocean Prime,Dallas,174.98,174.98,Yes,EMP-104,Approved,2024-04-21
EXP-30245,EMP-116,CC-200,2024-04-13,2024-04-17,Airfare,Lufthansa,Atlanta,872.05,872.05,Yes,EMP-104,Approved,2024-04-24
EXP-31702,EMP-129,CC-300,2024-04-13,2024-04-14,Meals & Entertainment,Executive Cigar & Wine Cellar,Los Angeles,143.36,143.36,No,EMP-103,Approved,2024-04-19
EXP-30244,EMP-115,CC-500,2024-04-13,2024-04-22,Airfare,Delta Air Lines,Los Angeles,1378.45,1378.45,Yes,EMP-101,Approved,2024-04-29
EXP-30246,EMP-119,CC-500,2024-04-14,2024-04-17,Lodging,Marriott International,New York,680.49,680.49,Yes,EMP-102,Approved,2024-04-24
EXP-31703,EMP-129,CC-300,2024-04-14,2024-04-15,Meals & Entertainment,Platinum Sky Lounge,Los Angeles,143.56,143.56,No,EMP-103,Approved,2024-04-20
EXP-30247,EMP-139,CC-200,2024-04-14,2024-04-20,Lodging,Sheraton Grand,Atlanta,671.41,671.41,Yes,EMP-101,Approved,2024-04-27
EXP-30248,EMP-107,CC-600,2024-04-14,2024-04-16,Ground Transport,Avis Rent A Car,Atlanta,54.88,54.88,Yes,EMP-101,Approved,2024-04-23
EXP-30249,EMP-109,CC-600,2024-04-15,2024-04-22,Office Misc,Staples Direct,Atlanta,233.9,233.9,Yes,EMP-102,Approved,2024-04-29
EXP-30250,EMP-123,CC-200,2024-04-15,2024-04-18,Airfare,Delta Air Lines,Atlanta,1273.05,1273.05,Yes,EMP-101,Approved,2024-04-25
EXP-30252,EMP-133,CC-300,2024-04-16,2024-04-23,Airfare,Lufthansa,San Francisco,819.92,819.92,Yes,EMP-103,Approved,2024-04-30
EXP-30251,EMP-138,CC-400,2024-04-16,2024-04-24,Lodging,Hilton Hotels,Atlanta,469.61,469.61,Yes,EMP-102,Approved,2024-05-01
EXP-30253,EMP-121,CC-200,2024-04-17,2024-04-27,Lodging,Hilton Hotels,Los Angeles,490.75,490.75,Yes,EMP-101,Approved,2024-05-04
EXP-30254,EMP-121,CC-200,2024-04-17,2024-04-27,Tech Hardware,Apple Store,Chicago,489.63,489.63,Yes,EMP-101,Approved,2024-05-04
EXP-30255,EMP-128,CC-500,2024-04-18,2024-04-19,Meals & Entertainment,Local Bistro & Cafe,London,99.14,99.14,Yes,EMP-104,Approved,2024-04-26
EXP-30256,EMP-113,CC-700,2024-04-18,2024-04-20,Tech Hardware,CDW Direct,Los Angeles,482.94,482.94,Yes,EMP-103,Approved,2024-04-27
EXP-30259,EMP-123,CC-200,2024-04-19,2024-04-27,Ground Transport,Hertz Car Rental,New York,59.15,59.15,Yes,EMP-101,Approved,2024-05-04
EXP-30260,EMP-108,CC-100,2024-04-19,2024-04-25,Meals & Entertainment,Local Bistro & Cafe,Atlanta,32.68,32.68,Yes,EMP-102,Approved,2024-05-02
EXP-30258,EMP-136,CC-300,2024-04-19,2024-04-22,Tech Hardware,Best Buy Enterprise,New York,1151.07,1151.07,Yes,EMP-104,Approved,2024-04-29
EXP-30257,EMP-119,CC-500,2024-04-19,2024-04-26,Airfare,British Airways,New York,1286.54,1286.54,Yes,EMP-102,Approved,2024-05-03
EXP-30261,EMP-139,CC-200,2024-04-20,2024-04-23,Lodging,Hyatt Regency,Dallas,578.23,578.23,Yes,EMP-101,Approved,2024-04-30
EXP-31704,EMP-129,CC-300,2024-04-20,2024-04-21,Meals & Entertainment,Private Dining Room Riviera,Los Angeles,143.85,143.85,No,EMP-103,Approved,2024-04-26
EXP-30263,EMP-110,CC-500,2024-04-21,2024-04-24,Tech Hardware,Best Buy Enterprise,Los Angeles,279.67,279.67,Yes,EMP-101,Approved,2024-05-01
EXP-30262,EMP-132,CC-400,2024-04-21,2024-04-25,Meals & Entertainment,Starbucks Coffee,London,218.52,218.52,Yes,EMP-101,Approved,2024-05-02
EXP-31705,EMP-129,CC-300,2024-04-21,2024-04-22,Meals & Entertainment,Luxury VIP Lounge Club,Los Angeles,145.34,145.34,No,EMP-103,Approved,2024-04-27
EXP-30264,EMP-133,CC-300,2024-04-22,2024-05-02,Ground Transport,Uber Technologies,London,39.19,39.19,Yes,EMP-103,Approved,2024-05-09
EXP-30265,EMP-139,CC-200,2024-04-23,2024-04-27,Meals & Entertainment,Capital Grille,Chicago,56.6,56.6,Yes,EMP-101,Approved,2024-05-04
EXP-30266,EMP-108,CC-100,2024-04-24,2024-04-25,Office Misc,Office Depot,Atlanta,66.99,66.99,No,EMP-102,Approved,2024-05-02
EXP-30267,EMP-132,CC-400,2024-04-24,2024-04-29,Office Misc,Staples Direct,Los Angeles,236.89,236.89,Yes,EMP-101,Approved,2024-05-06
EXP-30268,EMP-128,CC-500,2024-04-25,2024-05-03,Lodging,Hyatt Regency,London,423.53,423.53,Yes,EMP-104,Approved,2024-05-10
EXP-30269,EMP-119,CC-500,2024-04-25,2024-04-27,Airfare,American Airlines,London,1278.34,1278.34,Yes,EMP-102,Approved,2024-05-04
EXP-30270,EMP-118,CC-500,2024-04-25,2024-05-03,Meals & Entertainment,Ocean Prime,Seattle,200.75,200.75,Yes,EMP-101,Approved,2024-05-10
EXP-30271,EMP-125,CC-500,2024-04-25,2024-04-30,Tech Hardware,B&H Photo Video,San Francisco,529.98,529.98,Yes,EMP-101,Approved,2024-05-07
EXP-30273,EMP-135,CC-500,2024-04-26,2024-05-05,Office Misc,Amazon Prime Business,Seattle,234.05,234.05,Yes,EMP-101,Approved,2024-05-12
EXP-30272,EMP-117,CC-100,2024-04-26,2024-05-03,Meals & Entertainment,Starbucks Coffee,New York,79.73,79.73,Yes,EMP-101,Approved,2024-05-10
EXP-31706,EMP-129,CC-300,2024-04-27,2024-04-28,Meals & Entertainment,Luxury VIP Lounge Club,Los Angeles,146.82,146.82,No,EMP-103,Approved,2024-05-03
EXP-30274,EMP-118,CC-500,2024-04-27,2024-05-01,Tech Hardware,Best Buy Enterprise,Dallas,739.64,739.64,Yes,EMP-101,Approved,2024-05-08
EXP-30275,EMP-123,CC-200,2024-04-27,2024-05-05,Office Misc,Amazon Prime Business,Chicago,218.03,218.03,Yes,EMP-101,Approved,2024-05-12
EXP-30276,EMP-126,CC-500,2024-04-27,2024-04-28,Meals & Entertainment,Local Bistro & Cafe,Seattle,71.87,71.87,Yes,EMP-103,Approved,2024-05-05
EXP-30279,EMP-117,CC-100,2024-04-28,2024-05-04,Meals & Entertainment,Capital Grille,Atlanta,219.38,219.38,Yes,EMP-101,Approved,2024-05-11
EXP-30277,EMP-131,CC-300,2024-04-28,2024-05-07,Meals & Entertainment,Local Bistro & Cafe,London,25.89,25.89,Yes,EMP-103,Approved,2024-05-14
EXP-30278,EMP-119,CC-500,2024-04-28,2024-05-08,Lodging,Hilton Hotels,Atlanta,696.87,696.87,Yes,EMP-102,Approved,2024-05-15
EXP-31707,EMP-129,CC-300,2024-04-28,2024-04-29,Meals & Entertainment,Platinum Sky Lounge,Los Angeles,149.02,149.02,No,EMP-103,Approved,2024-05-04
EXP-30280,EMP-102,CC-200,2024-04-29,2024-05-05,Office Misc,FedEx Office,Seattle,205.94,205.94,Yes,EMP-101,Approved,2024-05-12
EXP-30281,EMP-112,CC-500,2024-04-30,2024-05-01,Tech Hardware,CDW Direct,Atlanta,636.66,636.66,Yes,EMP-101,Approved,2024-05-08
EXP-30282,EMP-112,CC-500,2024-05-01,2024-05-09,Tech Hardware,Best Buy Enterprise,Los Angeles,881.79,881.79,Yes,EMP-101,Approved,2024-05-16
EXP-30283,EMP-110,CC-500,2024-05-02,2024-05-08,Tech Hardware,CDW Direct,Dallas,816.68,816.68,Yes,EMP-101,Approved,2024-05-15
EXP-30284,EMP-101,CC-100,2024-05-02,2024-05-05,Lodging,Westin Suites,Los Angeles,222.5,222.5,Yes,EMP-101,Approved,2024-05-12
EXP-30285,EMP-123,CC-200,2024-05-02,2024-05-03,Airfare,American Airlines,Los Angeles,1060.41,1060.41,Yes,EMP-101,Approved,2024-05-10
EXP-30286,EMP-112,CC-500,2024-05-03,2024-05-07,Tech Hardware,Apple Store,Dallas,370.2,370.2,Yes,EMP-101,Approved,2024-05-14
EXP-30287,EMP-109,CC-600,2024-05-03,2024-05-07,Ground Transport,Yellow Cab Co,Dallas,77.43,77.43,Yes,EMP-102,Approved,2024-05-14
EXP-30288,EMP-140,CC-200,2024-05-04,2024-05-06,Meals & Entertainment,Capital Grille,New York,180.51,180.51,Yes,EMP-104,Approved,2024-05-13
EXP-30289,EMP-116,CC-200,2024-05-04,2024-05-07,Office Misc,FedEx Office,Los Angeles,90.45,90.45,Yes,EMP-104,Approved,2024-05-14
EXP-30290,EMP-112,CC-500,2024-05-04,2024-05-11,Ground Transport,Hertz Car Rental,Chicago,60.45,60.45,Yes,EMP-101,Approved,2024-05-18
EXP-31708,EMP-129,CC-300,2024-05-04,2024-05-05,Meals & Entertainment,Apex Gastronomy Club,Los Angeles,149.33,149.33,No,EMP-103,Approved,2024-05-10
EXP-31709,EMP-129,CC-300,2024-05-05,2024-05-06,Meals & Entertainment,Apex Gastronomy Club,Los Angeles,144.09,144.09,No,EMP-103,Approved,2024-05-11
EXP-30293,EMP-128,CC-500,2024-05-05,2024-05-11,Airfare,Lufthansa,New York,963.83,963.83,Yes,EMP-104,Approved,2024-05-18
EXP-30292,EMP-123,CC-200,2024-05-05,2024-05-10,Meals & Entertainment,Morton's The Steakhouse,Seattle,211.14,211.14,Yes,EMP-101,Approved,2024-05-17
EXP-30291,EMP-123,CC-200,2024-05-05,2024-05-14,Airfare,Delta Air Lines,Seattle,870.71,870.71,Yes,EMP-101,Approved,2024-05-21
EXP-30294,EMP-120,CC-600,2024-05-06,2024-05-10,Meals & Entertainment,Morton's The Steakhouse,Seattle,172.38,172.38,Yes,EMP-101,Approved,2024-05-17
EXP-30295,EMP-103,CC-300,2024-05-06,2024-05-08,Ground Transport,Lyft Inc,London,32.36,32.36,Yes,EMP-101,Approved,2024-05-15
EXP-30297,EMP-107,CC-600,2024-05-08,2024-05-14,Lodging,Marriott International,Seattle,736.41,736.41,Yes,EMP-101,Approved,2024-05-21
EXP-30298,EMP-111,CC-700,2024-05-08,2024-05-15,Ground Transport,Hertz Car Rental,New York,31.38,31.38,No,EMP-102,Approved,2024-05-22
EXP-30299,EMP-108,CC-100,2024-05-09,2024-05-19,Tech Hardware,B&H Photo Video,Atlanta,317.77,317.77,Yes,EMP-102,Approved,2024-05-26
EXP-30300,EMP-104,CC-400,2024-05-09,2024-05-16,Ground Transport,Yellow Cab Co,San Francisco,24.46,24.46,Yes,EMP-101,Approved,2024-05-23
EXP-30302,EMP-120,CC-600,2024-05-10,2024-05-20,Meals & Entertainment,Ruth's Chris Steak House,Seattle,165.62,165.62,Yes,EMP-101,Approved,2024-05-27
EXP-30301,EMP-116,CC-200,2024-05-10,2024-05-18,Tech Hardware,CDW Direct,New York,607.62,607.62,Yes,EMP-104,Approved,2024-05-25
EXP-30303,EMP-109,CC-600,2024-05-10,2024-05-12,Office Misc,Amazon Prime Business,London,80.06,80.06,Yes,EMP-102,Approved,2024-05-19
EXP-31710,EMP-129,CC-300,2024-05-11,2024-05-12,Meals & Entertainment,Executive Cigar & Wine Cellar,Los Angeles,142.84,142.84,No,EMP-103,Approved,2024-05-17
EXP-30304,EMP-114,CC-400,2024-05-11,2024-05-17,Meals & Entertainment,Capital Grille,Los Angeles,85.17,85.17,Yes,EMP-102,Approved,2024-05-24
EXP-30305,EMP-106,CC-600,2024-05-11,2024-05-17,Office Misc,FedEx Office,Chicago,42.58,42.58,Yes,EMP-101,Approved,2024-05-24
EXP-30306,EMP-116,CC-200,2024-05-11,2024-05-14,Ground Transport,Hertz Car Rental,Seattle,21.56,21.56,Yes,EMP-104,Approved,2024-05-21
EXP-30307,EMP-116,CC-200,2024-05-11,2024-05-17,Airfare,United Airlines,Dallas,489.14,489.14,Yes,EMP-104,Approved,2024-05-24
EXP-30308,EMP-130,CC-100,2024-05-12,2024-05-18,Lodging,Westin Suites,New York,253.83,253.83,Yes,EMP-102,Approved,2024-05-25
EXP-30309,EMP-102,CC-200,2024-05-12,2024-05-14,Office Misc,FedEx Office,Dallas,72.7,72.7,Yes,EMP-101,Approved,2024-05-21
EXP-31711,EMP-129,CC-300,2024-05-12,2024-05-13,Meals & Entertainment,Platinum Sky Lounge,Los Angeles,142.73,142.73,No,EMP-103,Approved,2024-05-18
EXP-30310,EMP-120,CC-600,2024-05-13,2024-05-15,Lodging,Sheraton Grand,Seattle,330.77,330.77,Yes,EMP-101,Approved,2024-05-22
EXP-30311,EMP-111,CC-700,2024-05-13,2024-05-15,Office Misc,Amazon Prime Business,London,56.11,56.11,Yes,EMP-102,Approved,2024-05-22
EXP-30312,EMP-127,CC-100,2024-05-13,2024-05-21,Lodging,Westin Suites,New York,815.64,815.64,Yes,EMP-103,Approved,2024-05-28
EXP-30313,EMP-122,CC-400,2024-05-14,2024-05-23,Airfare,British Airways,San Francisco,1250.09,1250.09,Yes,EMP-102,Approved,2024-05-30
EXP-30314,EMP-128,CC-500,2024-05-14,2024-05-23,Lodging,Westin Suites,New York,678.24,678.24,Yes,EMP-104,Approved,2024-05-30
EXP-30317,EMP-114,CC-400,2024-05-15,2024-05-17,Office Misc,Amazon Prime Business,Atlanta,201.16,201.16,Yes,EMP-102,Approved,2024-05-24
EXP-30315,EMP-110,CC-500,2024-05-15,2024-05-17,Lodging,Marriott International,San Francisco,446.04,446.04,Yes,EMP-101,Approved,2024-05-24
EXP-30318,EMP-137,CC-500,2024-05-16,2024-05-21,Tech Hardware,B&H Photo Video,London,151.03,151.03,Yes,EMP-104,Approved,2024-05-28
EXP-30319,EMP-139,CC-200,2024-05-16,2024-05-17,Office Misc,Office Depot,Seattle,219.95,219.95,Yes,EMP-101,Approved,2024-05-24
EXP-30320,EMP-101,CC-100,2024-05-17,2024-05-24,Lodging,Marriott International,Chicago,700.0,700.0,Yes,EMP-101,Approved,2024-05-31
EXP-30321,EMP-134,CC-600,2024-05-17,2024-05-18,Lodging,Westin Suites,London,551.82,551.82,Yes,EMP-103,Approved,2024-05-25
EXP-30324,EMP-126,CC-500,2024-05-18,2024-05-28,Airfare,United Airlines,Los Angeles,635.81,635.81,Yes,EMP-103,Approved,2024-06-04
EXP-31712,EMP-129,CC-300,2024-05-18,2024-05-19,Meals & Entertainment,Executive Cigar & Wine Cellar,Los Angeles,143.05,143.05,No,EMP-103,Approved,2024-05-24
EXP-30322,EMP-120,CC-600,2024-05-18,2024-05-24,Office Misc,FedEx Office,Los Angeles,67.42,67.42,Yes,EMP-101,Approved,2024-05-31
EXP-30325,EMP-118,CC-500,2024-05-19,2024-05-21,Ground Transport,Avis Rent A Car,Seattle,40.92,40.92,Yes,EMP-101,Approved,2024-05-28
EXP-30326,EMP-110,CC-500,2024-05-19,2024-05-23,Lodging,Sheraton Grand,New York,209.92,209.92,Yes,EMP-101,Approved,2024-05-30
EXP-30327,EMP-109,CC-600,2024-05-19,2024-05-25,Ground Transport,Lyft Inc,New York,21.73,21.73,Yes,EMP-102,Approved,2024-06-01
EXP-31713,EMP-129,CC-300,2024-05-19,2024-05-20,Meals & Entertainment,Private Dining Room Riviera,Los Angeles,148.62,148.62,No,EMP-103,Approved,2024-05-25
EXP-30328,EMP-125,CC-500,2024-05-20,2024-05-21,Airfare,Delta Air Lines,Dallas,517.67,517.67,Yes,EMP-101,Approved,2024-05-28
EXP-30329,EMP-135,CC-500,2024-05-20,2024-05-23,Office Misc,Staples Direct,Seattle,205.14,205.14,No,EMP-101,Approved,2024-05-30
EXP-30330,EMP-113,CC-700,2024-05-21,2024-05-28,Office Misc,Office Depot,Atlanta,145.05,145.05,Yes,EMP-103,Approved,2024-06-04
EXP-30331,EMP-101,CC-100,2024-05-21,2024-05-29,Lodging,Westin Suites,New York,614.5,614.5,Yes,EMP-101,Approved,2024-06-05
EXP-30332,EMP-139,CC-200,2024-05-22,2024-05-29,Airfare,British Airways,Dallas,1030.42,1030.42,Yes,EMP-101,Approved,2024-06-05
EXP-30333,EMP-103,CC-300,2024-05-22,2024-05-27,Airfare,Delta Air Lines,Seattle,485.87,485.87,Yes,EMP-101,Approved,2024-06-03
EXP-30334,EMP-107,CC-600,2024-05-22,2024-05-29,Airfare,British Airways,Los Angeles,829.59,829.59,Yes,EMP-101,Approved,2024-06-05
EXP-30335,EMP-102,CC-200,2024-05-23,2024-05-31,Office Misc,FedEx Office,New York,69.67,69.67,No,EMP-101,Approved,2024-06-07
EXP-30336,EMP-124,CC-700,2024-05-23,2024-05-28,Airfare,Delta Air Lines,New York,1003.33,1003.33,Yes,EMP-104,Approved,2024-06-04
EXP-30338,EMP-108,CC-100,2024-05-24,2024-05-26,Tech Hardware,Best Buy Enterprise,London,599.18,599.18,Yes,EMP-102,Approved,2024-06-02
EXP-30340,EMP-108,CC-100,2024-05-24,2024-05-28,Office Misc,Amazon Prime Business,Chicago,216.22,216.22,Yes,EMP-102,Approved,2024-06-04
EXP-30337,EMP-127,CC-100,2024-05-24,2024-05-30,Tech Hardware,B&H Photo Video,Chicago,797.68,797.68,Yes,EMP-103,Approved,2024-06-06
EXP-31714,EMP-129,CC-300,2024-05-25,2024-05-26,Meals & Entertainment,Executive Cigar & Wine Cellar,Los Angeles,145.02,145.02,No,EMP-103,Approved,2024-05-31
EXP-30341,EMP-109,CC-600,2024-05-25,2024-06-02,Office Misc,Amazon Prime Business,Atlanta,233.21,233.21,Yes,EMP-102,Approved,2024-06-09
EXP-30342,EMP-102,CC-200,2024-05-25,2024-05-27,Meals & Entertainment,Morton's The Steakhouse,London,65.46,65.46,Yes,EMP-101,Approved,2024-06-03
EXP-30345,EMP-112,CC-500,2024-05-26,2024-05-27,Ground Transport,Avis Rent A Car,San Francisco,74.02,74.02,Yes,EMP-101,Approved,2024-06-03
EXP-30343,EMP-134,CC-600,2024-05-26,2024-05-29,Ground Transport,Hertz Car Rental,Los Angeles,30.77,30.77,Yes,EMP-103,Approved,2024-06-05
EXP-30344,EMP-119,CC-500,2024-05-26,2024-06-02,Office Misc,Amazon Prime Business,New York,96.42,96.42,Yes,EMP-102,Approved,2024-06-09
EXP-31715,EMP-129,CC-300,2024-05-26,2024-05-27,Meals & Entertainment,Apex Gastronomy Club,Los Angeles,143.43,143.43,No,EMP-103,Approved,2024-06-01
EXP-30346,EMP-105,CC-200,2024-05-27,2024-05-30,Ground Transport,Avis Rent A Car,New York,70.68,70.68,Yes,EMP-102,Approved,2024-06-06
EXP-30347,EMP-107,CC-600,2024-05-27,2024-05-29,Meals & Entertainment,Capital Grille,Dallas,124.71,124.71,Yes,EMP-101,Approved,2024-06-05
EXP-30348,EMP-135,CC-500,2024-05-27,2024-06-03,Office Misc,Amazon Prime Business,San Francisco,225.18,225.18,Yes,EMP-101,Approved,2024-06-10
EXP-30349,EMP-117,CC-100,2024-05-28,2024-06-07,Ground Transport,Hertz Car Rental,Atlanta,59.48,59.48,Yes,EMP-101,Approved,2024-06-14
EXP-30350,EMP-131,CC-300,2024-05-29,2024-06-02,Airfare,United Airlines,Atlanta,928.77,928.77,No,EMP-103,Approved,2024-06-09
EXP-30351,EMP-118,CC-500,2024-05-29,2024-06-02,Tech Hardware,Best Buy Enterprise,London,867.06,867.06,Yes,EMP-101,Approved,2024-06-09
EXP-30353,EMP-139,CC-200,2024-05-30,2024-06-06,Airfare,United Airlines,London,1331.79,1331.79,Yes,EMP-101,Approved,2024-06-13
EXP-30352,EMP-106,CC-600,2024-05-30,2024-06-02,Meals & Entertainment,Local Bistro & Cafe,Chicago,170.63,170.63,Yes,EMP-101,Approved,2024-06-09
EXP-30354,EMP-105,CC-200,2024-05-31,2024-06-03,Airfare,American Airlines,Los Angeles,745.98,745.98,Yes,EMP-102,Approved,2024-06-10
EXP-30355,EMP-106,CC-600,2024-05-31,2024-06-03,Tech Hardware,B&H Photo Video,Chicago,284.7,284.7,Yes,EMP-101,Approved,2024-06-10
EXP-31716,EMP-129,CC-300,2024-06-01,2024-06-02,Meals & Entertainment,Apex Gastronomy Club,Los Angeles,144.91,144.91,No,EMP-103,Approved,2024-06-07
EXP-30356,EMP-113,CC-700,2024-06-01,2024-06-11,Airfare,Delta Air Lines,New York,818.67,818.67,Yes,EMP-103,Approved,2024-06-18
EXP-30360,EMP-122,CC-400,2024-06-02,2024-06-11,Ground Transport,Hertz Car Rental,New York,60.57,60.57,Yes,EMP-102,Approved,2024-06-18
EXP-30359,EMP-109,CC-600,2024-06-02,2024-06-11,Airfare,British Airways,New York,465.9,465.9,Yes,EMP-102,Approved,2024-06-18
EXP-31717,EMP-129,CC-300,2024-06-02,2024-06-03,Meals & Entertainment,Apex Gastronomy Club,Los Angeles,144.49,144.49,No,EMP-103,Approved,2024-06-08
EXP-30357,EMP-104,CC-400,2024-06-02,2024-06-11,Ground Transport,Hertz Car Rental,London,58.49,58.49,Yes,EMP-101,Approved,2024-06-18
EXP-30358,EMP-137,CC-500,2024-06-02,2024-06-03,Ground Transport,Hertz Car Rental,London,66.07,66.07,Yes,EMP-104,Approved,2024-06-10
EXP-30361,EMP-101,CC-100,2024-06-03,2024-06-09,Ground Transport,Uber Technologies,London,34.27,34.27,Yes,EMP-101,Approved,2024-06-16
EXP-30363,EMP-124,CC-700,2024-06-03,2024-06-10,Meals & Entertainment,Ocean Prime,Chicago,170.25,170.25,Yes,EMP-104,Approved,2024-06-17
EXP-30364,EMP-139,CC-200,2024-06-03,2024-06-12,Meals & Entertainment,Local Bistro & Cafe,Atlanta,67.49,67.49,Yes,EMP-101,Approved,2024-06-19
EXP-30362,EMP-116,CC-200,2024-06-03,2024-06-06,Airfare,British Airways,San Francisco,1220.55,1220.55,Yes,EMP-104,Approved,2024-06-13
EXP-30365,EMP-114,CC-400,2024-06-04,2024-06-07,Tech Hardware,Apple Store,Atlanta,706.92,706.92,Yes,EMP-102,Approved,2024-06-14
EXP-30366,EMP-114,CC-400,2024-06-05,2024-06-13,Office Misc,Office Depot,London,46.91,46.91,Yes,EMP-102,Approved,2024-06-20
EXP-30367,EMP-111,CC-700,2024-06-06,2024-06-10,Airfare,British Airways,San Francisco,1192.6,1192.6,Yes,EMP-102,Approved,2024-06-17
EXP-30368,EMP-108,CC-100,2024-06-06,2024-06-15,Lodging,Marriott International,London,591.33,591.33,Yes,EMP-102,Approved,2024-06-22
EXP-30369,EMP-138,CC-400,2024-06-06,2024-06-07,Airfare,Delta Air Lines,Dallas,1073.71,1073.71,Yes,EMP-102,Approved,2024-06-14
EXP-30370,EMP-139,CC-200,2024-06-07,2024-06-13,Meals & Entertainment,Starbucks Coffee,Dallas,97.46,97.46,Yes,EMP-101,Approved,2024-06-20
EXP-30371,EMP-122,CC-400,2024-06-07,2024-06-17,Office Misc,Amazon Prime Business,San Francisco,179.62,179.62,Yes,EMP-102,Approved,2024-06-24
EXP-30372,EMP-108,CC-100,2024-06-07,2024-06-11,Lodging,Sheraton Grand,Dallas,849.46,849.46,Yes,EMP-102,Approved,2024-06-18
EXP-30373,EMP-121,CC-200,2024-06-08,2024-06-10,Meals & Entertainment,Ruth's Chris Steak House,London,182.7,182.7,Yes,EMP-101,Approved,2024-06-17
EXP-31718,EMP-129,CC-300,2024-06-08,2024-06-09,Meals & Entertainment,Private Dining Room Riviera,Los Angeles,149.93,149.93,No,EMP-103,Approved,2024-06-14
EXP-30375,EMP-127,CC-100,2024-06-09,2024-06-16,Lodging,Marriott International,Chicago,653.47,653.47,Yes,EMP-103,Approved,2024-06-23
EXP-30376,EMP-108,CC-100,2024-06-09,2024-06-14,Office Misc,Amazon Prime Business,San Francisco,155.72,155.72,Yes,EMP-102,Approved,2024-06-21
EXP-31719,EMP-129,CC-300,2024-06-09,2024-06-10,Meals & Entertainment,Private Dining Room Riviera,Los Angeles,148.95,148.95,No,EMP-103,Approved,2024-06-15
EXP-30374,EMP-112,CC-500,2024-06-09,2024-06-14,Meals & Entertainment,Local Bistro & Cafe,New York,147.72,147.72,Yes,EMP-101,Approved,2024-06-21
EXP-30377,EMP-114,CC-400,2024-06-10,2024-06-16,Office Misc,FedEx Office,Seattle,81.43,81.43,Yes,EMP-102,Approved,2024-06-23
EXP-30380,EMP-138,CC-400,2024-06-11,2024-06-12,Tech Hardware,B&H Photo Video,Chicago,811.12,811.12,Yes,EMP-102,Approved,2024-06-19
EXP-30379,EMP-122,CC-400,2024-06-11,2024-06-16,Tech Hardware,Apple Store,Atlanta,880.55,880.55,Yes,EMP-102,Approved,2024-06-23
EXP-30378,EMP-139,CC-200,2024-06-11,2024-06-20,Lodging,Marriott International,London,580.54,580.54,Yes,EMP-101,Approved,2024-06-27
EXP-30383,EMP-140,CC-200,2024-06-12,2024-06-20,Ground Transport,Lyft Inc,Atlanta,52.87,52.87,Yes,EMP-104,Approved,2024-06-27
EXP-30381,EMP-139,CC-200,2024-06-12,2024-06-16,Lodging,Marriott International,London,503.91,503.91,Yes,EMP-101,Approved,2024-06-23
EXP-30382,EMP-106,CC-600,2024-06-12,2024-06-16,Ground Transport,Avis Rent A Car,New York,23.12,23.12,Yes,EMP-101,Approved,2024-06-23
EXP-30384,EMP-115,CC-500,2024-06-13,2024-06-16,Office Misc,FedEx Office,Los Angeles,185.4,185.4,Yes,EMP-101,Approved,2024-06-23
EXP-30385,EMP-111,CC-700,2024-06-14,2024-06-23,Office Misc,FedEx Office,New York,181.44,181.44,Yes,EMP-102,Approved,2024-06-30
EXP-30386,EMP-115,CC-500,2024-06-14,2024-06-18,Airfare,British Airways,San Francisco,544.07,544.07,Yes,EMP-101,Approved,2024-06-25
EXP-30387,EMP-120,CC-600,2024-06-14,2024-06-19,Airfare,Delta Air Lines,New York,1031.25,1031.25,Yes,EMP-101,Approved,2024-06-26
EXP-30388,EMP-136,CC-300,2024-06-15,2024-06-20,Meals & Entertainment,Capital Grille,Los Angeles,55.68,55.68,Yes,EMP-104,Approved,2024-06-27
EXP-31720,EMP-129,CC-300,2024-06-15,2024-06-16,Meals & Entertainment,Luxury VIP Lounge Club,Los Angeles,148.58,148.58,No,EMP-103,Approved,2024-06-21
EXP-30390,EMP-106,CC-600,2024-06-16,2024-06-22,Airfare,Lufthansa,Atlanta,1040.24,1040.24,Yes,EMP-101,Approved,2024-06-29
EXP-30391,EMP-118,CC-500,2024-06-16,2024-06-24,Airfare,Lufthansa,Dallas,458.2,458.2,Yes,EMP-101,Approved,2024-07-01
EXP-31721,EMP-129,CC-300,2024-06-16,2024-06-17,Meals & Entertainment,Luxury VIP Lounge Club,Los Angeles,147.99,147.99,No,EMP-103,Approved,2024-06-22
EXP-30389,EMP-124,CC-700,2024-06-16,2024-06-22,Airfare,Lufthansa,Dallas,811.18,811.18,Yes,EMP-104,Approved,2024-06-29
EXP-30392,EMP-140,CC-200,2024-06-17,2024-06-23,Office Misc,Office Depot,San Francisco,132.84,132.84,Yes,EMP-104,Approved,2024-06-30
EXP-30394,EMP-112,CC-500,2024-06-17,2024-06-21,Ground Transport,Uber Technologies,New York,20.09,20.09,Yes,EMP-101,Approved,2024-06-28
EXP-30393,EMP-109,CC-600,2024-06-17,2024-06-27,Meals & Entertainment,Morton's The Steakhouse,New York,158.45,158.45,Yes,EMP-102,Approved,2024-07-04
EXP-30395,EMP-118,CC-500,2024-06-18,2024-06-21,Lodging,Westin Suites,Chicago,203.61,203.61,Yes,EMP-101,Approved,2024-06-28
EXP-30396,EMP-125,CC-500,2024-06-18,2024-06-25,Office Misc,Amazon Prime Business,Atlanta,158.28,158.28,Yes,EMP-101,Approved,2024-07-02
EXP-30397,EMP-137,CC-500,2024-06-19,2024-06-21,Meals & Entertainment,Capital Grille,San Francisco,129.77,129.77,Yes,EMP-104,Approved,2024-06-28
EXP-30398,EMP-106,CC-600,2024-06-19,2024-06-20,Airfare,Lufthansa,San Francisco,989.27,989.27,Yes,EMP-101,Approved,2024-06-27
EXP-30399,EMP-115,CC-500,2024-06-19,2024-06-22,Meals & Entertainment,Capital Grille,Dallas,152.47,152.47,Yes,EMP-101,Approved,2024-06-29
EXP-30400,EMP-112,CC-500,2024-06-20,2024-06-24,Tech Hardware,Best Buy Enterprise,Dallas,580.62,580.62,Yes,EMP-101,Approved,2024-07-01
EXP-30401,EMP-134,CC-600,2024-06-20,2024-06-28,Tech Hardware,Best Buy Enterprise,San Francisco,420.22,420.22,Yes,EMP-103,Approved,2024-07-05
EXP-30403,EMP-124,CC-700,2024-06-21,2024-06-30,Meals & Entertainment,Capital Grille,Dallas,73.57,73.57,Yes,EMP-104,Approved,2024-07-07
EXP-30402,EMP-134,CC-600,2024-06-21,2024-06-30,Ground Transport,Avis Rent A Car,Dallas,74.34,74.34,Yes,EMP-103,Approved,2024-07-07
EXP-30405,EMP-122,CC-400,2024-06-21,2024-06-30,Airfare,Lufthansa,Seattle,521.24,521.24,Yes,EMP-102,Approved,2024-07-07
EXP-30404,EMP-140,CC-200,2024-06-21,2024-06-29,Lodging,Westin Suites,Seattle,410.16,410.16,Yes,EMP-104,Approved,2024-07-06
EXP-31722,EMP-129,CC-300,2024-06-22,2024-06-23,Meals & Entertainment,Luxury VIP Lounge Club,Los Angeles,145.68,145.68,No,EMP-103,Approved,2024-06-28
EXP-30406,EMP-140,CC-200,2024-06-22,2024-06-30,Meals & Entertainment,Local Bistro & Cafe,Dallas,196.43,196.43,Yes,EMP-104,Approved,2024-07-07
EXP-30407,EMP-101,CC-100,2024-06-22,2024-07-02,Lodging,Westin Suites,Atlanta,720.47,720.47,Yes,EMP-101,Approved,2024-07-09
EXP-30408,EMP-128,CC-500,2024-06-22,2024-06-24,Meals & Entertainment,Morton's The Steakhouse,San Francisco,87.93,87.93,Yes,EMP-104,Approved,2024-07-01
EXP-30409,EMP-131,CC-300,2024-06-22,2024-06-24,Ground Transport,Hertz Car Rental,Los Angeles,37.91,37.91,Yes,EMP-103,Approved,2024-07-01
EXP-30410,EMP-101,CC-100,2024-06-23,2024-07-02,Airfare,Lufthansa,Seattle,637.67,637.67,Yes,EMP-101,Approved,2024-07-09
EXP-30411,EMP-130,CC-100,2024-06-23,2024-07-03,Lodging,Hyatt Regency,Dallas,675.51,675.51,Yes,EMP-102,Approved,2024-07-10
EXP-31723,EMP-129,CC-300,2024-06-23,2024-06-24,Meals & Entertainment,Private Dining Room Riviera,Los Angeles,146.22,146.22,No,EMP-103,Approved,2024-06-29
EXP-30412,EMP-134,CC-600,2024-06-24,2024-07-04,Ground Transport,Avis Rent A Car,London,63.36,63.36,Yes,EMP-103,Approved,2024-07-11
EXP-30413,EMP-130,CC-100,2024-06-24,2024-06-25,Airfare,British Airways,New York,830.45,830.45,Yes,EMP-102,Approved,2024-07-02
EXP-30414,EMP-128,CC-500,2024-06-24,2024-07-04,Tech Hardware,Apple Store,New York,1038.59,1038.59,Yes,EMP-104,Approved,2024-07-11
EXP-30415,EMP-102,CC-200,2024-06-25,2024-07-03,Lodging,Westin Suites,Dallas,713.4,713.4,Yes,EMP-101,Approved,2024-07-10
EXP-30417,EMP-133,CC-300,2024-06-26,2024-07-01,Ground Transport,Uber Technologies,New York,47.6,47.6,Yes,EMP-103,Approved,2024-07-08
EXP-30416,EMP-123,CC-200,2024-06-26,2024-07-02,Ground Transport,Avis Rent A Car,Seattle,18.0,18.0,Yes,EMP-101,Approved,2024-07-09
EXP-30419,EMP-128,CC-500,2024-06-27,2024-07-02,Tech Hardware,CDW Direct,Los Angeles,1077.09,1077.09,Yes,EMP-104,Approved,2024-07-09
EXP-30420,EMP-102,CC-200,2024-06-27,2024-07-07,Office Misc,FedEx Office,Atlanta,119.88,119.88,Yes,EMP-101,Approved,2024-07-14
EXP-30418,EMP-112,CC-500,2024-06-27,2024-07-03,Lodging,Hyatt Regency,San Francisco,829.67,829.67,Yes,EMP-101,Approved,2024-07-10
EXP-30421,EMP-122,CC-400,2024-06-28,2024-07-03,Meals & Entertainment,Ruth's Chris Steak House,Chicago,185.84,185.84,Yes,EMP-102,Approved,2024-07-10
EXP-30422,EMP-136,CC-300,2024-06-28,2024-07-07,Ground Transport,Uber Technologies,London,82.02,82.02,Yes,EMP-104,Approved,2024-07-14
EXP-31724,EMP-129,CC-300,2024-06-29,2024-06-30,Meals & Entertainment,Platinum Sky Lounge,Los Angeles,143.24,143.24,No,EMP-103,Approved,2024-07-05
EXP-30424,EMP-108,CC-100,2024-06-29,2024-07-03,Meals & Entertainment,Ruth's Chris Steak House,Chicago,89.44,89.44,Yes,EMP-102,Approved,2024-07-10
EXP-30425,EMP-132,CC-400,2024-06-29,2024-07-04,Ground Transport,Lyft Inc,Atlanta,85.34,85.34,Yes,EMP-101,Approved,2024-07-11
EXP-31725,EMP-129,CC-300,2024-06-30,2024-07-01,Meals & Entertainment,Executive Cigar & Wine Cellar,Los Angeles,148.36,148.36,No,EMP-103,Approved,2024-07-06
EXP-30427,EMP-104,CC-400,2024-06-30,2024-07-06,Office Misc,Amazon Prime Business,San Francisco,101.08,101.08,Yes,EMP-101,Approved,2024-07-13
EXP-30426,EMP-127,CC-100,2024-06-30,2024-07-07,Lodging,Westin Suites,Dallas,563.89,563.89,Yes,EMP-103,Approved,2024-07-14
EXP-30428,EMP-106,CC-600,2024-06-30,2024-07-10,Airfare,Delta Air Lines,Chicago,811.24,811.24,Yes,EMP-101,Approved,2024-07-17
EXP-30430,EMP-110,CC-500,2024-07-01,2024-07-08,Office Misc,Amazon Prime Business,London,107.06,107.06,Yes,EMP-101,Approved,2024-07-15
EXP-30429,EMP-140,CC-200,2024-07-01,2024-07-10,Office Misc,Staples Direct,Los Angeles,197.0,197.0,Yes,EMP-104,Approved,2024-07-17
EXP-30431,EMP-114,CC-400,2024-07-02,2024-07-06,Ground Transport,Hertz Car Rental,Atlanta,29.29,29.29,Yes,EMP-102,Approved,2024-07-13
EXP-30432,EMP-120,CC-600,2024-07-03,2024-07-08,Office Misc,FedEx Office,San Francisco,168.35,168.35,Yes,EMP-101,Approved,2024-07-15
EXP-30433,EMP-139,CC-200,2024-07-03,2024-07-05,Ground Transport,Lyft Inc,San Francisco,26.08,26.08,Yes,EMP-101,Approved,2024-07-12
EXP-30434,EMP-115,CC-500,2024-07-04,2024-07-05,Meals & Entertainment,Ocean Prime,Atlanta,42.31,42.31,Yes,EMP-101,Approved,2024-07-12
EXP-30435,EMP-108,CC-100,2024-07-05,2024-07-13,Ground Transport,Hertz Car Rental,Dallas,84.71,84.71,Yes,EMP-102,Approved,2024-07-20
EXP-30436,EMP-128,CC-500,2024-07-05,2024-07-12,Lodging,Sheraton Grand,Chicago,440.04,440.04,Yes,EMP-104,Approved,2024-07-19
EXP-30437,EMP-103,CC-300,2024-07-06,2024-07-14,Tech Hardware,B&H Photo Video,London,428.21,428.21,Yes,EMP-101,Approved,2024-07-21
EXP-30438,EMP-124,CC-700,2024-07-06,2024-07-11,Tech Hardware,CDW Direct,Dallas,832.57,832.57,Yes,EMP-104,Approved,2024-07-18
EXP-31726,EMP-129,CC-300,2024-07-06,2024-07-07,Meals & Entertainment,Luxury VIP Lounge Club,Los Angeles,149.0,149.0,No,EMP-103,Approved,2024-07-12
EXP-30439,EMP-109,CC-600,2024-07-07,2024-07-15,Tech Hardware,CDW Direct,San Francisco,618.43,618.43,Yes,EMP-102,Approved,2024-07-22
EXP-30440,EMP-102,CC-200,2024-07-07,2024-07-16,Lodging,Sheraton Grand,Atlanta,492.04,492.04,Yes,EMP-101,Approved,2024-07-23
EXP-30441,EMP-102,CC-200,2024-07-07,2024-07-15,Meals & Entertainment,Capital Grille,Los Angeles,211.87,211.87,Yes,EMP-101,Approved,2024-07-22
EXP-31727,EMP-129,CC-300,2024-07-07,2024-07-08,Meals & Entertainment,Platinum Sky Lounge,Los Angeles,149.9,149.9,No,EMP-103,Approved,2024-07-13
EXP-30442,EMP-120,CC-600,2024-07-08,2024-07-10,Tech Hardware,B&H Photo Video,Seattle,359.71,359.71,Yes,EMP-101,Approved,2024-07-17
EXP-30443,EMP-131,CC-300,2024-07-08,2024-07-09,Lodging,Hilton Hotels,Los Angeles,596.73,596.73,Yes,EMP-103,Approved,2024-07-16
EXP-30444,EMP-103,CC-300,2024-07-09,2024-07-15,Tech Hardware,CDW Direct,Los Angeles,986.12,986.12,Yes,EMP-101,Approved,2024-07-22
EXP-30445,EMP-133,CC-300,2024-07-09,2024-07-15,Lodging,Hilton Hotels,Dallas,663.98,663.98,Yes,EMP-103,Approved,2024-07-22
EXP-30446,EMP-122,CC-400,2024-07-09,2024-07-12,Office Misc,Amazon Prime Business,Seattle,84.12,84.12,Yes,EMP-102,Approved,2024-07-19
EXP-30448,EMP-103,CC-300,2024-07-10,2024-07-20,Meals & Entertainment,Ocean Prime,Los Angeles,191.82,191.82,Yes,EMP-101,Approved,2024-07-27
EXP-30449,EMP-105,CC-200,2024-07-10,2024-07-16,Airfare,United Airlines,Dallas,964.16,964.16,Yes,EMP-102,Approved,2024-07-23
EXP-30447,EMP-109,CC-600,2024-07-10,2024-07-11,Ground Transport,Avis Rent A Car,Los Angeles,66.61,66.61,Yes,EMP-102,Approved,2024-07-18
EXP-30450,EMP-139,CC-200,2024-07-11,2024-07-13,Office Misc,Amazon Prime Business,Seattle,248.6,248.6,Yes,EMP-101,Approved,2024-07-20
EXP-30451,EMP-121,CC-200,2024-07-12,2024-07-17,Tech Hardware,Best Buy Enterprise,London,976.93,976.93,Yes,EMP-101,Approved,2024-07-24
EXP-30452,EMP-105,CC-200,2024-07-12,2024-07-19,Meals & Entertainment,Starbucks Coffee,Dallas,116.72,116.72,Yes,EMP-102,Approved,2024-07-26
EXP-30453,EMP-133,CC-300,2024-07-12,2024-07-17,Office Misc,Amazon Prime Business,London,177.16,177.16,Yes,EMP-103,Approved,2024-07-24
EXP-30454,EMP-127,CC-100,2024-07-13,2024-07-14,Ground Transport,Avis Rent A Car,Chicago,72.53,72.53,Yes,EMP-103,Approved,2024-07-21
EXP-30455,EMP-109,CC-600,2024-07-13,2024-07-23,Meals & Entertainment,Ocean Prime,Seattle,215.7,215.7,Yes,EMP-102,Approved,2024-07-30
EXP-30456,EMP-134,CC-600,2024-07-13,2024-07-17,Office Misc,Office Depot,Dallas,188.03,188.03,Yes,EMP-103,Approved,2024-07-24
EXP-31728,EMP-129,CC-300,2024-07-13,2024-07-14,Meals & Entertainment,Luxury VIP Lounge Club,Los Angeles,147.96,147.96,No,EMP-103,Approved,2024-07-19
EXP-31729,EMP-129,CC-300,2024-07-14,2024-07-15,Meals & Entertainment,Private Dining Room Riviera,Los Angeles,147.94,147.94,No,EMP-103,Approved,2024-07-20
EXP-30457,EMP-112,CC-500,2024-07-14,2024-07-19,Tech Hardware,Best Buy Enterprise,London,593.95,593.95,Yes,EMP-101,Approved,2024-07-26
EXP-30458,EMP-131,CC-300,2024-07-15,2024-07-18,Office Misc,Staples Direct,Atlanta,68.44,68.44,Yes,EMP-103,Approved,2024-07-25
EXP-30459,EMP-104,CC-400,2024-07-15,2024-07-24,Meals & Entertainment,Ruth's Chris Steak House,San Francisco,195.76,195.76,Yes,EMP-101,Approved,2024-07-31
EXP-30460,EMP-132,CC-400,2024-07-16,2024-07-26,Meals & Entertainment,Ocean Prime,San Francisco,66.58,66.58,Yes,EMP-101,Approved,2024-08-02
EXP-30461,EMP-133,CC-300,2024-07-17,2024-07-22,Meals & Entertainment,Capital Grille,Dallas,113.77,113.77,Yes,EMP-103,Approved,2024-07-29
EXP-30462,EMP-101,CC-100,2024-07-17,2024-07-18,Lodging,Hyatt Regency,Dallas,368.96,368.96,Yes,EMP-101,Approved,2024-07-25
EXP-30464,EMP-135,CC-500,2024-07-18,2024-07-26,Office Misc,Amazon Prime Business,Atlanta,98.22,98.22,Yes,EMP-101,Approved,2024-08-02
EXP-30463,EMP-111,CC-700,2024-07-18,2024-07-24,Office Misc,Staples Direct,London,171.93,171.93,Yes,EMP-102,Approved,2024-07-31
EXP-30465,EMP-107,CC-600,2024-07-18,2024-07-20,Lodging,Marriott International,San Francisco,795.51,795.51,Yes,EMP-101,Approved,2024-07-27
EXP-30466,EMP-110,CC-500,2024-07-19,2024-07-26,Meals & Entertainment,Local Bistro & Cafe,Seattle,63.14,63.14,Yes,EMP-101,Approved,2024-08-02
EXP-30468,EMP-139,CC-200,2024-07-20,2024-07-29,Meals & Entertainment,Morton's The Steakhouse,Los Angeles,182.72,182.72,Yes,EMP-101,Approved,2024-08-05
EXP-31730,EMP-129,CC-300,2024-07-20,2024-07-21,Meals & Entertainment,Platinum Sky Lounge,Los Angeles,149.89,149.89,No,EMP-103,Approved,2024-07-26
EXP-30467,EMP-106,CC-600,2024-07-20,2024-07-22,Meals & Entertainment,Capital Grille,Seattle,149.35,149.35,Yes,EMP-101,Approved,2024-07-29
EXP-30470,EMP-108,CC-100,2024-07-21,2024-07-24,Ground Transport,Avis Rent A Car,Seattle,76.36,76.36,Yes,EMP-102,Approved,2024-07-31
EXP-30471,EMP-114,CC-400,2024-07-21,2024-07-31,Airfare,Lufthansa,San Francisco,676.6,676.6,Yes,EMP-102,Approved,2024-08-07
EXP-30469,EMP-105,CC-200,2024-07-21,2024-07-30,Lodging,Westin Suites,Atlanta,401.3,401.3,Yes,EMP-102,Approved,2024-08-06
EXP-31731,EMP-129,CC-300,2024-07-21,2024-07-22,Meals & Entertainment,Apex Gastronomy Club,Los Angeles,143.97,143.97,No,EMP-103,Approved,2024-07-27
EXP-30472,EMP-103,CC-300,2024-07-22,2024-07-24,Office Misc,Office Depot,San Francisco,241.31,241.31,Yes,EMP-101,Approved,2024-07-31
EXP-30473,EMP-125,CC-500,2024-07-22,2024-07-25,Lodging,Hyatt Regency,Chicago,651.4,651.4,Yes,EMP-101,Approved,2024-08-01
EXP-30474,EMP-111,CC-700,2024-07-22,2024-07-26,Airfare,Lufthansa,Seattle,952.94,952.94,Yes,EMP-102,Approved,2024-08-02
EXP-30477,EMP-116,CC-200,2024-07-23,2024-07-24,Airfare,American Airlines,Seattle,730.57,730.57,Yes,EMP-104,Approved,2024-07-31
EXP-30476,EMP-113,CC-700,2024-07-23,2024-07-30,Meals & Entertainment,Ruth's Chris Steak House,New York,82.67,82.67,Yes,EMP-103,Approved,2024-08-06
EXP-30475,EMP-138,CC-400,2024-07-23,2024-07-29,Office Misc,Office Depot,Chicago,43.93,43.93,Yes,EMP-102,Approved,2024-08-05
EXP-30478,EMP-103,CC-300,2024-07-24,2024-08-01,Lodging,Marriott International,Dallas,378.88,378.88,Yes,EMP-101,Approved,2024-08-08
EXP-30479,EMP-106,CC-600,2024-07-24,2024-07-31,Office Misc,Office Depot,Los Angeles,165.66,165.66,Yes,EMP-101,Approved,2024-08-07
EXP-30480,EMP-121,CC-200,2024-07-25,2024-08-01,Meals & Entertainment,Ocean Prime,Atlanta,169.58,169.58,Yes,EMP-101,Approved,2024-08-08
EXP-30481,EMP-120,CC-600,2024-07-25,2024-07-28,Meals & Entertainment,Morton's The Steakhouse,New York,177.7,177.7,Yes,EMP-101,Approved,2024-08-04
EXP-30482,EMP-127,CC-100,2024-07-26,2024-08-02,Tech Hardware,CDW Direct,Seattle,310.34,310.34,Yes,EMP-103,Approved,2024-08-09
EXP-31732,EMP-129,CC-300,2024-07-27,2024-07-28,Meals & Entertainment,Private Dining Room Riviera,Los Angeles,145.76,145.76,No,EMP-103,Approved,2024-08-02
EXP-30483,EMP-140,CC-200,2024-07-27,2024-07-29,Office Misc,Office Depot,Los Angeles,122.26,122.26,Yes,EMP-104,Approved,2024-08-05
EXP-30484,EMP-125,CC-500,2024-07-28,2024-08-06,Office Misc,Office Depot,Los Angeles,42.95,42.95,Yes,EMP-101,Approved,2024-08-13
EXP-30485,EMP-111,CC-700,2024-07-28,2024-07-30,Office Misc,FedEx Office,Chicago,206.01,206.01,Yes,EMP-102,Approved,2024-08-06
EXP-30486,EMP-110,CC-500,2024-07-28,2024-07-30,Ground Transport,Yellow Cab Co,Chicago,29.7,29.7,Yes,EMP-101,Approved,2024-08-06
EXP-31733,EMP-129,CC-300,2024-07-28,2024-07-29,Meals & Entertainment,Private Dining Room Riviera,Los Angeles,144.28,144.28,No,EMP-103,Approved,2024-08-03
EXP-30487,EMP-126,CC-500,2024-07-29,2024-07-30,Lodging,Sheraton Grand,Atlanta,819.58,819.58,Yes,EMP-103,Approved,2024-08-06
EXP-30488,EMP-118,CC-500,2024-07-29,2024-07-30,Ground Transport,Yellow Cab Co,New York,75.42,75.42,Yes,EMP-101,Approved,2024-08-06
EXP-30490,EMP-113,CC-700,2024-07-30,2024-08-07,Lodging,Hilton Hotels,Los Angeles,211.24,211.24,Yes,EMP-103,Approved,2024-08-14
EXP-30489,EMP-123,CC-200,2024-07-30,2024-08-07,Ground Transport,Lyft Inc,Chicago,60.45,60.45,No,EMP-101,Approved,2024-08-14
EXP-30491,EMP-122,CC-400,2024-07-31,2024-08-04,Tech Hardware,B&H Photo Video,Chicago,416.79,416.79,Yes,EMP-102,Approved,2024-08-11
EXP-30492,EMP-108,CC-100,2024-07-31,2024-08-06,Lodging,Westin Suites,Seattle,239.21,239.21,Yes,EMP-102,Approved,2024-08-13
EXP-30495,EMP-112,CC-500,2024-08-01,2024-08-06,Meals & Entertainment,Ruth's Chris Steak House,Atlanta,177.72,177.72,Yes,EMP-101,Approved,2024-08-13
EXP-30493,EMP-103,CC-300,2024-08-01,2024-08-04,Meals & Entertainment,Starbucks Coffee,Los Angeles,162.77,162.77,Yes,EMP-101,Approved,2024-08-11
EXP-30494,EMP-134,CC-600,2024-08-01,2024-08-10,Ground Transport,Uber Technologies,Atlanta,21.38,21.38,No,EMP-103,Approved,2024-08-17
EXP-30496,EMP-126,CC-500,2024-08-02,2024-08-03,Office Misc,FedEx Office,Los Angeles,187.96,187.96,Yes,EMP-103,Approved,2024-08-10
EXP-30497,EMP-106,CC-600,2024-08-02,2024-08-07,Office Misc,FedEx Office,Atlanta,116.27,116.27,Yes,EMP-101,Approved,2024-08-14
EXP-30498,EMP-125,CC-500,2024-08-03,2024-08-06,Meals & Entertainment,Starbucks Coffee,Seattle,109.13,109.13,Yes,EMP-101,Approved,2024-08-13
EXP-31734,EMP-129,CC-300,2024-08-03,2024-08-04,Meals & Entertainment,Luxury VIP Lounge Club,Los Angeles,145.75,145.75,No,EMP-103,Approved,2024-08-09
EXP-30499,EMP-134,CC-600,2024-08-04,2024-08-14,Tech Hardware,B&H Photo Video,Atlanta,514.97,514.97,Yes,EMP-103,Approved,2024-08-21
EXP-31735,EMP-129,CC-300,2024-08-04,2024-08-05,Meals & Entertainment,Private Dining Room Riviera,Los Angeles,149.25,149.25,No,EMP-103,Approved,2024-08-10
EXP-30500,EMP-116,CC-200,2024-08-04,2024-08-05,Airfare,United Airlines,Atlanta,1041.95,1041.95,Yes,EMP-104,Approved,2024-08-12
EXP-30501,EMP-109,CC-600,2024-08-05,2024-08-09,Tech Hardware,Apple Store,New York,1191.9,1191.9,Yes,EMP-102,Approved,2024-08-16
EXP-30502,EMP-118,CC-500,2024-08-06,2024-08-14,Ground Transport,Yellow Cab Co,Dallas,69.24,69.24,Yes,EMP-101,Approved,2024-08-21
EXP-30503,EMP-137,CC-500,2024-08-07,2024-08-11,Tech Hardware,Apple Store,San Francisco,684.39,684.39,Yes,EMP-104,Approved,2024-08-18
EXP-30505,EMP-105,CC-200,2024-08-08,2024-08-18,Tech Hardware,Apple Store,Dallas,632.58,632.58,Yes,EMP-102,Approved,2024-08-25
EXP-30506,EMP-124,CC-700,2024-08-08,2024-08-12,Lodging,Hyatt Regency,London,265.86,265.86,Yes,EMP-104,Approved,2024-08-19
EXP-30504,EMP-117,CC-100,2024-08-08,2024-08-18,Tech Hardware,CDW Direct,San Francisco,738.13,738.13,Yes,EMP-101,Approved,2024-08-25
EXP-30508,EMP-109,CC-600,2024-08-09,2024-08-18,Office Misc,Amazon Prime Business,London,31.72,31.72,Yes,EMP-102,Approved,2024-08-25
EXP-30509,EMP-133,CC-300,2024-08-09,2024-08-15,Tech Hardware,B&H Photo Video,Atlanta,1026.45,1026.45,Yes,EMP-103,Approved,2024-08-22
EXP-30507,EMP-127,CC-100,2024-08-09,2024-08-15,Ground Transport,Lyft Inc,Los Angeles,81.15,81.15,Yes,EMP-103,Approved,2024-08-22
EXP-30510,EMP-138,CC-400,2024-08-10,2024-08-13,Lodging,Hyatt Regency,Chicago,764.67,764.67,Yes,EMP-102,Approved,2024-08-20
EXP-30511,EMP-111,CC-700,2024-08-10,2024-08-13,Office Misc,Office Depot,New York,145.93,145.93,Yes,EMP-102,Approved,2024-08-20
EXP-30512,EMP-114,CC-400,2024-08-10,2024-08-15,Airfare,British Airways,Seattle,798.45,798.45,Yes,EMP-102,Approved,2024-08-22
EXP-31736,EMP-129,CC-300,2024-08-10,2024-08-11,Meals & Entertainment,Platinum Sky Lounge,Los Angeles,147.77,147.77,No,EMP-103,Approved,2024-08-16
EXP-31737,EMP-129,CC-300,2024-08-11,2024-08-12,Meals & Entertainment,Platinum Sky Lounge,Los Angeles,148.7,148.7,No,EMP-103,Approved,2024-08-17
EXP-30513,EMP-132,CC-400,2024-08-11,2024-08-18,Ground Transport,Avis Rent A Car,Los Angeles,65.03,65.03,Yes,EMP-101,Approved,2024-08-25
EXP-30514,EMP-136,CC-300,2024-08-11,2024-08-21,Lodging,Sheraton Grand,Dallas,671.82,671.82,Yes,EMP-104,Approved,2024-08-28
EXP-30515,EMP-137,CC-500,2024-08-11,2024-08-17,Ground Transport,Hertz Car Rental,Chicago,24.11,24.11,Yes,EMP-104,Approved,2024-08-24
EXP-30516,EMP-131,CC-300,2024-08-12,2024-08-15,Meals & Entertainment,Morton's The Steakhouse,Seattle,141.94,141.94,Yes,EMP-103,Approved,2024-08-22
EXP-30517,EMP-132,CC-400,2024-08-13,2024-08-15,Meals & Entertainment,Local Bistro & Cafe,London,213.25,213.25,Yes,EMP-101,Approved,2024-08-22
EXP-30518,EMP-105,CC-200,2024-08-13,2024-08-16,Office Misc,FedEx Office,Atlanta,180.46,180.46,Yes,EMP-102,Approved,2024-08-23
EXP-30519,EMP-121,CC-200,2024-08-13,2024-08-19,Airfare,Delta Air Lines,London,795.62,795.62,Yes,EMP-101,Approved,2024-08-26
EXP-30522,EMP-101,CC-100,2024-08-14,2024-08-23,Airfare,Lufthansa,San Francisco,718.51,718.51,Yes,EMP-101,Approved,2024-08-30
EXP-30521,EMP-108,CC-100,2024-08-14,2024-08-21,Tech Hardware,B&H Photo Video,London,705.86,705.86,Yes,EMP-102,Approved,2024-08-28
EXP-30520,EMP-123,CC-200,2024-08-14,2024-08-21,Meals & Entertainment,Ruth's Chris Steak House,Seattle,176.84,176.84,Yes,EMP-101,Approved,2024-08-28
EXP-30523,EMP-108,CC-100,2024-08-15,2024-08-21,Ground Transport,Lyft Inc,Los Angeles,24.61,24.61,Yes,EMP-102,Approved,2024-08-28
EXP-30526,EMP-137,CC-500,2024-08-16,2024-08-17,Office Misc,FedEx Office,Atlanta,174.08,174.08,Yes,EMP-104,Approved,2024-08-24
EXP-30524,EMP-110,CC-500,2024-08-16,2024-08-21,Lodging,Hyatt Regency,Chicago,264.59,264.59,Yes,EMP-101,Approved,2024-08-28
EXP-30525,EMP-114,CC-400,2024-08-16,2024-08-23,Meals & Entertainment,Starbucks Coffee,Chicago,118.52,118.52,Yes,EMP-102,Approved,2024-08-30
EXP-31738,EMP-129,CC-300,2024-08-17,2024-08-18,Meals & Entertainment,Platinum Sky Lounge,Los Angeles,144.4,144.4,No,EMP-103,Approved,2024-08-23
EXP-30527,EMP-133,CC-300,2024-08-17,2024-08-21,Airfare,American Airlines,Los Angeles,1183.32,1183.32,Yes,EMP-103,Approved,2024-08-28
EXP-30528,EMP-136,CC-300,2024-08-17,2024-08-25,Airfare,Delta Air Lines,Seattle,1263.99,1263.99,Yes,EMP-104,Approved,2024-09-01
EXP-30529,EMP-124,CC-700,2024-08-17,2024-08-25,Tech Hardware,B&H Photo Video,Atlanta,1186.1,1186.1,Yes,EMP-104,Approved,2024-09-01
EXP-30530,EMP-117,CC-100,2024-08-18,2024-08-28,Meals & Entertainment,Ocean Prime,Los Angeles,92.28,92.28,Yes,EMP-101,Approved,2024-09-04
EXP-30531,EMP-126,CC-500,2024-08-18,2024-08-23,Airfare,Lufthansa,Atlanta,858.78,858.78,Yes,EMP-103,Approved,2024-08-30
EXP-31739,EMP-129,CC-300,2024-08-18,2024-08-19,Meals & Entertainment,Private Dining Room Riviera,Los Angeles,148.71,148.71,No,EMP-103,Approved,2024-08-24
EXP-30533,EMP-126,CC-500,2024-08-19,2024-08-22,Office Misc,FedEx Office,New York,53.56,53.56,Yes,EMP-103,Approved,2024-08-29
EXP-30532,EMP-126,CC-500,2024-08-19,2024-08-25,Office Misc,Staples Direct,London,59.93,59.93,Yes,EMP-103,Approved,2024-09-01
EXP-30534,EMP-123,CC-200,2024-08-19,2024-08-25,Ground Transport,Avis Rent A Car,Chicago,79.83,79.83,Yes,EMP-101,Approved,2024-09-01
EXP-30535,EMP-106,CC-600,2024-08-20,2024-08-21,Meals & Entertainment,Morton's The Steakhouse,San Francisco,133.63,133.63,Yes,EMP-101,Approved,2024-08-28
EXP-30536,EMP-121,CC-200,2024-08-21,2024-08-28,Tech Hardware,Best Buy Enterprise,New York,1109.9,1109.9,Yes,EMP-101,Approved,2024-09-04
EXP-30537,EMP-117,CC-100,2024-08-21,2024-08-30,Lodging,Westin Suites,Seattle,446.44,446.44,Yes,EMP-101,Approved,2024-09-06
EXP-30538,EMP-101,CC-100,2024-08-22,2024-08-28,Ground Transport,Yellow Cab Co,Los Angeles,82.0,82.0,Yes,EMP-101,Approved,2024-09-04
EXP-30539,EMP-137,CC-500,2024-08-22,2024-08-28,Office Misc,Office Depot,New York,130.34,130.34,Yes,EMP-104,Approved,2024-09-04
EXP-30540,EMP-110,CC-500,2024-08-22,2024-08-27,Tech Hardware,CDW Direct,Dallas,250.78,250.78,Yes,EMP-101,Approved,2024-09-03
EXP-30541,EMP-114,CC-400,2024-08-23,2024-09-02,Office Misc,Office Depot,Atlanta,231.88,231.88,Yes,EMP-102,Approved,2024-09-09
EXP-30542,EMP-116,CC-200,2024-08-24,2024-09-01,Tech Hardware,CDW Direct,London,435.72,435.72,Yes,EMP-104,Approved,2024-09-08
EXP-30543,EMP-125,CC-500,2024-08-24,2024-08-30,Meals & Entertainment,Local Bistro & Cafe,Los Angeles,118.87,118.87,Yes,EMP-101,Approved,2024-09-06
EXP-31740,EMP-129,CC-300,2024-08-24,2024-08-25,Meals & Entertainment,Apex Gastronomy Club,Los Angeles,145.7,145.7,No,EMP-103,Approved,2024-08-30
EXP-31741,EMP-129,CC-300,2024-08-25,2024-08-26,Meals & Entertainment,Apex Gastronomy Club,Los Angeles,143.61,143.61,No,EMP-103,Approved,2024-08-31
EXP-30545,EMP-132,CC-400,2024-08-25,2024-08-28,Airfare,American Airlines,Atlanta,1190.74,1190.74,Yes,EMP-101,Approved,2024-09-04
EXP-30544,EMP-117,CC-100,2024-08-25,2024-09-01,Office Misc,Staples Direct,Dallas,78.98,78.98,Yes,EMP-101,Approved,2024-09-08
EXP-30546,EMP-101,CC-100,2024-08-25,2024-08-29,Tech Hardware,CDW Direct,Los Angeles,661.22,661.22,Yes,EMP-101,Approved,2024-09-05
EXP-30547,EMP-114,CC-400,2024-08-26,2024-08-27,Meals & Entertainment,Local Bistro & Cafe,London,115.99,115.99,Yes,EMP-102,Approved,2024-09-03
EXP-30548,EMP-122,CC-400,2024-08-27,2024-08-31,Office Misc,FedEx Office,London,130.07,130.07,Yes,EMP-102,Approved,2024-09-07
EXP-30549,EMP-117,CC-100,2024-08-28,2024-09-05,Lodging,Marriott International,Dallas,645.14,645.14,Yes,EMP-101,Approved,2024-09-12
EXP-30550,EMP-123,CC-200,2024-08-28,2024-08-30,Meals & Entertainment,Ocean Prime,Seattle,103.25,103.25,Yes,EMP-101,Approved,2024-09-06
EXP-30551,EMP-118,CC-500,2024-08-28,2024-09-06,Office Misc,Amazon Prime Business,Dallas,50.95,50.95,Yes,EMP-101,Approved,2024-09-13
EXP-30553,EMP-124,CC-700,2024-08-29,2024-09-08,Meals & Entertainment,Local Bistro & Cafe,Los Angeles,187.63,187.63,Yes,EMP-104,Approved,2024-09-15
EXP-30552,EMP-130,CC-100,2024-08-29,2024-09-01,Lodging,Westin Suites,Seattle,281.6,281.6,Yes,EMP-102,Approved,2024-09-08
EXP-30554,EMP-123,CC-200,2024-08-29,2024-09-04,Ground Transport,Yellow Cab Co,Dallas,82.13,82.13,Yes,EMP-101,Approved,2024-09-11
EXP-30555,EMP-127,CC-100,2024-08-30,2024-09-08,Ground Transport,Uber Technologies,Chicago,78.63,78.63,Yes,EMP-103,Approved,2024-09-15
EXP-30556,EMP-108,CC-100,2024-08-31,2024-09-05,Lodging,Sheraton Grand,Chicago,339.69,339.69,Yes,EMP-102,Approved,2024-09-12
EXP-31742,EMP-129,CC-300,2024-08-31,2024-09-01,Meals & Entertainment,Platinum Sky Lounge,Los Angeles,147.9,147.9,No,EMP-103,Approved,2024-09-06
EXP-30557,EMP-120,CC-600,2024-08-31,2024-09-10,Airfare,British Airways,New York,614.2,614.2,Yes,EMP-101,Approved,2024-09-17
EXP-30558,EMP-107,CC-600,2024-09-01,2024-09-09,Meals & Entertainment,Starbucks Coffee,London,155.54,155.54,Yes,EMP-101,Approved,2024-09-16
EXP-30559,EMP-116,CC-200,2024-09-01,2024-09-11,Meals & Entertainment,Ruth's Chris Steak House,Seattle,164.16,164.16,Yes,EMP-104,Approved,2024-09-18
EXP-31743,EMP-129,CC-300,2024-09-01,2024-09-02,Meals & Entertainment,Executive Cigar & Wine Cellar,Los Angeles,143.0,143.0,No,EMP-103,Approved,2024-09-07
EXP-30560,EMP-114,CC-400,2024-09-02,2024-09-09,Ground Transport,Hertz Car Rental,Seattle,72.97,72.97,No,EMP-102,Approved,2024-09-16
EXP-30561,EMP-113,CC-700,2024-09-03,2024-09-11,Tech Hardware,B&H Photo Video,New York,170.26,170.26,Yes,EMP-103,Approved,2024-09-18
EXP-30562,EMP-102,CC-200,2024-09-03,2024-09-04,Office Misc,Office Depot,New York,126.43,126.43,Yes,EMP-101,Approved,2024-09-11
EXP-30564,EMP-134,CC-600,2024-09-04,2024-09-07,Meals & Entertainment,Morton's The Steakhouse,New York,102.58,102.58,Yes,EMP-103,Approved,2024-09-14
EXP-30563,EMP-118,CC-500,2024-09-04,2024-09-14,Tech Hardware,Apple Store,London,720.15,720.15,Yes,EMP-101,Approved,2024-09-21
EXP-30566,EMP-113,CC-700,2024-09-05,2024-09-11,Ground Transport,Avis Rent A Car,San Francisco,46.34,46.34,Yes,EMP-103,Approved,2024-09-18
EXP-30567,EMP-139,CC-200,2024-09-05,2024-09-08,Ground Transport,Uber Technologies,London,22.45,22.45,Yes,EMP-101,Approved,2024-09-15
EXP-30565,EMP-138,CC-400,2024-09-05,2024-09-09,Lodging,Westin Suites,Atlanta,478.26,478.26,Yes,EMP-102,Approved,2024-09-16
EXP-30568,EMP-118,CC-500,2024-09-06,2024-09-08,Airfare,United Airlines,San Francisco,1190.89,1190.89,Yes,EMP-101,Approved,2024-09-15
EXP-30569,EMP-140,CC-200,2024-09-06,2024-09-16,Airfare,Delta Air Lines,Dallas,549.04,549.04,Yes,EMP-104,Approved,2024-09-23
EXP-30572,EMP-102,CC-200,2024-09-07,2024-09-11,Lodging,Marriott International,Los Angeles,792.5,792.5,Yes,EMP-101,Approved,2024-09-18
EXP-31744,EMP-129,CC-300,2024-09-07,2024-09-08,Meals & Entertainment,Platinum Sky Lounge,Los Angeles,146.14,146.14,No,EMP-103,Approved,2024-09-13
EXP-30571,EMP-137,CC-500,2024-09-07,2024-09-12,Ground Transport,Avis Rent A Car,New York,91.2,91.2,Yes,EMP-104,Approved,2024-09-19
EXP-30570,EMP-111,CC-700,2024-09-07,2024-09-11,Ground Transport,Hertz Car Rental,San Francisco,51.28,51.28,Yes,EMP-102,Approved,2024-09-18
EXP-30575,EMP-117,CC-100,2024-09-08,2024-09-17,Office Misc,Office Depot,Chicago,225.0,225.0,Yes,EMP-101,Approved,2024-09-24
EXP-30573,EMP-128,CC-500,2024-09-08,2024-09-09,Meals & Entertainment,Local Bistro & Cafe,Chicago,101.02,101.02,Yes,EMP-104,Approved,2024-09-16
EXP-31745,EMP-129,CC-300,2024-09-08,2024-09-09,Meals & Entertainment,Luxury VIP Lounge Club,Los Angeles,149.07,149.07,No,EMP-103,Approved,2024-09-14
EXP-30574,EMP-122,CC-400,2024-09-08,2024-09-16,Lodging,Sheraton Grand,San Francisco,780.94,780.94,Yes,EMP-102,Approved,2024-09-23
EXP-30576,EMP-107,CC-600,2024-09-09,2024-09-12,Airfare,United Airlines,Chicago,1354.76,1354.76,Yes,EMP-101,Approved,2024-09-19
EXP-30577,EMP-111,CC-700,2024-09-09,2024-09-11,Meals & Entertainment,Capital Grille,Atlanta,41.11,41.11,Yes,EMP-102,Approved,2024-09-18
EXP-30579,EMP-121,CC-200,2024-09-09,2024-09-15,Ground Transport,Hertz Car Rental,Dallas,47.07,47.07,Yes,EMP-101,Approved,2024-09-22
EXP-30578,EMP-135,CC-500,2024-09-09,2024-09-14,Tech Hardware,Best Buy Enterprise,Seattle,1000.51,1000.51,Yes,EMP-101,Approved,2024-09-21
EXP-30580,EMP-121,CC-200,2024-09-10,2024-09-12,Meals & Entertainment,Morton's The Steakhouse,New York,46.33,46.33,Yes,EMP-101,Approved,2024-09-19
EXP-30582,EMP-102,CC-200,2024-09-11,2024-09-20,Office Misc,FedEx Office,Chicago,42.75,42.75,Yes,EMP-101,Approved,2024-09-27
EXP-30583,EMP-135,CC-500,2024-09-11,2024-09-18,Airfare,Lufthansa,San Francisco,816.79,816.79,Yes,EMP-101,Approved,2024-09-25
EXP-30581,EMP-122,CC-400,2024-09-11,2024-09-15,Airfare,United Airlines,Atlanta,1317.43,1317.43,Yes,EMP-102,Approved,2024-09-22
EXP-30586,EMP-104,CC-400,2024-09-12,2024-09-21,Airfare,Delta Air Lines,Chicago,815.06,815.06,Yes,EMP-101,Approved,2024-09-28
EXP-30585,EMP-105,CC-200,2024-09-12,2024-09-18,Meals & Entertainment,Starbucks Coffee,San Francisco,63.67,63.67,Yes,EMP-102,Approved,2024-09-25
EXP-30584,EMP-135,CC-500,2024-09-12,2024-09-15,Meals & Entertainment,Ocean Prime,New York,75.73,75.73,Yes,EMP-101,Approved,2024-09-22
EXP-30587,EMP-113,CC-700,2024-09-13,2024-09-20,Airfare,Lufthansa,London,1272.37,1272.37,Yes,EMP-103,Approved,2024-09-27
EXP-30588,EMP-130,CC-100,2024-09-13,2024-09-21,Ground Transport,Uber Technologies,Los Angeles,94.34,94.34,Yes,EMP-102,Approved,2024-09-28
EXP-31746,EMP-129,CC-300,2024-09-14,2024-09-15,Meals & Entertainment,Apex Gastronomy Club,Los Angeles,144.37,144.37,No,EMP-103,Approved,2024-09-20
EXP-30589,EMP-116,CC-200,2024-09-14,2024-09-20,Ground Transport,Avis Rent A Car,Chicago,75.02,75.02,No,EMP-104,Approved,2024-09-27
EXP-30590,EMP-127,CC-100,2024-09-14,2024-09-17,Office Misc,Amazon Prime Business,New York,170.03,170.03,Yes,EMP-103,Approved,2024-09-24
EXP-30591,EMP-132,CC-400,2024-09-14,2024-09-23,Lodging,Marriott International,Dallas,545.55,545.55,Yes,EMP-101,Approved,2024-09-30
EXP-30592,EMP-104,CC-400,2024-09-14,2024-09-24,Office Misc,FedEx Office,New York,140.22,140.22,Yes,EMP-101,Approved,2024-10-01
EXP-31747,EMP-129,CC-300,2024-09-15,2024-09-16,Meals & Entertainment,Private Dining Room Riviera,Los Angeles,146.25,146.25,No,EMP-103,Approved,2024-09-21
EXP-30593,EMP-111,CC-700,2024-09-15,2024-09-20,Ground Transport,Hertz Car Rental,Seattle,79.28,79.28,Yes,EMP-102,Approved,2024-09-27
EXP-30594,EMP-130,CC-100,2024-09-15,2024-09-21,Meals & Entertainment,Ruth's Chris Steak House,New York,103.25,103.25,Yes,EMP-102,Approved,2024-09-28
EXP-30595,EMP-115,CC-500,2024-09-16,2024-09-21,Tech Hardware,Apple Store,Atlanta,973.86,973.86,Yes,EMP-101,Approved,2024-09-28
EXP-30596,EMP-137,CC-500,2024-09-16,2024-09-20,Airfare,Lufthansa,London,1027.43,1027.43,Yes,EMP-104,Approved,2024-09-27
EXP-30597,EMP-122,CC-400,2024-09-16,2024-09-18,Office Misc,Office Depot,London,180.19,180.19,Yes,EMP-102,Approved,2024-09-25
EXP-30598,EMP-124,CC-700,2024-09-17,2024-09-26,Tech Hardware,Apple Store,San Francisco,566.96,566.96,Yes,EMP-104,Approved,2024-10-03
EXP-30599,EMP-126,CC-500,2024-09-17,2024-09-19,Ground Transport,Uber Technologies,London,39.35,39.35,Yes,EMP-103,Approved,2024-09-26
EXP-30600,EMP-116,CC-200,2024-09-17,2024-09-24,Airfare,Lufthansa,San Francisco,1019.5,1019.5,Yes,EMP-104,Approved,2024-10-01
EXP-30602,EMP-102,CC-200,2024-09-18,2024-09-27,Tech Hardware,B&H Photo Video,Seattle,982.3,982.3,No,EMP-101,Approved,2024-10-04
EXP-30601,EMP-122,CC-400,2024-09-18,2024-09-20,Lodging,Sheraton Grand,Los Angeles,274.2,274.2,Yes,EMP-102,Approved,2024-09-27
EXP-30603,EMP-139,CC-200,2024-09-18,2024-09-27,Lodging,Hilton Hotels,Seattle,545.31,545.31,Yes,EMP-101,Approved,2024-10-04
EXP-30604,EMP-140,CC-200,2024-09-19,2024-09-27,Office Misc,Office Depot,Los Angeles,119.82,119.82,Yes,EMP-104,Approved,2024-10-04
EXP-30605,EMP-106,CC-600,2024-09-20,2024-09-27,Ground Transport,Hertz Car Rental,Seattle,88.71,88.71,Yes,EMP-101,Approved,2024-10-04
EXP-30606,EMP-123,CC-200,2024-09-20,2024-09-25,Airfare,Delta Air Lines,Chicago,1121.12,1121.12,No,EMP-101,Approved,2024-10-02
EXP-30607,EMP-106,CC-600,2024-09-20,2024-09-30,Lodging,Westin Suites,San Francisco,306.9,306.9,Yes,EMP-101,Approved,2024-10-07
EXP-30608,EMP-138,CC-400,2024-09-21,2024-09-27,Office Misc,Amazon Prime Business,Los Angeles,234.98,234.98,Yes,EMP-102,Approved,2024-10-04
EXP-30609,EMP-139,CC-200,2024-09-21,2024-09-23,Ground Transport,Uber Technologies,London,89.53,89.53,Yes,EMP-101,Approved,2024-09-30
EXP-31748,EMP-129,CC-300,2024-09-21,2024-09-22,Meals & Entertainment,Executive Cigar & Wine Cellar,Los Angeles,143.79,143.79,No,EMP-103,Approved,2024-09-27
EXP-31749,EMP-129,CC-300,2024-09-22,2024-09-23,Meals & Entertainment,Apex Gastronomy Club,Los Angeles,147.78,147.78,No,EMP-103,Approved,2024-09-28
EXP-30612,EMP-106,CC-600,2024-09-22,2024-10-01,Ground Transport,Hertz Car Rental,San Francisco,76.58,76.58,Yes,EMP-101,Approved,2024-10-08
EXP-30611,EMP-120,CC-600,2024-09-22,2024-09-29,Airfare,United Airlines,Dallas,1305.58,1305.58,No,EMP-101,Approved,2024-10-06
EXP-30610,EMP-113,CC-700,2024-09-22,2024-09-23,Airfare,American Airlines,Atlanta,875.33,875.33,Yes,EMP-103,Approved,2024-09-30
EXP-30614,EMP-125,CC-500,2024-09-23,2024-10-01,Tech Hardware,CDW Direct,New York,943.86,943.86,Yes,EMP-101,Approved,2024-10-08
EXP-30615,EMP-130,CC-100,2024-09-24,2024-09-29,Office Misc,Amazon Prime Business,Los Angeles,32.07,32.07,Yes,EMP-102,Approved,2024-10-06
EXP-30616,EMP-121,CC-200,2024-09-24,2024-10-02,Office Misc,Amazon Prime Business,San Francisco,215.41,215.41,Yes,EMP-101,Approved,2024-10-09
EXP-30617,EMP-115,CC-500,2024-09-25,2024-10-03,Lodging,Hyatt Regency,Atlanta,681.44,681.44,Yes,EMP-101,Approved,2024-10-10
EXP-30620,EMP-114,CC-400,2024-09-26,2024-10-03,Airfare,Lufthansa,New York,1390.37,1390.37,No,EMP-102,Approved,2024-10-10
EXP-30618,EMP-132,CC-400,2024-09-26,2024-10-01,Meals & Entertainment,Morton's The Steakhouse,New York,177.0,177.0,Yes,EMP-101,Approved,2024-10-08
EXP-30619,EMP-135,CC-500,2024-09-26,2024-10-04,Airfare,Lufthansa,Dallas,1085.95,1085.95,Yes,EMP-101,Approved,2024-10-11
EXP-30621,EMP-119,CC-500,2024-09-27,2024-10-07,Lodging,Sheraton Grand,Los Angeles,484.86,484.86,Yes,EMP-102,Approved,2024-10-14
EXP-30622,EMP-124,CC-700,2024-09-27,2024-09-29,Tech Hardware,CDW Direct,London,584.23,584.23,Yes,EMP-104,Approved,2024-10-06
EXP-31750,EMP-129,CC-300,2024-09-28,2024-09-29,Meals & Entertainment,Executive Cigar & Wine Cellar,Los Angeles,143.78,143.78,No,EMP-103,Approved,2024-10-04
EXP-30623,EMP-137,CC-500,2024-09-28,2024-10-04,Ground Transport,Avis Rent A Car,Dallas,85.85,85.85,Yes,EMP-104,Approved,2024-10-11
EXP-30626,EMP-102,CC-200,2024-09-29,2024-10-04,Lodging,Westin Suites,Los Angeles,587.93,587.93,Yes,EMP-101,Approved,2024-10-11
EXP-30625,EMP-125,CC-500,2024-09-29,2024-10-04,Office Misc,Staples Direct,Dallas,141.52,141.52,Yes,EMP-101,Approved,2024-10-11
EXP-30624,EMP-127,CC-100,2024-09-29,2024-10-07,Meals & Entertainment,Ocean Prime,Chicago,124.79,124.79,Yes,EMP-103,Approved,2024-10-14
EXP-31751,EMP-129,CC-300,2024-09-29,2024-09-30,Meals & Entertainment,Executive Cigar & Wine Cellar,Los Angeles,143.52,143.52,No,EMP-103,Approved,2024-10-05
EXP-30628,EMP-139,CC-200,2024-09-30,2024-10-03,Lodging,Sheraton Grand,New York,326.38,326.38,Yes,EMP-101,Approved,2024-10-10
EXP-30627,EMP-123,CC-200,2024-09-30,2024-10-07,Office Misc,Amazon Prime Business,Los Angeles,215.43,215.43,Yes,EMP-101,Approved,2024-10-14
EXP-30630,EMP-124,CC-700,2024-10-01,2024-10-08,Ground Transport,Uber Technologies,San Francisco,61.85,61.85,Yes,EMP-104,Approved,2024-10-15
EXP-30631,EMP-115,CC-500,2024-10-01,2024-10-09,Ground Transport,Avis Rent A Car,Chicago,85.71,85.71,Yes,EMP-101,Approved,2024-10-16
EXP-30629,EMP-131,CC-300,2024-10-01,2024-10-09,Airfare,Lufthansa,London,1277.31,1277.31,Yes,EMP-103,Approved,2024-10-16
EXP-30634,EMP-111,CC-700,2024-10-02,2024-10-05,Lodging,Hilton Hotels,San Francisco,214.76,214.76,Yes,EMP-102,Approved,2024-10-12
EXP-30632,EMP-104,CC-400,2024-10-02,2024-10-11,Ground Transport,Lyft Inc,Seattle,27.49,27.49,Yes,EMP-101,Approved,2024-10-18
EXP-30633,EMP-112,CC-500,2024-10-02,2024-10-05,Lodging,Marriott International,Atlanta,541.56,541.56,Yes,EMP-101,Approved,2024-10-12
EXP-30635,EMP-115,CC-500,2024-10-03,2024-10-10,Meals & Entertainment,Morton's The Steakhouse,Atlanta,29.4,29.4,Yes,EMP-101,Approved,2024-10-17
EXP-30636,EMP-102,CC-200,2024-10-03,2024-10-04,Ground Transport,Yellow Cab Co,Dallas,72.49,72.49,Yes,EMP-101,Approved,2024-10-11
EXP-30637,EMP-109,CC-600,2024-10-04,2024-10-11,Lodging,Hyatt Regency,London,540.25,540.25,Yes,EMP-102,Approved,2024-10-18
EXP-30638,EMP-109,CC-600,2024-10-04,2024-10-10,Tech Hardware,CDW Direct,New York,293.37,293.37,Yes,EMP-102,Approved,2024-10-17
EXP-31752,EMP-129,CC-300,2024-10-05,2024-10-06,Meals & Entertainment,Apex Gastronomy Club,Los Angeles,146.79,146.79,No,EMP-103,Approved,2024-10-11
EXP-30639,EMP-104,CC-400,2024-10-05,2024-10-14,Airfare,British Airways,Dallas,616.5,616.5,Yes,EMP-101,Approved,2024-10-21
EXP-30640,EMP-135,CC-500,2024-10-05,2024-10-15,Ground Transport,Hertz Car Rental,San Francisco,26.21,26.21,Yes,EMP-101,Approved,2024-10-22
EXP-30641,EMP-134,CC-600,2024-10-05,2024-10-10,Airfare,American Airlines,Chicago,730.22,730.22,Yes,EMP-103,Approved,2024-10-17
EXP-30642,EMP-101,CC-100,2024-10-06,2024-10-11,Meals & Entertainment,Capital Grille,London,104.99,104.99,Yes,EMP-101,Approved,2024-10-18
EXP-30643,EMP-124,CC-700,2024-10-06,2024-10-13,Meals & Entertainment,Ruth's Chris Steak House,London,133.64,133.64,Yes,EMP-104,Approved,2024-10-20
EXP-31753,EMP-129,CC-300,2024-10-06,2024-10-07,Meals & Entertainment,Apex Gastronomy Club,Los Angeles,148.72,148.72,No,EMP-103,Approved,2024-10-12
EXP-30646,EMP-111,CC-700,2024-10-07,2024-10-08,Airfare,United Airlines,New York,1312.91,1312.91,Yes,EMP-102,Approved,2024-10-15
EXP-30645,EMP-135,CC-500,2024-10-07,2024-10-17,Ground Transport,Uber Technologies,Chicago,21.24,21.24,Yes,EMP-101,Approved,2024-10-24
EXP-30647,EMP-121,CC-200,2024-10-08,2024-10-18,Tech Hardware,B&H Photo Video,Atlanta,1118.63,1118.63,Yes,EMP-101,Approved,2024-10-25
EXP-30649,EMP-105,CC-200,2024-10-09,2024-10-16,Meals & Entertainment,Capital Grille,Dallas,135.64,135.64,Yes,EMP-102,Approved,2024-10-23
EXP-30650,EMP-108,CC-100,2024-10-09,2024-10-11,Ground Transport,Yellow Cab Co,Atlanta,41.85,41.85,Yes,EMP-102,Approved,2024-10-18
EXP-30648,EMP-135,CC-500,2024-10-09,2024-10-18,Ground Transport,Yellow Cab Co,London,30.28,30.28,Yes,EMP-101,Approved,2024-10-25
EXP-30651,EMP-112,CC-500,2024-10-10,2024-10-16,Tech Hardware,Apple Store,London,154.71,154.71,Yes,EMP-101,Approved,2024-10-23
EXP-30652,EMP-103,CC-300,2024-10-10,2024-10-12,Lodging,Westin Suites,London,389.19,389.19,Yes,EMP-101,Approved,2024-10-19
EXP-30653,EMP-111,CC-700,2024-10-11,2024-10-19,Office Misc,Office Depot,New York,189.09,189.09,Yes,EMP-102,Approved,2024-10-26
EXP-30654,EMP-118,CC-500,2024-10-12,2024-10-22,Airfare,British Airways,Dallas,906.32,906.32,Yes,EMP-101,Approved,2024-10-29
EXP-30655,EMP-105,CC-200,2024-10-12,2024-10-20,Airfare,American Airlines,Atlanta,785.81,785.81,Yes,EMP-102,Approved,2024-10-27
EXP-31754,EMP-129,CC-300,2024-10-12,2024-10-13,Meals & Entertainment,Executive Cigar & Wine Cellar,Los Angeles,149.18,149.18,No,EMP-103,Approved,2024-10-18
EXP-31755,EMP-129,CC-300,2024-10-13,2024-10-14,Meals & Entertainment,Apex Gastronomy Club,Los Angeles,143.41,143.41,No,EMP-103,Approved,2024-10-19
EXP-30658,EMP-135,CC-500,2024-10-13,2024-10-23,Meals & Entertainment,Morton's The Steakhouse,San Francisco,64.32,64.32,Yes,EMP-101,Approved,2024-10-30
EXP-30657,EMP-118,CC-500,2024-10-13,2024-10-20,Lodging,Marriott International,San Francisco,761.37,761.37,Yes,EMP-101,Approved,2024-10-27
EXP-30656,EMP-107,CC-600,2024-10-13,2024-10-23,Meals & Entertainment,Capital Grille,Atlanta,157.78,157.78,Yes,EMP-101,Approved,2024-10-30
EXP-30659,EMP-132,CC-400,2024-10-14,2024-10-15,Lodging,Hilton Hotels,San Francisco,446.59,446.59,Yes,EMP-101,Approved,2024-10-22
EXP-30660,EMP-106,CC-600,2024-10-14,2024-10-17,Meals & Entertainment,Morton's The Steakhouse,London,215.68,215.68,Yes,EMP-101,Approved,2024-10-24
EXP-30661,EMP-105,CC-200,2024-10-15,2024-10-17,Meals & Entertainment,Starbucks Coffee,Seattle,122.53,122.53,Yes,EMP-102,Approved,2024-10-24
EXP-30662,EMP-130,CC-100,2024-10-15,2024-10-17,Airfare,Delta Air Lines,Seattle,396.5,396.5,Yes,EMP-102,Approved,2024-10-24
EXP-30663,EMP-131,CC-300,2024-10-16,2024-10-22,Office Misc,Staples Direct,Los Angeles,165.83,165.83,Yes,EMP-103,Approved,2024-10-29
EXP-30664,EMP-109,CC-600,2024-10-16,2024-10-22,Airfare,Delta Air Lines,Chicago,927.19,927.19,Yes,EMP-102,Approved,2024-10-29
EXP-30665,EMP-110,CC-500,2024-10-17,2024-10-27,Tech Hardware,B&H Photo Video,Los Angeles,1022.91,1022.91,Yes,EMP-101,Approved,2024-11-03
EXP-30666,EMP-113,CC-700,2024-10-17,2024-10-27,Ground Transport,Yellow Cab Co,Seattle,56.93,56.93,Yes,EMP-103,Approved,2024-11-03
EXP-30667,EMP-124,CC-700,2024-10-18,2024-10-22,Meals & Entertainment,Ruth's Chris Steak House,New York,108.72,108.72,Yes,EMP-104,Approved,2024-10-29
EXP-30669,EMP-139,CC-200,2024-10-19,2024-10-27,Lodging,Marriott International,London,403.95,403.95,Yes,EMP-101,Approved,2024-11-03
EXP-31756,EMP-129,CC-300,2024-10-19,2024-10-20,Meals & Entertainment,Luxury VIP Lounge Club,Los Angeles,148.35,148.35,No,EMP-103,Approved,2024-10-25
EXP-31757,EMP-129,CC-300,2024-10-20,2024-10-21,Meals & Entertainment,Luxury VIP Lounge Club,Los Angeles,145.93,145.93,No,EMP-103,Approved,2024-10-26
EXP-30670,EMP-120,CC-600,2024-10-20,2024-10-30,Lodging,Hyatt Regency,London,733.91,733.91,Yes,EMP-101,Approved,2024-11-06
EXP-30671,EMP-125,CC-500,2024-10-20,2024-10-29,Lodging,Hyatt Regency,New York,526.48,526.48,Yes,EMP-101,Approved,2024-11-05
EXP-30672,EMP-105,CC-200,2024-10-20,2024-10-24,Lodging,Hyatt Regency,London,667.5,667.5,Yes,EMP-102,Approved,2024-10-31
EXP-30675,EMP-125,CC-500,2024-10-21,2024-10-28,Meals & Entertainment,Ocean Prime,New York,90.82,90.82,Yes,EMP-101,Approved,2024-11-04
EXP-30673,EMP-130,CC-100,2024-10-21,2024-10-26,Ground Transport,Lyft Inc,Dallas,40.87,40.87,Yes,EMP-102,Approved,2024-11-02
EXP-30674,EMP-122,CC-400,2024-10-21,2024-10-24,Meals & Entertainment,Local Bistro & Cafe,London,126.18,126.18,Yes,EMP-102,Approved,2024-10-31
EXP-30676,EMP-115,CC-500,2024-10-22,2024-11-01,Tech Hardware,Apple Store,Chicago,794.05,794.05,No,EMP-101,Approved,2024-11-08
EXP-30677,EMP-115,CC-500,2024-10-22,2024-10-25,Meals & Entertainment,Local Bistro & Cafe,Los Angeles,149.94,149.94,Yes,EMP-101,Approved,2024-11-01
EXP-30678,EMP-138,CC-400,2024-10-22,2024-11-01,Ground Transport,Uber Technologies,Los Angeles,73.52,73.52,Yes,EMP-102,Approved,2024-11-08
EXP-30679,EMP-127,CC-100,2024-10-23,2024-10-30,Office Misc,FedEx Office,London,80.17,80.17,Yes,EMP-103,Approved,2024-11-06
EXP-30680,EMP-111,CC-700,2024-10-23,2024-10-28,Ground Transport,Avis Rent A Car,Chicago,27.69,27.69,Yes,EMP-102,Approved,2024-11-04
EXP-30681,EMP-103,CC-300,2024-10-23,2024-10-25,Lodging,Sheraton Grand,San Francisco,215.54,215.54,Yes,EMP-101,Approved,2024-11-01
EXP-30682,EMP-104,CC-400,2024-10-24,2024-10-26,Airfare,American Airlines,Chicago,840.1,840.1,Yes,EMP-101,Approved,2024-11-02
EXP-30683,EMP-108,CC-100,2024-10-24,2024-10-26,Ground Transport,Lyft Inc,Chicago,48.49,48.49,Yes,EMP-102,Approved,2024-11-02
EXP-30686,EMP-118,CC-500,2024-10-25,2024-11-03,Ground Transport,Hertz Car Rental,Chicago,30.16,30.16,Yes,EMP-101,Approved,2024-11-10
EXP-30687,EMP-121,CC-200,2024-10-25,2024-11-02,Tech Hardware,B&H Photo Video,Atlanta,1107.17,1107.17,Yes,EMP-101,Approved,2024-11-09
EXP-30685,EMP-109,CC-600,2024-10-25,2024-11-04,Tech Hardware,Best Buy Enterprise,San Francisco,1177.84,1177.84,Yes,EMP-102,Approved,2024-11-11
EXP-30684,EMP-122,CC-400,2024-10-25,2024-10-27,Ground Transport,Yellow Cab Co,Los Angeles,85.67,85.67,Yes,EMP-102,Approved,2024-11-03
EXP-31758,EMP-129,CC-300,2024-10-26,2024-10-27,Meals & Entertainment,Executive Cigar & Wine Cellar,Los Angeles,144.08,144.08,No,EMP-103,Approved,2024-11-01
EXP-30688,EMP-106,CC-600,2024-10-26,2024-10-29,Meals & Entertainment,Capital Grille,Los Angeles,178.98,178.98,Yes,EMP-101,Approved,2024-11-05
EXP-30689,EMP-111,CC-700,2024-10-26,2024-10-30,Office Misc,FedEx Office,London,190.29,190.29,Yes,EMP-102,Approved,2024-11-06
EXP-30690,EMP-101,CC-100,2024-10-26,2024-10-27,Airfare,United Airlines,Chicago,985.37,985.37,Yes,EMP-101,Approved,2024-11-03
EXP-31759,EMP-129,CC-300,2024-10-27,2024-10-28,Meals & Entertainment,Luxury VIP Lounge Club,Los Angeles,147.43,147.43,No,EMP-103,Approved,2024-11-02
EXP-30691,EMP-104,CC-400,2024-10-27,2024-11-01,Ground Transport,Hertz Car Rental,London,49.31,49.31,Yes,EMP-101,Approved,2024-11-08
EXP-30693,EMP-133,CC-300,2024-10-27,2024-10-28,Ground Transport,Lyft Inc,Seattle,42.49,42.49,Yes,EMP-103,Approved,2024-11-04
EXP-30694,EMP-116,CC-200,2024-10-28,2024-10-29,Airfare,British Airways,London,978.63,978.63,Yes,EMP-104,Approved,2024-11-05
EXP-30696,EMP-118,CC-500,2024-10-29,2024-11-02,Tech Hardware,Best Buy Enterprise,San Francisco,471.07,471.07,Yes,EMP-101,Approved,2024-11-09
EXP-30697,EMP-126,CC-500,2024-10-29,2024-11-02,Tech Hardware,Apple Store,Dallas,485.44,485.44,Yes,EMP-103,Approved,2024-11-09
EXP-30699,EMP-122,CC-400,2024-10-29,2024-11-07,Ground Transport,Lyft Inc,San Francisco,81.7,81.7,Yes,EMP-102,Approved,2024-11-14
EXP-30698,EMP-138,CC-400,2024-10-29,2024-11-07,Lodging,Hyatt Regency,Chicago,523.97,523.97,Yes,EMP-102,Approved,2024-11-14
EXP-30700,EMP-102,CC-200,2024-10-30,2024-11-03,Ground Transport,Lyft Inc,Dallas,44.21,44.21,Yes,EMP-101,Approved,2024-11-10
EXP-30701,EMP-115,CC-500,2024-10-30,2024-11-02,Ground Transport,Hertz Car Rental,New York,83.08,83.08,Yes,EMP-101,Approved,2024-11-09
EXP-30702,EMP-117,CC-100,2024-10-31,2024-11-08,Airfare,Lufthansa,Seattle,550.42,550.42,Yes,EMP-101,Approved,2024-11-15
EXP-30703,EMP-116,CC-200,2024-10-31,2024-11-02,Lodging,Hyatt Regency,Los Angeles,397.21,397.21,Yes,EMP-104,Approved,2024-11-09
EXP-30704,EMP-109,CC-600,2024-11-01,2024-11-03,Meals & Entertainment,Ruth's Chris Steak House,Los Angeles,120.06,120.06,Yes,EMP-102,Approved,2024-11-10
EXP-30705,EMP-135,CC-500,2024-11-02,2024-11-03,Ground Transport,Uber Technologies,Dallas,66.82,66.82,Yes,EMP-101,Approved,2024-11-10
EXP-30706,EMP-110,CC-500,2024-11-02,2024-11-04,Office Misc,FedEx Office,Seattle,116.52,116.52,Yes,EMP-101,Approved,2024-11-11
EXP-31760,EMP-129,CC-300,2024-11-02,2024-11-03,Meals & Entertainment,Platinum Sky Lounge,Los Angeles,144.66,144.66,No,EMP-103,Approved,2024-11-08
EXP-31761,EMP-129,CC-300,2024-11-03,2024-11-04,Meals & Entertainment,Platinum Sky Lounge,Los Angeles,149.56,149.56,No,EMP-103,Approved,2024-11-09
EXP-30709,EMP-123,CC-200,2024-11-03,2024-11-08,Airfare,American Airlines,San Francisco,1115.69,1115.69,Yes,EMP-101,Approved,2024-11-15
EXP-30708,EMP-103,CC-300,2024-11-03,2024-11-07,Ground Transport,Yellow Cab Co,New York,63.15,63.15,Yes,EMP-101,Approved,2024-11-14
EXP-30707,EMP-124,CC-700,2024-11-03,2024-11-12,Meals & Entertainment,Ruth's Chris Steak House,Chicago,87.54,87.54,Yes,EMP-104,Approved,2024-11-19
EXP-30711,EMP-121,CC-200,2024-11-04,2024-11-11,Meals & Entertainment,Ocean Prime,New York,199.36,199.36,Yes,EMP-101,Approved,2024-11-18
EXP-30710,EMP-105,CC-200,2024-11-04,2024-11-12,Tech Hardware,B&H Photo Video,New York,499.84,499.84,Yes,EMP-102,Approved,2024-11-19
EXP-30712,EMP-133,CC-300,2024-11-05,2024-11-06,Office Misc,Staples Direct,Dallas,120.11,120.11,Yes,EMP-103,Approved,2024-11-13
EXP-30713,EMP-128,CC-500,2024-11-05,2024-11-07,Airfare,British Airways,Chicago,1237.64,1237.64,Yes,EMP-104,Approved,2024-11-14
EXP-30715,EMP-101,CC-100,2024-11-06,2024-11-11,Ground Transport,Avis Rent A Car,New York,42.07,42.07,Yes,EMP-101,Approved,2024-11-18
EXP-30714,EMP-124,CC-700,2024-11-06,2024-11-07,Office Misc,Amazon Prime Business,San Francisco,99.51,99.51,Yes,EMP-104,Approved,2024-11-14
EXP-30716,EMP-121,CC-200,2024-11-06,2024-11-13,Tech Hardware,B&H Photo Video,Seattle,851.03,851.03,Yes,EMP-101,Approved,2024-11-20
EXP-30717,EMP-105,CC-200,2024-11-07,2024-11-14,Meals & Entertainment,Capital Grille,San Francisco,160.08,160.08,No,EMP-102,Approved,2024-11-21
EXP-30718,EMP-133,CC-300,2024-11-07,2024-11-09,Airfare,Lufthansa,Los Angeles,464.77,464.77,Yes,EMP-103,Approved,2024-11-16
EXP-30719,EMP-127,CC-100,2024-11-08,2024-11-18,Office Misc,Office Depot,Los Angeles,191.19,191.19,Yes,EMP-103,Approved,2024-11-25
EXP-30720,EMP-133,CC-300,2024-11-08,2024-11-15,Tech Hardware,Apple Store,San Francisco,190.18,190.18,Yes,EMP-103,Approved,2024-11-22
EXP-30721,EMP-125,CC-500,2024-11-08,2024-11-17,Lodging,Westin Suites,New York,453.11,453.11,Yes,EMP-101,Approved,2024-11-24
EXP-31762,EMP-129,CC-300,2024-11-09,2024-11-10,Meals & Entertainment,Platinum Sky Lounge,Los Angeles,149.38,149.38,No,EMP-103,Approved,2024-11-15
EXP-30722,EMP-123,CC-200,2024-11-09,2024-11-19,Airfare,Lufthansa,Seattle,1329.23,1329.23,No,EMP-101,Approved,2024-11-26
EXP-30723,EMP-123,CC-200,2024-11-09,2024-11-16,Office Misc,Office Depot,Atlanta,103.5,103.5,Yes,EMP-101,Approved,2024-11-23
EXP-30725,EMP-110,CC-500,2024-11-10,2024-11-19,Office Misc,Amazon Prime Business,Chicago,211.31,211.31,Yes,EMP-101,Approved,2024-11-26
EXP-30724,EMP-111,CC-700,2024-11-10,2024-11-11,Ground Transport,Avis Rent A Car,Chicago,58.35,58.35,Yes,EMP-102,Approved,2024-11-18
EXP-31763,EMP-129,CC-300,2024-11-10,2024-11-11,Meals & Entertainment,Private Dining Room Riviera,Los Angeles,145.63,145.63,No,EMP-103,Approved,2024-11-16
EXP-30726,EMP-119,CC-500,2024-11-11,2024-11-17,Ground Transport,Lyft Inc,San Francisco,53.27,53.27,Yes,EMP-102,Approved,2024-11-24
EXP-30727,EMP-102,CC-200,2024-11-11,2024-11-12,Ground Transport,Yellow Cab Co,San Francisco,73.99,73.99,Yes,EMP-101,Approved,2024-11-19
EXP-30728,EMP-115,CC-500,2024-11-11,2024-11-20,Airfare,British Airways,London,1349.91,1349.91,Yes,EMP-101,Approved,2024-11-27
EXP-30729,EMP-137,CC-500,2024-11-12,2024-11-17,Meals & Entertainment,Ruth's Chris Steak House,Dallas,92.6,92.6,Yes,EMP-104,Approved,2024-11-24
EXP-30730,EMP-114,CC-400,2024-11-12,2024-11-20,Ground Transport,Avis Rent A Car,New York,38.04,38.04,Yes,EMP-102,Approved,2024-11-27
EXP-30731,EMP-128,CC-500,2024-11-13,2024-11-15,Ground Transport,Yellow Cab Co,Atlanta,52.61,52.61,Yes,EMP-104,Approved,2024-11-22
EXP-30732,EMP-132,CC-400,2024-11-14,2024-11-21,Airfare,Delta Air Lines,Atlanta,669.54,669.54,No,EMP-101,Approved,2024-11-28
EXP-30733,EMP-139,CC-200,2024-11-14,2024-11-18,Meals & Entertainment,Ocean Prime,San Francisco,219.4,219.4,Yes,EMP-101,Approved,2024-11-25
EXP-30734,EMP-104,CC-400,2024-11-15,2024-11-18,Office Misc,Amazon Prime Business,San Francisco,159.49,159.49,No,EMP-101,Approved,2024-11-25
EXP-30735,EMP-123,CC-200,2024-11-16,2024-11-20,Tech Hardware,CDW Direct,Atlanta,497.84,497.84,Yes,EMP-101,Approved,2024-11-27
EXP-31764,EMP-129,CC-300,2024-11-16,2024-11-17,Meals & Entertainment,Platinum Sky Lounge,Los Angeles,143.03,143.03,No,EMP-103,Approved,2024-11-22
EXP-30737,EMP-136,CC-300,2024-11-17,2024-11-19,Ground Transport,Uber Technologies,Chicago,82.65,82.65,Yes,EMP-104,Approved,2024-11-26
EXP-30736,EMP-131,CC-300,2024-11-17,2024-11-19,Ground Transport,Lyft Inc,Los Angeles,70.13,70.13,Yes,EMP-103,Approved,2024-11-26
EXP-31765,EMP-129,CC-300,2024-11-17,2024-11-18,Meals & Entertainment,Private Dining Room Riviera,Los Angeles,143.32,143.32,No,EMP-103,Approved,2024-11-23
EXP-30738,EMP-110,CC-500,2024-11-18,2024-11-19,Airfare,Delta Air Lines,Chicago,625.75,625.75,Yes,EMP-101,Approved,2024-11-26
EXP-30739,EMP-124,CC-700,2024-11-18,2024-11-19,Meals & Entertainment,Morton's The Steakhouse,Seattle,29.64,29.64,Yes,EMP-104,Approved,2024-11-26
EXP-30740,EMP-103,CC-300,2024-11-19,2024-11-27,Tech Hardware,Apple Store,San Francisco,746.43,746.43,Yes,EMP-101,Approved,2024-12-04
EXP-30741,EMP-130,CC-100,2024-11-19,2024-11-26,Lodging,Westin Suites,London,270.52,270.52,Yes,EMP-102,Approved,2024-12-03
EXP-30742,EMP-113,CC-700,2024-11-20,2024-11-21,Meals & Entertainment,Capital Grille,San Francisco,175.63,175.63,No,EMP-103,Approved,2024-11-28
EXP-30743,EMP-138,CC-400,2024-11-20,2024-11-30,Airfare,American Airlines,San Francisco,678.51,678.51,Yes,EMP-102,Approved,2024-12-07
EXP-30745,EMP-127,CC-100,2024-11-21,2024-11-24,Meals & Entertainment,Morton's The Steakhouse,Atlanta,172.15,172.15,Yes,EMP-103,Approved,2024-12-01
EXP-30746,EMP-132,CC-400,2024-11-21,2024-12-01,Office Misc,Staples Direct,Seattle,51.95,51.95,Yes,EMP-101,Approved,2024-12-08
EXP-30744,EMP-102,CC-200,2024-11-21,2024-12-01,Ground Transport,Hertz Car Rental,New York,51.7,51.7,Yes,EMP-101,Approved,2024-12-08
EXP-30747,EMP-111,CC-700,2024-11-21,2024-11-27,Lodging,Hyatt Regency,Chicago,483.07,483.07,Yes,EMP-102,Approved,2024-12-04
EXP-30748,EMP-111,CC-700,2024-11-22,2024-11-27,Lodging,Hilton Hotels,Los Angeles,266.86,266.86,No,EMP-102,Approved,2024-12-04
EXP-30749,EMP-130,CC-100,2024-11-23,2024-11-29,Ground Transport,Uber Technologies,Chicago,45.68,45.68,Yes,EMP-102,Approved,2024-12-06
EXP-31766,EMP-129,CC-300,2024-11-23,2024-11-24,Meals & Entertainment,Private Dining Room Riviera,Los Angeles,147.34,147.34,No,EMP-103,Approved,2024-11-29
EXP-30750,EMP-103,CC-300,2024-11-23,2024-12-02,Meals & Entertainment,Ruth's Chris Steak House,Chicago,175.58,175.58,Yes,EMP-101,Approved,2024-12-09
EXP-30751,EMP-105,CC-200,2024-11-24,2024-12-03,Ground Transport,Avis Rent A Car,Atlanta,21.35,21.35,Yes,EMP-102,Approved,2024-12-10
EXP-31767,EMP-129,CC-300,2024-11-24,2024-11-25,Meals & Entertainment,Platinum Sky Lounge,Los Angeles,145.41,145.41,No,EMP-103,Approved,2024-11-30
EXP-30752,EMP-114,CC-400,2024-11-25,2024-11-30,Tech Hardware,Best Buy Enterprise,London,703.56,703.56,Yes,EMP-102,Approved,2024-12-07
EXP-30753,EMP-132,CC-400,2024-11-25,2024-12-02,Office Misc,Office Depot,Atlanta,205.92,205.92,Yes,EMP-101,Approved,2024-12-09
EXP-30754,EMP-109,CC-600,2024-11-25,2024-11-30,Ground Transport,Avis Rent A Car,Seattle,81.84,81.84,Yes,EMP-102,Approved,2024-12-07
EXP-30755,EMP-110,CC-500,2024-11-26,2024-12-05,Lodging,Hyatt Regency,Chicago,348.21,348.21,Yes,EMP-101,Approved,2024-12-12
EXP-30756,EMP-105,CC-200,2024-11-27,2024-12-02,Lodging,Sheraton Grand,San Francisco,489.56,489.56,Yes,EMP-102,Approved,2024-12-09
EXP-30757,EMP-105,CC-200,2024-11-28,2024-12-05,Airfare,Lufthansa,Los Angeles,1080.22,1080.22,Yes,EMP-102,Approved,2024-12-12
EXP-30758,EMP-138,CC-400,2024-11-28,2024-12-02,Airfare,American Airlines,New York,984.5,984.5,Yes,EMP-102,Approved,2024-12-09
EXP-30759,EMP-125,CC-500,2024-11-29,2024-12-01,Airfare,Delta Air Lines,Dallas,826.91,826.91,Yes,EMP-101,Approved,2024-12-08
EXP-30760,EMP-137,CC-500,2024-11-29,2024-12-09,Office Misc,Office Depot,New York,209.21,209.21,Yes,EMP-104,Approved,2024-12-16
EXP-30762,EMP-114,CC-400,2024-11-30,2024-12-02,Meals & Entertainment,Ruth's Chris Steak House,Los Angeles,67.99,67.99,Yes,EMP-102,Approved,2024-12-09
EXP-31768,EMP-129,CC-300,2024-11-30,2024-12-01,Meals & Entertainment,Apex Gastronomy Club,Los Angeles,144.85,144.85,No,EMP-103,Approved,2024-12-06
EXP-30761,EMP-125,CC-500,2024-11-30,2024-12-07,Office Misc,Staples Direct,Dallas,189.78,189.78,Yes,EMP-101,Approved,2024-12-14
EXP-31769,EMP-129,CC-300,2024-12-01,2024-12-02,Meals & Entertainment,Executive Cigar & Wine Cellar,Los Angeles,146.89,146.89,No,EMP-103,Approved,2024-12-07
EXP-30763,EMP-105,CC-200,2024-12-01,2024-12-10,Tech Hardware,Apple Store,New York,1141.06,1141.06,Yes,EMP-102,Approved,2024-12-17
EXP-30764,EMP-122,CC-400,2024-12-02,2024-12-04,Airfare,United Airlines,Chicago,680.61,680.61,Yes,EMP-102,Approved,2024-12-11
EXP-30765,EMP-138,CC-400,2024-12-02,2024-12-03,Office Misc,Office Depot,Dallas,98.6,98.6,Yes,EMP-102,Approved,2024-12-10
EXP-30766,EMP-137,CC-500,2024-12-03,2024-12-10,Office Misc,FedEx Office,Los Angeles,207.47,207.47,Yes,EMP-104,Approved,2024-12-17
EXP-30767,EMP-119,CC-500,2024-12-03,2024-12-07,Office Misc,Amazon Prime Business,San Francisco,45.23,45.23,Yes,EMP-102,Approved,2024-12-14
EXP-30768,EMP-123,CC-200,2024-12-04,2024-12-07,Ground Transport,Hertz Car Rental,Seattle,54.48,54.48,Yes,EMP-101,Approved,2024-12-14
EXP-30769,EMP-131,CC-300,2024-12-04,2024-12-09,Tech Hardware,CDW Direct,Los Angeles,627.74,627.74,No,EMP-103,Approved,2024-12-16
EXP-30770,EMP-114,CC-400,2024-12-04,2024-12-14,Ground Transport,Hertz Car Rental,Dallas,65.6,65.6,Yes,EMP-102,Approved,2024-12-21
EXP-30772,EMP-101,CC-100,2024-12-05,2024-12-09,Tech Hardware,Best Buy Enterprise,San Francisco,788.88,788.88,Yes,EMP-101,Approved,2024-12-16
EXP-30773,EMP-140,CC-200,2024-12-05,2024-12-12,Meals & Entertainment,Ruth's Chris Steak House,Chicago,184.08,184.08,Yes,EMP-104,Approved,2024-12-19
EXP-30774,EMP-105,CC-200,2024-12-05,2024-12-12,Airfare,British Airways,Los Angeles,585.35,585.35,Yes,EMP-102,Approved,2024-12-19
EXP-30776,EMP-103,CC-300,2024-12-06,2024-12-11,Airfare,Delta Air Lines,Atlanta,1026.21,1026.21,Yes,EMP-101,Approved,2024-12-18
EXP-30775,EMP-115,CC-500,2024-12-06,2024-12-13,Airfare,Lufthansa,Los Angeles,715.07,715.07,Yes,EMP-101,Approved,2024-12-20
EXP-30777,EMP-121,CC-200,2024-12-07,2024-12-12,Lodging,Sheraton Grand,Los Angeles,440.29,440.29,No,EMP-101,Approved,2024-12-19
EXP-31770,EMP-129,CC-300,2024-12-07,2024-12-08,Meals & Entertainment,Luxury VIP Lounge Club,Los Angeles,146.8,146.8,No,EMP-103,Approved,2024-12-13
EXP-30778,EMP-119,CC-500,2024-12-08,2024-12-17,Tech Hardware,B&H Photo Video,London,779.42,779.42,Yes,EMP-102,Approved,2024-12-24
EXP-30779,EMP-138,CC-400,2024-12-08,2024-12-16,Tech Hardware,CDW Direct,Dallas,692.6,692.6,No,EMP-102,Approved,2024-12-23
EXP-31771,EMP-129,CC-300,2024-12-08,2024-12-09,Meals & Entertainment,Platinum Sky Lounge,Los Angeles,145.49,145.49,No,EMP-103,Approved,2024-12-14
EXP-30780,EMP-126,CC-500,2024-12-09,2024-12-17,Airfare,Delta Air Lines,Los Angeles,1317.42,1317.42,Yes,EMP-103,Approved,2024-12-24
EXP-30782,EMP-121,CC-200,2024-12-09,2024-12-10,Tech Hardware,CDW Direct,San Francisco,999.39,999.39,Yes,EMP-101,Approved,2024-12-17
EXP-30781,EMP-101,CC-100,2024-12-09,2024-12-13,Airfare,British Airways,London,1347.17,1347.17,Yes,EMP-101,Approved,2024-12-20
EXP-30783,EMP-105,CC-200,2024-12-10,2024-12-11,Ground Transport,Uber Technologies,Atlanta,82.08,82.08,Yes,EMP-102,Approved,2024-12-18
EXP-30784,EMP-106,CC-600,2024-12-11,2024-12-17,Meals & Entertainment,Morton's The Steakhouse,Dallas,41.8,41.8,Yes,EMP-101,Approved,2024-12-24
EXP-30786,EMP-118,CC-500,2024-12-12,2024-12-21,Lodging,Hilton Hotels,San Francisco,625.94,625.94,Yes,EMP-101,Approved,2024-12-28
EXP-30787,EMP-127,CC-100,2024-12-13,2024-12-17,Office Misc,FedEx Office,Seattle,236.83,236.83,Yes,EMP-103,Approved,2024-12-24
EXP-30788,EMP-107,CC-600,2024-12-13,2024-12-19,Ground Transport,Uber Technologies,San Francisco,73.97,73.97,Yes,EMP-101,Approved,2024-12-26
EXP-30789,EMP-104,CC-400,2024-12-14,2024-12-21,Meals & Entertainment,Local Bistro & Cafe,Chicago,100.02,100.02,Yes,EMP-101,Approved,2024-12-28
EXP-31772,EMP-129,CC-300,2024-12-14,2024-12-15,Meals & Entertainment,Private Dining Room Riviera,Los Angeles,145.26,145.26,No,EMP-103,Approved,2024-12-20
EXP-30790,EMP-125,CC-500,2024-12-15,2024-12-23,Office Misc,Office Depot,London,172.47,172.47,Yes,EMP-101,Approved,2024-12-30
EXP-30791,EMP-130,CC-100,2024-12-15,2024-12-18,Lodging,Westin Suites,Dallas,691.44,691.44,Yes,EMP-102,Approved,2024-12-25
EXP-31773,EMP-129,CC-300,2024-12-15,2024-12-16,Meals & Entertainment,Private Dining Room Riviera,Los Angeles,146.16,146.16,No,EMP-103,Approved,2024-12-21
EXP-30792,EMP-110,CC-500,2024-12-16,2024-12-23,Lodging,Westin Suites,Seattle,746.68,746.68,Yes,EMP-101,Approved,2024-12-30
EXP-30793,EMP-116,CC-200,2024-12-16,2024-12-23,Tech Hardware,Best Buy Enterprise,London,841.8,841.8,Yes,EMP-104,Approved,2024-12-30
EXP-30796,EMP-124,CC-700,2024-12-17,2024-12-23,Tech Hardware,Apple Store,London,1066.35,1066.35,Yes,EMP-104,Approved,2024-12-30
EXP-30794,EMP-117,CC-100,2024-12-17,2024-12-21,Office Misc,Office Depot,San Francisco,90.17,90.17,Yes,EMP-101,Approved,2024-12-28
EXP-30795,EMP-131,CC-300,2024-12-17,2024-12-24,Tech Hardware,B&H Photo Video,London,1134.09,1134.09,No,EMP-103,Approved,2024-12-31
EXP-30797,EMP-108,CC-100,2024-12-18,2024-12-28,Ground Transport,Lyft Inc,Seattle,19.89,19.89,Yes,EMP-102,Approved,2025-01-04
EXP-30798,EMP-124,CC-700,2024-12-19,2024-12-29,Meals & Entertainment,Ocean Prime,Dallas,103.13,103.13,Yes,EMP-104,Approved,2025-01-05
EXP-30799,EMP-101,CC-100,2024-12-20,2024-12-21,Airfare,American Airlines,Seattle,728.65,728.65,Yes,EMP-101,Approved,2024-12-28
EXP-30800,EMP-115,CC-500,2024-12-20,2024-12-28,Tech Hardware,Best Buy Enterprise,Dallas,844.48,844.48,Yes,EMP-101,Approved,2025-01-04
EXP-31774,EMP-129,CC-300,2024-12-21,2024-12-22,Meals & Entertainment,Private Dining Room Riviera,Los Angeles,148.1,148.1,No,EMP-103,Approved,2024-12-27
EXP-30801,EMP-135,CC-500,2024-12-21,2024-12-24,Ground Transport,Avis Rent A Car,Chicago,45.88,45.88,Yes,EMP-101,Approved,2024-12-31
EXP-30802,EMP-104,CC-400,2024-12-21,2024-12-22,Meals & Entertainment,Ruth's Chris Steak House,Chicago,100.94,100.94,No,EMP-101,Approved,2024-12-29
EXP-30803,EMP-106,CC-600,2024-12-21,2024-12-28,Airfare,Delta Air Lines,New York,1208.88,1208.88,Yes,EMP-101,Approved,2025-01-04
EXP-30804,EMP-105,CC-200,2024-12-21,2024-12-26,Tech Hardware,B&H Photo Video,San Francisco,739.94,739.94,Yes,EMP-102,Approved,2025-01-02
EXP-30805,EMP-133,CC-300,2024-12-22,2024-12-23,Airfare,United Airlines,New York,1248.19,1248.19,No,EMP-103,Approved,2024-12-30
EXP-30807,EMP-125,CC-500,2024-12-22,2024-12-26,Tech Hardware,Apple Store,Atlanta,651.97,651.97,Yes,EMP-101,Approved,2025-01-02
EXP-30806,EMP-136,CC-300,2024-12-22,2024-12-27,Tech Hardware,Best Buy Enterprise,San Francisco,707.4,707.4,Yes,EMP-104,Approved,2025-01-03
EXP-31775,EMP-129,CC-300,2024-12-22,2024-12-23,Meals & Entertainment,Private Dining Room Riviera,Los Angeles,149.44,149.44,No,EMP-103,Approved,2024-12-28
EXP-30808,EMP-104,CC-400,2024-12-23,2024-12-31,Meals & Entertainment,Starbucks Coffee,Dallas,128.2,128.2,Yes,EMP-101,Approved,2025-01-07
EXP-30809,EMP-130,CC-100,2024-12-23,2024-12-29,Office Misc,Staples Direct,Atlanta,218.34,218.34,Yes,EMP-102,Approved,2025-01-05
EXP-30810,EMP-105,CC-200,2024-12-24,2025-01-02,Tech Hardware,Best Buy Enterprise,Chicago,1187.22,1187.22,Yes,EMP-102,Approved,2025-01-09
EXP-30811,EMP-109,CC-600,2024-12-24,2025-01-02,Airfare,British Airways,San Francisco,1138.19,1138.19,Yes,EMP-102,Approved,2025-01-09
EXP-30812,EMP-126,CC-500,2024-12-24,2024-12-28,Meals & Entertainment,Ruth's Chris Steak House,London,99.96,99.96,Yes,EMP-103,Approved,2025-01-04
EXP-30813,EMP-127,CC-100,2024-12-25,2025-01-01,Meals & Entertainment,Ruth's Chris Steak House,Atlanta,143.47,143.47,Yes,EMP-103,Approved,2025-01-08
EXP-30814,EMP-140,CC-200,2024-12-26,2025-01-02,Tech Hardware,Apple Store,Atlanta,1040.0,1040.0,Yes,EMP-104,Approved,2025-01-09
EXP-30815,EMP-116,CC-200,2024-12-26,2024-12-30,Lodging,Hilton Hotels,New York,657.72,657.72,Yes,EMP-104,Approved,2025-01-06
EXP-30818,EMP-111,CC-700,2024-12-27,2025-01-03,Lodging,Hyatt Regency,Chicago,787.69,787.69,Yes,EMP-102,Approved,2025-01-10
EXP-30816,EMP-109,CC-600,2024-12-27,2024-12-29,Tech Hardware,Best Buy Enterprise,Atlanta,995.3,995.3,Yes,EMP-102,Approved,2025-01-05
EXP-30817,EMP-139,CC-200,2024-12-27,2025-01-06,Lodging,Sheraton Grand,Dallas,585.36,585.36,Yes,EMP-101,Approved,2025-01-13
EXP-30819,EMP-117,CC-100,2024-12-27,2024-12-31,Meals & Entertainment,Starbucks Coffee,Dallas,173.22,173.22,Yes,EMP-101,Approved,2025-01-07
EXP-31776,EMP-129,CC-300,2024-12-28,2024-12-29,Meals & Entertainment,Private Dining Room Riviera,Los Angeles,147.86,147.86,No,EMP-103,Approved,2025-01-03
EXP-30822,EMP-102,CC-200,2024-12-28,2025-01-03,Meals & Entertainment,Local Bistro & Cafe,London,118.39,118.39,Yes,EMP-101,Approved,2025-01-10
EXP-30820,EMP-128,CC-500,2024-12-28,2024-12-30,Office Misc,Amazon Prime Business,New York,221.86,221.86,Yes,EMP-104,Approved,2025-01-06
EXP-30821,EMP-115,CC-500,2024-12-28,2025-01-07,Lodging,Marriott International,Atlanta,352.53,352.53,Yes,EMP-101,Approved,2025-01-14
EXP-31777,EMP-129,CC-300,2024-12-29,2024-12-30,Meals & Entertainment,Platinum Sky Lounge,Los Angeles,145.49,145.49,No,EMP-103,Approved,2025-01-04
EXP-30823,EMP-104,CC-400,2024-12-29,2025-01-07,Office Misc,Amazon Prime Business,Chicago,201.6,201.6,Yes,EMP-101,Approved,2025-01-14
EXP-30824,EMP-140,CC-200,2024-12-29,2025-01-01,Airfare,United Airlines,Seattle,955.98,955.98,No,EMP-104,Approved,2025-01-08
EXP-30825,EMP-125,CC-500,2024-12-30,2025-01-02,Lodging,Sheraton Grand,Chicago,257.87,257.87,Yes,EMP-101,Approved,2025-01-09
EXP-30826,EMP-126,CC-500,2024-12-30,2025-01-05,Ground Transport,Uber Technologies,San Francisco,29.22,29.22,Yes,EMP-103,Approved,2025-01-12
EXP-30827,EMP-105,CC-200,2024-12-30,2025-01-05,Tech Hardware,Apple Store,Chicago,803.61,803.61,Yes,EMP-102,Approved,2025-01-12
EXP-30828,EMP-132,CC-400,2024-12-31,2025-01-10,Ground Transport,Lyft Inc,London,92.7,92.7,Yes,EMP-101,Approved,2025-01-17
EXP-30829,EMP-123,CC-200,2024-12-31,2025-01-02,Ground Transport,Yellow Cab Co,Seattle,76.8,76.8,Yes,EMP-101,Approved,2025-01-09
EXP-30830,EMP-110,CC-500,2025-01-01,2025-01-03,Meals & Entertainment,Starbucks Coffee,London,77.54,77.54,Yes,EMP-101,Approved,2025-01-10
EXP-30831,EMP-131,CC-300,2025-01-01,2025-01-09,Office Misc,Staples Direct,Atlanta,241.9,241.9,No,EMP-103,Approved,2025-01-16
EXP-30832,EMP-134,CC-600,2025-01-01,2025-01-09,Ground Transport,Lyft Inc,Seattle,48.26,48.26,Yes,EMP-103,Approved,2025-01-16
EXP-30833,EMP-111,CC-700,2025-01-02,2025-01-05,Meals & Entertainment,Local Bistro & Cafe,Dallas,167.41,167.41,Yes,EMP-102,Approved,2025-01-12
EXP-30834,EMP-101,CC-100,2025-01-03,2025-01-07,Tech Hardware,Apple Store,Seattle,567.82,567.82,No,EMP-101,Approved,2025-01-14
EXP-31778,EMP-129,CC-300,2025-01-04,2025-01-05,Meals & Entertainment,Private Dining Room Riviera,Los Angeles,146.08,146.08,No,EMP-103,Approved,2025-01-10
EXP-30835,EMP-110,CC-500,2025-01-04,2025-01-13,Tech Hardware,Best Buy Enterprise,Dallas,1193.94,1193.94,Yes,EMP-101,Approved,2025-01-20
EXP-30836,EMP-130,CC-100,2025-01-04,2025-01-12,Lodging,Hilton Hotels,New York,206.34,206.34,Yes,EMP-102,Approved,2025-01-19
EXP-30837,EMP-134,CC-600,2025-01-04,2025-01-12,Tech Hardware,Best Buy Enterprise,New York,330.35,330.35,Yes,EMP-103,Approved,2025-01-19
EXP-30838,EMP-128,CC-500,2025-01-04,2025-01-05,Meals & Entertainment,Morton's The Steakhouse,Seattle,54.12,54.12,Yes,EMP-104,Approved,2025-01-12
EXP-31779,EMP-129,CC-300,2025-01-05,2025-01-06,Meals & Entertainment,Platinum Sky Lounge,Los Angeles,142.85,142.85,No,EMP-103,Approved,2025-01-11
EXP-30839,EMP-140,CC-200,2025-01-05,2025-01-13,Ground Transport,Uber Technologies,Dallas,28.6,28.6,Yes,EMP-104,Approved,2025-01-20
EXP-30840,EMP-128,CC-500,2025-01-06,2025-01-13,Office Misc,Staples Direct,London,164.88,164.88,Yes,EMP-104,Approved,2025-01-20
EXP-30841,EMP-114,CC-400,2025-01-06,2025-01-16,Office Misc,Amazon Prime Business,Seattle,44.57,44.57,Yes,EMP-102,Approved,2025-01-23
EXP-30842,EMP-121,CC-200,2025-01-06,2025-01-07,Meals & Entertainment,Morton's The Steakhouse,New York,158.46,158.46,No,EMP-101,Approved,2025-01-14
EXP-30844,EMP-109,CC-600,2025-01-07,2025-01-08,Lodging,Sheraton Grand,Chicago,319.35,319.35,No,EMP-102,Approved,2025-01-15
EXP-30843,EMP-106,CC-600,2025-01-07,2025-01-16,Airfare,Lufthansa,New York,999.37,999.37,Yes,EMP-101,Approved,2025-01-23
EXP-30846,EMP-109,CC-600,2025-01-08,2025-01-17,Lodging,Hilton Hotels,Seattle,205.65,205.65,Yes,EMP-102,Approved,2025-01-24
EXP-30849,EMP-136,CC-300,2025-01-09,2025-01-16,Airfare,Lufthansa,New York,1264.76,1264.76,Yes,EMP-104,Approved,2025-01-23
EXP-30848,EMP-130,CC-100,2025-01-09,2025-01-19,Meals & Entertainment,Capital Grille,New York,216.22,216.22,Yes,EMP-102,Approved,2025-01-26
EXP-30847,EMP-113,CC-700,2025-01-09,2025-01-14,Office Misc,FedEx Office,Chicago,222.97,222.97,Yes,EMP-103,Approved,2025-01-21
EXP-30850,EMP-128,CC-500,2025-01-10,2025-01-15,Tech Hardware,B&H Photo Video,London,913.23,913.23,No,EMP-104,Approved,2025-01-22
EXP-30851,EMP-114,CC-400,2025-01-10,2025-01-15,Airfare,American Airlines,Seattle,642.37,642.37,Yes,EMP-102,Approved,2025-01-22
EXP-31780,EMP-129,CC-300,2025-01-11,2025-01-12,Meals & Entertainment,Apex Gastronomy Club,Los Angeles,143.44,143.44,No,EMP-103,Approved,2025-01-17
EXP-30852,EMP-107,CC-600,2025-01-11,2025-01-12,Ground Transport,Avis Rent A Car,Dallas,62.68,62.68,No,EMP-101,Approved,2025-01-19
EXP-31781,EMP-129,CC-300,2025-01-12,2025-01-13,Meals & Entertainment,Platinum Sky Lounge,Los Angeles,147.5,147.5,No,EMP-103,Approved,2025-01-18
EXP-30853,EMP-119,CC-500,2025-01-12,2025-01-14,Office Misc,FedEx Office,Los Angeles,51.97,51.97,Yes,EMP-102,Approved,2025-01-21
EXP-30854,EMP-120,CC-600,2025-01-12,2025-01-15,Lodging,Westin Suites,Atlanta,736.19,736.19,Yes,EMP-101,Approved,2025-01-22
EXP-30855,EMP-119,CC-500,2025-01-13,2025-01-14,Airfare,Delta Air Lines,Seattle,356.37,356.37,Yes,EMP-102,Approved,2025-01-21
EXP-30856,EMP-127,CC-100,2025-01-13,2025-01-17,Tech Hardware,B&H Photo Video,New York,917.35,917.35,Yes,EMP-103,Approved,2025-01-24
EXP-30858,EMP-136,CC-300,2025-01-14,2025-01-22,Airfare,American Airlines,San Francisco,1383.31,1383.31,Yes,EMP-104,Approved,2025-01-29
EXP-30859,EMP-116,CC-200,2025-01-14,2025-01-19,Meals & Entertainment,Morton's The Steakhouse,Los Angeles,211.16,211.16,Yes,EMP-104,Approved,2025-01-26
EXP-30857,EMP-122,CC-400,2025-01-14,2025-01-17,Meals & Entertainment,Capital Grille,San Francisco,160.78,160.78,Yes,EMP-102,Approved,2025-01-24
EXP-30861,EMP-122,CC-400,2025-01-15,2025-01-22,Lodging,Hyatt Regency,Seattle,519.38,519.38,Yes,EMP-102,Approved,2025-01-29
EXP-30860,EMP-122,CC-400,2025-01-15,2025-01-17,Office Misc,Staples Direct,Seattle,40.28,40.28,Yes,EMP-102,Approved,2025-01-24
EXP-30862,EMP-135,CC-500,2025-01-16,2025-01-18,Tech Hardware,Best Buy Enterprise,Atlanta,192.4,192.4,Yes,EMP-101,Approved,2025-01-25
EXP-30863,EMP-118,CC-500,2025-01-16,2025-01-22,Tech Hardware,Apple Store,San Francisco,170.87,170.87,Yes,EMP-101,Approved,2025-01-29
EXP-30864,EMP-133,CC-300,2025-01-17,2025-01-26,Airfare,Lufthansa,London,473.62,473.62,Yes,EMP-103,Approved,2025-02-02
EXP-30865,EMP-120,CC-600,2025-01-17,2025-01-23,Lodging,Hilton Hotels,San Francisco,426.54,426.54,Yes,EMP-101,Approved,2025-01-30
EXP-31782,EMP-129,CC-300,2025-01-18,2025-01-19,Meals & Entertainment,Executive Cigar & Wine Cellar,Los Angeles,148.83,148.83,No,EMP-103,Approved,2025-01-24
EXP-30866,EMP-124,CC-700,2025-01-18,2025-01-24,Tech Hardware,Best Buy Enterprise,Los Angeles,492.28,492.28,Yes,EMP-104,Approved,2025-01-31
EXP-30868,EMP-121,CC-200,2025-01-18,2025-01-22,Ground Transport,Avis Rent A Car,New York,26.24,26.24,Yes,EMP-101,Approved,2025-01-29
EXP-30871,EMP-125,CC-500,2025-01-19,2025-01-29,Airfare,Lufthansa,Seattle,1366.38,1366.38,Yes,EMP-101,Approved,2025-02-05
EXP-30870,EMP-110,CC-500,2025-01-19,2025-01-21,Ground Transport,Hertz Car Rental,Seattle,77.06,77.06,Yes,EMP-101,Approved,2025-01-28
EXP-30872,EMP-103,CC-300,2025-01-19,2025-01-23,Airfare,American Airlines,Chicago,540.61,540.61,Yes,EMP-101,Approved,2025-01-30
EXP-31783,EMP-129,CC-300,2025-01-19,2025-01-20,Meals & Entertainment,Platinum Sky Lounge,Los Angeles,146.87,146.87,No,EMP-103,Approved,2025-01-25
EXP-30869,EMP-136,CC-300,2025-01-19,2025-01-27,Lodging,Marriott International,Dallas,688.26,688.26,Yes,EMP-104,Approved,2025-02-03
EXP-30873,EMP-139,CC-200,2025-01-20,2025-01-24,Ground Transport,Uber Technologies,Los Angeles,88.49,88.49,Yes,EMP-101,Approved,2025-01-31
EXP-30874,EMP-128,CC-500,2025-01-20,2025-01-30,Office Misc,Office Depot,Chicago,177.76,177.76,Yes,EMP-104,Approved,2025-02-06
EXP-30875,EMP-138,CC-400,2025-01-20,2025-01-28,Tech Hardware,Best Buy Enterprise,Los Angeles,871.2,871.2,Yes,EMP-102,Approved,2025-02-04
EXP-30876,EMP-108,CC-100,2025-01-21,2025-01-31,Office Misc,Staples Direct,London,157.01,157.01,Yes,EMP-102,Approved,2025-02-07
EXP-30877,EMP-107,CC-600,2025-01-21,2025-01-25,Office Misc,FedEx Office,Atlanta,235.71,235.71,Yes,EMP-101,Approved,2025-02-01
EXP-30878,EMP-132,CC-400,2025-01-21,2025-01-30,Office Misc,FedEx Office,Chicago,142.94,142.94,Yes,EMP-101,Approved,2025-02-06
EXP-30879,EMP-133,CC-300,2025-01-21,2025-01-26,Ground Transport,Yellow Cab Co,New York,60.05,60.05,Yes,EMP-103,Approved,2025-02-02
EXP-30880,EMP-130,CC-100,2025-01-22,2025-02-01,Ground Transport,Lyft Inc,Los Angeles,72.81,72.81,No,EMP-102,Approved,2025-02-08
EXP-30883,EMP-120,CC-600,2025-01-22,2025-02-01,Meals & Entertainment,Ruth's Chris Steak House,Los Angeles,113.12,113.12,Yes,EMP-101,Approved,2025-02-08
EXP-30882,EMP-140,CC-200,2025-01-22,2025-01-27,Office Misc,FedEx Office,Dallas,98.78,98.78,Yes,EMP-104,Approved,2025-02-03
EXP-30881,EMP-101,CC-100,2025-01-22,2025-02-01,Ground Transport,Lyft Inc,London,63.23,63.23,Yes,EMP-101,Approved,2025-02-08
EXP-30884,EMP-128,CC-500,2025-01-23,2025-01-27,Lodging,Sheraton Grand,Seattle,370.82,370.82,Yes,EMP-104,Approved,2025-02-03
EXP-30885,EMP-123,CC-200,2025-01-24,2025-01-29,Tech Hardware,Apple Store,Atlanta,182.54,182.54,Yes,EMP-101,Approved,2025-02-05
EXP-30886,EMP-138,CC-400,2025-01-24,2025-02-03,Office Misc,Staples Direct,Seattle,240.06,240.06,Yes,EMP-102,Approved,2025-02-10
EXP-30888,EMP-115,CC-500,2025-01-25,2025-02-03,Office Misc,Amazon Prime Business,Seattle,121.66,121.66,Yes,EMP-101,Approved,2025-02-10
EXP-31784,EMP-129,CC-300,2025-01-25,2025-01-26,Meals & Entertainment,Platinum Sky Lounge,Los Angeles,144.96,144.96,No,EMP-103,Approved,2025-01-31
EXP-30887,EMP-139,CC-200,2025-01-25,2025-01-31,Office Misc,Amazon Prime Business,Seattle,141.38,141.38,Yes,EMP-101,Approved,2025-02-07
EXP-30889,EMP-120,CC-600,2025-01-26,2025-01-30,Lodging,Hyatt Regency,Los Angeles,507.5,507.5,Yes,EMP-101,Approved,2025-02-06
EXP-31785,EMP-129,CC-300,2025-01-26,2025-01-27,Meals & Entertainment,Luxury VIP Lounge Club,Los Angeles,149.4,149.4,No,EMP-103,Approved,2025-02-01
EXP-30891,EMP-107,CC-600,2025-01-27,2025-01-29,Office Misc,Amazon Prime Business,London,240.61,240.61,Yes,EMP-101,Approved,2025-02-05
EXP-30892,EMP-113,CC-700,2025-01-27,2025-01-28,Meals & Entertainment,Starbucks Coffee,Los Angeles,150.17,150.17,Yes,EMP-103,Approved,2025-02-04
EXP-30893,EMP-135,CC-500,2025-01-27,2025-01-31,Lodging,Sheraton Grand,Chicago,279.57,279.57,Yes,EMP-101,Approved,2025-02-07
EXP-30894,EMP-119,CC-500,2025-01-28,2025-02-07,Airfare,United Airlines,San Francisco,779.24,779.24,Yes,EMP-102,Approved,2025-02-14
EXP-30895,EMP-109,CC-600,2025-01-28,2025-02-01,Tech Hardware,CDW Direct,Los Angeles,914.45,914.45,Yes,EMP-102,Approved,2025-02-08
EXP-30896,EMP-109,CC-600,2025-01-29,2025-02-06,Office Misc,Amazon Prime Business,Seattle,73.02,73.02,Yes,EMP-102,Approved,2025-02-13
EXP-30897,EMP-122,CC-400,2025-01-29,2025-02-08,Airfare,American Airlines,London,513.67,513.67,Yes,EMP-102,Approved,2025-02-15
EXP-30898,EMP-113,CC-700,2025-01-29,2025-02-06,Lodging,Hilton Hotels,San Francisco,359.45,359.45,Yes,EMP-103,Approved,2025-02-13
EXP-30899,EMP-128,CC-500,2025-01-29,2025-02-04,Tech Hardware,CDW Direct,Los Angeles,764.42,764.42,Yes,EMP-104,Approved,2025-02-11
EXP-30901,EMP-103,CC-300,2025-01-30,2025-02-07,Lodging,Marriott International,Los Angeles,455.42,455.42,Yes,EMP-101,Approved,2025-02-14
EXP-30902,EMP-120,CC-600,2025-01-31,2025-02-07,Meals & Entertainment,Morton's The Steakhouse,Dallas,180.87,180.87,Yes,EMP-101,Approved,2025-02-14
EXP-31786,EMP-129,CC-300,2025-02-01,2025-02-02,Meals & Entertainment,Luxury VIP Lounge Club,Los Angeles,146.16,146.16,No,EMP-103,Approved,2025-02-07
EXP-30903,EMP-136,CC-300,2025-02-01,2025-02-04,Tech Hardware,Best Buy Enterprise,New York,1154.38,1154.38,Yes,EMP-104,Approved,2025-02-11
EXP-30905,EMP-110,CC-500,2025-02-02,2025-02-03,Lodging,Hilton Hotels,San Francisco,619.66,619.66,Yes,EMP-101,Approved,2025-02-10
EXP-30906,EMP-119,CC-500,2025-02-02,2025-02-03,Meals & Entertainment,Ocean Prime,Seattle,73.42,73.42,Yes,EMP-102,Approved,2025-02-10
EXP-31787,EMP-129,CC-300,2025-02-02,2025-02-03,Meals & Entertainment,Apex Gastronomy Club,Los Angeles,144.64,144.64,No,EMP-103,Approved,2025-02-08
EXP-30904,EMP-101,CC-100,2025-02-02,2025-02-09,Ground Transport,Hertz Car Rental,Los Angeles,51.7,51.7,Yes,EMP-101,Approved,2025-02-16
EXP-30907,EMP-121,CC-200,2025-02-03,2025-02-10,Meals & Entertainment,Local Bistro & Cafe,Seattle,34.96,34.96,Yes,EMP-101,Approved,2025-02-17
EXP-30908,EMP-122,CC-400,2025-02-03,2025-02-12,Ground Transport,Uber Technologies,London,56.38,56.38,Yes,EMP-102,Approved,2025-02-19
EXP-30909,EMP-114,CC-400,2025-02-04,2025-02-08,Lodging,Hilton Hotels,London,454.66,454.66,Yes,EMP-102,Approved,2025-02-15
EXP-30910,EMP-139,CC-200,2025-02-04,2025-02-13,Airfare,American Airlines,Atlanta,387.13,387.13,Yes,EMP-101,Approved,2025-02-20
EXP-30911,EMP-116,CC-200,2025-02-04,2025-02-07,Ground Transport,Yellow Cab Co,Atlanta,73.51,73.51,Yes,EMP-104,Approved,2025-02-14
EXP-30912,EMP-137,CC-500,2025-02-05,2025-02-15,Airfare,United Airlines,Chicago,507.15,507.15,Yes,EMP-104,Approved,2025-02-22
EXP-30913,EMP-122,CC-400,2025-02-05,2025-02-15,Office Misc,Office Depot,Atlanta,52.92,52.92,No,EMP-102,Approved,2025-02-22
EXP-30914,EMP-130,CC-100,2025-02-06,2025-02-09,Airfare,Delta Air Lines,Seattle,1062.13,1062.13,No,EMP-102,Approved,2025-02-16
EXP-30916,EMP-139,CC-200,2025-02-06,2025-02-08,Ground Transport,Lyft Inc,New York,47.44,47.44,Yes,EMP-101,Approved,2025-02-15
EXP-30915,EMP-114,CC-400,2025-02-06,2025-02-07,Tech Hardware,Best Buy Enterprise,Dallas,474.81,474.81,Yes,EMP-102,Approved,2025-02-14
EXP-30917,EMP-116,CC-200,2025-02-07,2025-02-10,Office Misc,Staples Direct,New York,192.94,192.94,Yes,EMP-104,Approved,2025-02-17
EXP-30919,EMP-106,CC-600,2025-02-08,2025-02-09,Lodging,Hilton Hotels,Atlanta,208.22,208.22,Yes,EMP-101,Approved,2025-02-16
EXP-30918,EMP-140,CC-200,2025-02-08,2025-02-12,Lodging,Marriott International,Los Angeles,749.57,749.57,No,EMP-104,Approved,2025-02-19
EXP-31788,EMP-129,CC-300,2025-02-08,2025-02-09,Meals & Entertainment,Private Dining Room Riviera,Los Angeles,146.5,146.5,No,EMP-103,Approved,2025-02-14
EXP-30920,EMP-110,CC-500,2025-02-09,2025-02-14,Tech Hardware,Best Buy Enterprise,London,616.7,616.7,Yes,EMP-101,Approved,2025-02-21
EXP-31789,EMP-129,CC-300,2025-02-09,2025-02-10,Meals & Entertainment,Apex Gastronomy Club,Los Angeles,146.44,146.44,No,EMP-103,Approved,2025-02-15
EXP-30921,EMP-121,CC-200,2025-02-10,2025-02-19,Meals & Entertainment,Local Bistro & Cafe,Seattle,120.74,120.74,Yes,EMP-101,Approved,2025-02-26
EXP-30923,EMP-111,CC-700,2025-02-10,2025-02-13,Tech Hardware,Best Buy Enterprise,Los Angeles,570.24,570.24,Yes,EMP-102,Approved,2025-02-20
EXP-30924,EMP-102,CC-200,2025-02-11,2025-02-20,Airfare,United Airlines,Atlanta,1374.84,1374.84,Yes,EMP-101,Approved,2025-02-27
EXP-30925,EMP-119,CC-500,2025-02-11,2025-02-21,Meals & Entertainment,Ocean Prime,Atlanta,96.31,96.31,Yes,EMP-102,Approved,2025-02-28
EXP-30926,EMP-118,CC-500,2025-02-11,2025-02-18,Ground Transport,Avis Rent A Car,Los Angeles,83.04,83.04,Yes,EMP-101,Approved,2025-02-25
EXP-30928,EMP-122,CC-400,2025-02-12,2025-02-21,Lodging,Hyatt Regency,London,325.74,325.74,Yes,EMP-102,Approved,2025-02-28
EXP-30927,EMP-128,CC-500,2025-02-12,2025-02-17,Meals & Entertainment,Ocean Prime,Chicago,160.48,160.48,Yes,EMP-104,Approved,2025-02-24
EXP-30929,EMP-117,CC-100,2025-02-12,2025-02-13,Ground Transport,Avis Rent A Car,Dallas,19.09,19.09,Yes,EMP-101,Approved,2025-02-20
EXP-30932,EMP-110,CC-500,2025-02-13,2025-02-16,Ground Transport,Yellow Cab Co,Los Angeles,79.26,79.26,Yes,EMP-101,Approved,2025-02-23
EXP-30931,EMP-106,CC-600,2025-02-13,2025-02-16,Lodging,Westin Suites,London,818.84,818.84,Yes,EMP-101,Approved,2025-02-23
EXP-30930,EMP-118,CC-500,2025-02-13,2025-02-14,Ground Transport,Hertz Car Rental,London,54.04,54.04,Yes,EMP-101,Approved,2025-02-21
EXP-30936,EMP-126,CC-500,2025-02-14,2025-02-24,Ground Transport,Hertz Car Rental,London,92.64,92.64,Yes,EMP-103,Approved,2025-03-03
EXP-30935,EMP-125,CC-500,2025-02-14,2025-02-16,Office Misc,Amazon Prime Business,Los Angeles,204.88,204.88,Yes,EMP-101,Approved,2025-02-23
EXP-30934,EMP-122,CC-400,2025-02-14,2025-02-21,Lodging,Sheraton Grand,New York,612.47,612.47,No,EMP-102,Approved,2025-02-28
EXP-30933,EMP-126,CC-500,2025-02-14,2025-02-22,Office Misc,Office Depot,Atlanta,86.57,86.57,No,EMP-103,Approved,2025-03-01
EXP-31790,EMP-129,CC-300,2025-02-15,2025-02-16,Meals & Entertainment,Private Dining Room Riviera,Los Angeles,146.66,146.66,No,EMP-103,Approved,2025-02-21
EXP-30939,EMP-118,CC-500,2025-02-15,2025-02-25,Airfare,British Airways,Los Angeles,438.98,438.98,Yes,EMP-101,Approved,2025-03-04
EXP-30937,EMP-110,CC-500,2025-02-15,2025-02-18,Ground Transport,Yellow Cab Co,San Francisco,87.11,87.11,Yes,EMP-101,Approved,2025-02-25
EXP-30938,EMP-117,CC-100,2025-02-15,2025-02-21,Lodging,Westin Suites,Seattle,339.61,339.61,Yes,EMP-101,Approved,2025-02-28
EXP-30941,EMP-133,CC-300,2025-02-16,2025-02-18,Office Misc,Amazon Prime Business,London,221.89,221.89,Yes,EMP-103,Approved,2025-02-25
EXP-30940,EMP-117,CC-100,2025-02-16,2025-02-18,Tech Hardware,Apple Store,London,152.9,152.9,Yes,EMP-101,Approved,2025-02-25
EXP-31791,EMP-129,CC-300,2025-02-16,2025-02-17,Meals & Entertainment,Private Dining Room Riviera,Los Angeles,149.92,149.92,No,EMP-103,Approved,2025-02-22
EXP-30942,EMP-103,CC-300,2025-02-16,2025-02-17,Ground Transport,Avis Rent A Car,New York,73.79,73.79,Yes,EMP-101,Approved,2025-02-24
EXP-30943,EMP-119,CC-500,2025-02-17,2025-02-27,Lodging,Hilton Hotels,Atlanta,833.28,833.28,Yes,EMP-102,Approved,2025-03-06
EXP-30946,EMP-110,CC-500,2025-02-18,2025-02-19,Office Misc,FedEx Office,Atlanta,48.31,48.31,Yes,EMP-101,Approved,2025-02-26
EXP-30947,EMP-103,CC-300,2025-02-19,2025-02-20,Tech Hardware,Apple Store,Los Angeles,860.1,860.1,Yes,EMP-101,Approved,2025-02-27
EXP-30948,EMP-124,CC-700,2025-02-20,2025-02-23,Airfare,United Airlines,Los Angeles,740.84,740.84,Yes,EMP-104,Approved,2025-03-02
EXP-30949,EMP-119,CC-500,2025-02-20,2025-02-24,Tech Hardware,B&H Photo Video,Chicago,870.38,870.38,Yes,EMP-102,Approved,2025-03-03
EXP-30951,EMP-140,CC-200,2025-02-21,2025-02-27,Tech Hardware,B&H Photo Video,Dallas,830.84,830.84,Yes,EMP-104,Approved,2025-03-06
EXP-30952,EMP-139,CC-200,2025-02-21,2025-02-26,Ground Transport,Hertz Car Rental,London,75.61,75.61,Yes,EMP-101,Approved,2025-03-05
EXP-30950,EMP-103,CC-300,2025-02-21,2025-03-01,Airfare,Delta Air Lines,Chicago,1001.11,1001.11,Yes,EMP-101,Approved,2025-03-08
EXP-31792,EMP-129,CC-300,2025-02-22,2025-02-23,Meals & Entertainment,Platinum Sky Lounge,Los Angeles,145.19,145.19,No,EMP-103,Approved,2025-02-28
EXP-30953,EMP-110,CC-500,2025-02-22,2025-02-25,Ground Transport,Yellow Cab Co,Dallas,69.51,69.51,Yes,EMP-101,Approved,2025-03-04
EXP-30954,EMP-119,CC-500,2025-02-23,2025-02-24,Airfare,American Airlines,San Francisco,812.85,812.85,Yes,EMP-102,Approved,2025-03-03
EXP-31793,EMP-129,CC-300,2025-02-23,2025-02-24,Meals & Entertainment,Luxury VIP Lounge Club,Los Angeles,143.56,143.56,No,EMP-103,Approved,2025-03-01
EXP-30957,EMP-128,CC-500,2025-02-24,2025-02-26,Ground Transport,Yellow Cab Co,London,47.21,47.21,Yes,EMP-104,Approved,2025-03-05
EXP-30955,EMP-124,CC-700,2025-02-24,2025-03-06,Airfare,United Airlines,San Francisco,831.52,831.52,Yes,EMP-104,Approved,2025-03-13
EXP-30958,EMP-101,CC-100,2025-02-25,2025-02-27,Tech Hardware,CDW Direct,Seattle,671.22,671.22,Yes,EMP-101,Approved,2025-03-06
EXP-30959,EMP-130,CC-100,2025-02-25,2025-03-06,Meals & Entertainment,Local Bistro & Cafe,Los Angeles,180.99,180.99,Yes,EMP-102,Approved,2025-03-13
EXP-30961,EMP-104,CC-400,2025-02-25,2025-02-26,Lodging,Hyatt Regency,Atlanta,294.51,294.51,Yes,EMP-101,Approved,2025-03-05
EXP-30960,EMP-126,CC-500,2025-02-25,2025-03-07,Tech Hardware,Apple Store,Dallas,436.51,436.51,No,EMP-103,Approved,2025-03-14
EXP-30963,EMP-116,CC-200,2025-02-26,2025-02-28,Meals & Entertainment,Capital Grille,London,168.64,168.64,Yes,EMP-104,Approved,2025-03-07
EXP-30962,EMP-117,CC-100,2025-02-26,2025-03-03,Meals & Entertainment,Ruth's Chris Steak House,Atlanta,65.77,65.77,Yes,EMP-101,Approved,2025-03-10
EXP-30964,EMP-104,CC-400,2025-02-27,2025-03-04,Office Misc,FedEx Office,New York,241.68,241.68,Yes,EMP-101,Approved,2025-03-11
EXP-30965,EMP-133,CC-300,2025-02-28,2025-03-02,Tech Hardware,CDW Direct,San Francisco,1009.43,1009.43,Yes,EMP-103,Approved,2025-03-09
EXP-30966,EMP-137,CC-500,2025-02-28,2025-03-08,Ground Transport,Uber Technologies,San Francisco,22.03,22.03,Yes,EMP-104,Approved,2025-03-15
EXP-31794,EMP-129,CC-300,2025-03-01,2025-03-02,Meals & Entertainment,Apex Gastronomy Club,Los Angeles,145.71,145.71,No,EMP-103,Approved,2025-03-07
EXP-30967,EMP-118,CC-500,2025-03-01,2025-03-04,Office Misc,Office Depot,Los Angeles,224.64,224.64,Yes,EMP-101,Approved,2025-03-11
EXP-31795,EMP-129,CC-300,2025-03-02,2025-03-03,Meals & Entertainment,Luxury VIP Lounge Club,Los Angeles,145.2,145.2,No,EMP-103,Approved,2025-03-08
EXP-30968,EMP-110,CC-500,2025-03-02,2025-03-05,Meals & Entertainment,Local Bistro & Cafe,London,154.23,154.23,No,EMP-101,Approved,2025-03-12
EXP-30969,EMP-122,CC-400,2025-03-02,2025-03-11,Meals & Entertainment,Local Bistro & Cafe,Chicago,185.41,185.41,Yes,EMP-102,Approved,2025-03-18
EXP-30972,EMP-138,CC-400,2025-03-03,2025-03-12,Lodging,Sheraton Grand,New York,502.79,502.79,Yes,EMP-102,Approved,2025-03-19
EXP-30971,EMP-117,CC-100,2025-03-03,2025-03-04,Tech Hardware,CDW Direct,London,470.3,470.3,Yes,EMP-101,Approved,2025-03-11
EXP-30970,EMP-136,CC-300,2025-03-03,2025-03-08,Airfare,Lufthansa,Chicago,1366.8,1366.8,Yes,EMP-104,Approved,2025-03-15
EXP-30973,EMP-131,CC-300,2025-03-03,2025-03-11,Lodging,Marriott International,Dallas,467.95,467.95,Yes,EMP-103,Approved,2025-03-18
EXP-30974,EMP-104,CC-400,2025-03-04,2025-03-07,Meals & Entertainment,Morton's The Steakhouse,Chicago,146.19,146.19,Yes,EMP-101,Approved,2025-03-14
EXP-30975,EMP-128,CC-500,2025-03-04,2025-03-10,Tech Hardware,B&H Photo Video,London,1137.74,1137.74,Yes,EMP-104,Approved,2025-03-17
EXP-30976,EMP-117,CC-100,2025-03-05,2025-03-06,Ground Transport,Hertz Car Rental,New York,36.14,36.14,Yes,EMP-101,Approved,2025-03-13
EXP-30977,EMP-140,CC-200,2025-03-05,2025-03-06,Lodging,Westin Suites,San Francisco,458.69,458.69,Yes,EMP-104,Approved,2025-03-13
EXP-30979,EMP-138,CC-400,2025-03-06,2025-03-15,Lodging,Hyatt Regency,Atlanta,780.19,780.19,Yes,EMP-102,Approved,2025-03-22
EXP-30978,EMP-128,CC-500,2025-03-06,2025-03-08,Lodging,Sheraton Grand,Seattle,624.54,624.54,Yes,EMP-104,Approved,2025-03-15
EXP-30980,EMP-108,CC-100,2025-03-06,2025-03-14,Lodging,Hyatt Regency,Dallas,707.71,707.71,Yes,EMP-102,Approved,2025-03-21
EXP-30981,EMP-128,CC-500,2025-03-06,2025-03-08,Office Misc,FedEx Office,Atlanta,56.14,56.14,Yes,EMP-104,Approved,2025-03-15
EXP-30982,EMP-126,CC-500,2025-03-07,2025-03-08,Lodging,Hilton Hotels,San Francisco,761.43,761.43,Yes,EMP-103,Approved,2025-03-15
EXP-30983,EMP-130,CC-100,2025-03-07,2025-03-16,Airfare,British Airways,Seattle,993.95,993.95,No,EMP-102,Approved,2025-03-23
EXP-31796,EMP-129,CC-300,2025-03-08,2025-03-09,Meals & Entertainment,Apex Gastronomy Club,Los Angeles,145.59,145.59,No,EMP-103,Approved,2025-03-14
EXP-30984,EMP-115,CC-500,2025-03-08,2025-03-11,Airfare,British Airways,Los Angeles,487.89,487.89,Yes,EMP-101,Approved,2025-03-18
EXP-30985,EMP-120,CC-600,2025-03-08,2025-03-16,Lodging,Hilton Hotels,Los Angeles,322.83,322.83,Yes,EMP-101,Approved,2025-03-23
EXP-30986,EMP-132,CC-400,2025-03-09,2025-03-12,Airfare,Lufthansa,Atlanta,1017.53,1017.53,Yes,EMP-101,Approved,2025-03-19
EXP-31797,EMP-129,CC-300,2025-03-09,2025-03-10,Meals & Entertainment,Apex Gastronomy Club,Los Angeles,143.77,143.77,No,EMP-103,Approved,2025-03-15
EXP-30988,EMP-105,CC-200,2025-03-10,2025-03-13,Lodging,Westin Suites,Los Angeles,509.33,509.33,Yes,EMP-102,Approved,2025-03-20
EXP-30987,EMP-123,CC-200,2025-03-10,2025-03-12,Ground Transport,Lyft Inc,New York,79.58,79.58,Yes,EMP-101,Approved,2025-03-19
EXP-30990,EMP-133,CC-300,2025-03-11,2025-03-17,Meals & Entertainment,Local Bistro & Cafe,Atlanta,98.46,98.46,Yes,EMP-103,Approved,2025-03-24
EXP-30989,EMP-104,CC-400,2025-03-11,2025-03-16,Ground Transport,Avis Rent A Car,New York,42.56,42.56,Yes,EMP-101,Approved,2025-03-23
EXP-30991,EMP-119,CC-500,2025-03-12,2025-03-21,Airfare,Lufthansa,Los Angeles,523.51,523.51,Yes,EMP-102,Approved,2025-03-28
EXP-30993,EMP-125,CC-500,2025-03-12,2025-03-18,Ground Transport,Yellow Cab Co,Los Angeles,88.17,88.17,Yes,EMP-101,Approved,2025-03-25
EXP-30992,EMP-112,CC-500,2025-03-12,2025-03-21,Meals & Entertainment,Capital Grille,New York,207.94,207.94,Yes,EMP-101,Approved,2025-03-28
EXP-30995,EMP-135,CC-500,2025-03-13,2025-03-14,Meals & Entertainment,Ocean Prime,Los Angeles,89.03,89.03,Yes,EMP-101,Approved,2025-03-21
EXP-30994,EMP-125,CC-500,2025-03-13,2025-03-16,Tech Hardware,CDW Direct,Chicago,713.7,713.7,Yes,EMP-101,Approved,2025-03-23
EXP-30996,EMP-115,CC-500,2025-03-13,2025-03-16,Office Misc,Staples Direct,London,50.06,50.06,Yes,EMP-101,Approved,2025-03-23
EXP-30997,EMP-102,CC-200,2025-03-14,2025-03-19,Lodging,Sheraton Grand,Atlanta,530.38,530.38,Yes,EMP-101,Approved,2025-03-26
EXP-30999,EMP-122,CC-400,2025-03-15,2025-03-22,Lodging,Sheraton Grand,Chicago,534.55,534.55,Yes,EMP-102,Approved,2025-03-29
EXP-31798,EMP-129,CC-300,2025-03-15,2025-03-16,Meals & Entertainment,Executive Cigar & Wine Cellar,Los Angeles,145.98,145.98,No,EMP-103,Approved,2025-03-21
EXP-30998,EMP-131,CC-300,2025-03-15,2025-03-24,Tech Hardware,B&H Photo Video,Chicago,598.85,598.85,Yes,EMP-103,Approved,2025-03-31
EXP-31000,EMP-110,CC-500,2025-03-16,2025-03-20,Airfare,Lufthansa,London,821.28,821.28,Yes,EMP-101,Approved,2025-03-27
EXP-31002,EMP-106,CC-600,2025-03-16,2025-03-25,Office Misc,Office Depot,Atlanta,70.04,70.04,Yes,EMP-101,Approved,2025-04-01
EXP-31799,EMP-129,CC-300,2025-03-16,2025-03-17,Meals & Entertainment,Private Dining Room Riviera,Los Angeles,147.31,147.31,No,EMP-103,Approved,2025-03-22
EXP-31003,EMP-123,CC-200,2025-03-17,2025-03-24,Office Misc,FedEx Office,London,83.4,83.4,Yes,EMP-101,Approved,2025-03-31
EXP-31004,EMP-109,CC-600,2025-03-17,2025-03-23,Ground Transport,Avis Rent A Car,Los Angeles,22.31,22.31,Yes,EMP-102,Approved,2025-03-30
EXP-31005,EMP-138,CC-400,2025-03-18,2025-03-26,Ground Transport,Lyft Inc,Los Angeles,90.5,90.5,Yes,EMP-102,Approved,2025-04-02
EXP-31006,EMP-109,CC-600,2025-03-18,2025-03-26,Lodging,Westin Suites,Seattle,726.6,726.6,Yes,EMP-102,Approved,2025-04-02
EXP-31007,EMP-111,CC-700,2025-03-19,2025-03-25,Meals & Entertainment,Ruth's Chris Steak House,Chicago,89.56,89.56,Yes,EMP-102,Approved,2025-04-01
EXP-31008,EMP-139,CC-200,2025-03-20,2025-03-28,Office Misc,Staples Direct,London,226.32,226.32,Yes,EMP-101,Approved,2025-04-04
EXP-31009,EMP-119,CC-500,2025-03-20,2025-03-29,Airfare,Delta Air Lines,Atlanta,850.51,850.51,Yes,EMP-102,Approved,2025-04-05
EXP-31011,EMP-126,CC-500,2025-03-21,2025-03-26,Meals & Entertainment,Ocean Prime,Los Angeles,82.92,82.92,Yes,EMP-103,Approved,2025-04-02
EXP-31010,EMP-124,CC-700,2025-03-21,2025-03-29,Tech Hardware,B&H Photo Video,Dallas,569.72,569.72,Yes,EMP-104,Approved,2025-04-05
EXP-31012,EMP-117,CC-100,2025-03-21,2025-03-25,Office Misc,Amazon Prime Business,London,194.14,194.14,Yes,EMP-101,Approved,2025-04-01
EXP-31013,EMP-112,CC-500,2025-03-21,2025-03-31,Tech Hardware,Apple Store,Chicago,447.59,447.59,Yes,EMP-101,Approved,2025-04-07
EXP-31800,EMP-129,CC-300,2025-03-22,2025-03-23,Meals & Entertainment,Platinum Sky Lounge,Los Angeles,148.35,148.35,No,EMP-103,Approved,2025-03-28
EXP-31015,EMP-102,CC-200,2025-03-22,2025-04-01,Airfare,British Airways,Chicago,601.11,601.11,Yes,EMP-101,Approved,2025-04-08
EXP-31017,EMP-102,CC-200,2025-03-23,2025-03-26,Office Misc,FedEx Office,San Francisco,43.01,43.01,Yes,EMP-101,Approved,2025-04-02
EXP-31801,EMP-129,CC-300,2025-03-23,2025-03-24,Meals & Entertainment,Private Dining Room Riviera,Los Angeles,142.76,142.76,No,EMP-103,Approved,2025-03-29
EXP-31016,EMP-138,CC-400,2025-03-23,2025-03-24,Office Misc,FedEx Office,Chicago,122.78,122.78,Yes,EMP-102,Approved,2025-03-31
EXP-31018,EMP-116,CC-200,2025-03-24,2025-04-02,Tech Hardware,Apple Store,New York,403.39,403.39,Yes,EMP-104,Approved,2025-04-09
EXP-31019,EMP-125,CC-500,2025-03-25,2025-04-01,Lodging,Westin Suites,San Francisco,345.99,345.99,Yes,EMP-101,Approved,2025-04-08
EXP-31020,EMP-104,CC-400,2025-03-25,2025-03-26,Meals & Entertainment,Local Bistro & Cafe,New York,32.45,32.45,Yes,EMP-101,Approved,2025-04-02
EXP-31021,EMP-124,CC-700,2025-03-25,2025-03-29,Lodging,Hilton Hotels,London,367.74,367.74,Yes,EMP-104,Approved,2025-04-05
EXP-31022,EMP-109,CC-600,2025-03-26,2025-04-03,Office Misc,Amazon Prime Business,London,66.45,66.45,Yes,EMP-102,Approved,2025-04-10
EXP-31023,EMP-121,CC-200,2025-03-26,2025-04-01,Ground Transport,Hertz Car Rental,Atlanta,68.82,68.82,Yes,EMP-101,Approved,2025-04-08
EXP-31024,EMP-119,CC-500,2025-03-27,2025-04-06,Meals & Entertainment,Ocean Prime,Seattle,135.83,135.83,Yes,EMP-102,Approved,2025-04-13
EXP-31025,EMP-124,CC-700,2025-03-27,2025-03-31,Airfare,American Airlines,Seattle,1291.38,1291.38,Yes,EMP-104,Approved,2025-04-07
EXP-31026,EMP-125,CC-500,2025-03-27,2025-04-01,Lodging,Westin Suites,New York,476.88,476.88,Yes,EMP-101,Approved,2025-04-08
EXP-31027,EMP-119,CC-500,2025-03-27,2025-03-30,Airfare,Lufthansa,San Francisco,1005.48,1005.48,Yes,EMP-102,Approved,2025-04-06
EXP-31028,EMP-124,CC-700,2025-03-28,2025-04-06,Lodging,Marriott International,London,779.13,779.13,Yes,EMP-104,Approved,2025-04-13
EXP-31802,EMP-129,CC-300,2025-03-29,2025-03-30,Meals & Entertainment,Executive Cigar & Wine Cellar,Los Angeles,148.46,148.46,No,EMP-103,Approved,2025-04-04
EXP-31029,EMP-105,CC-200,2025-03-29,2025-04-08,Ground Transport,Hertz Car Rental,New York,85.27,85.27,Yes,EMP-102,Approved,2025-04-15
EXP-31030,EMP-112,CC-500,2025-03-29,2025-04-03,Airfare,American Airlines,Seattle,866.0,866.0,Yes,EMP-101,Approved,2025-04-10
EXP-31803,EMP-129,CC-300,2025-03-30,2025-03-31,Meals & Entertainment,Private Dining Room Riviera,Los Angeles,144.77,144.77,No,EMP-103,Approved,2025-04-05
EXP-31031,EMP-114,CC-400,2025-03-30,2025-04-09,Airfare,United Airlines,London,1012.21,1012.21,Yes,EMP-102,Approved,2025-04-16
EXP-31032,EMP-102,CC-200,2025-03-31,2025-04-04,Tech Hardware,Best Buy Enterprise,Dallas,1148.62,1148.62,Yes,EMP-101,Approved,2025-04-11
EXP-31033,EMP-124,CC-700,2025-03-31,2025-04-02,Office Misc,Staples Direct,Chicago,189.17,189.17,Yes,EMP-104,Approved,2025-04-09
EXP-31036,EMP-103,CC-300,2025-04-01,2025-04-11,Meals & Entertainment,Starbucks Coffee,Chicago,93.95,93.95,Yes,EMP-101,Approved,2025-04-18
EXP-31034,EMP-119,CC-500,2025-04-01,2025-04-08,Meals & Entertainment,Ruth's Chris Steak House,Chicago,138.64,138.64,Yes,EMP-102,Approved,2025-04-15
EXP-31035,EMP-102,CC-200,2025-04-01,2025-04-03,Tech Hardware,CDW Direct,New York,334.83,334.83,Yes,EMP-101,Approved,2025-04-10
EXP-31038,EMP-121,CC-200,2025-04-02,2025-04-12,Meals & Entertainment,Ocean Prime,Los Angeles,41.84,41.84,Yes,EMP-101,Approved,2025-04-19
EXP-31037,EMP-102,CC-200,2025-04-02,2025-04-06,Meals & Entertainment,Ocean Prime,Dallas,42.27,42.27,Yes,EMP-101,Approved,2025-04-13
EXP-31039,EMP-108,CC-100,2025-04-03,2025-04-12,Lodging,Hyatt Regency,San Francisco,355.53,355.53,Yes,EMP-102,Approved,2025-04-19
EXP-31040,EMP-131,CC-300,2025-04-03,2025-04-13,Airfare,United Airlines,San Francisco,980.87,980.87,Yes,EMP-103,Approved,2025-04-20
EXP-31041,EMP-112,CC-500,2025-04-03,2025-04-11,Ground Transport,Avis Rent A Car,Atlanta,24.71,24.71,Yes,EMP-101,Approved,2025-04-18
EXP-31042,EMP-109,CC-600,2025-04-03,2025-04-06,Airfare,Delta Air Lines,Chicago,377.22,377.22,Yes,EMP-102,Approved,2025-04-13
EXP-31043,EMP-114,CC-400,2025-04-04,2025-04-09,Tech Hardware,Apple Store,San Francisco,191.41,191.41,Yes,EMP-102,Approved,2025-04-16
EXP-31044,EMP-120,CC-600,2025-04-04,2025-04-14,Tech Hardware,Apple Store,Chicago,798.97,798.97,Yes,EMP-101,Approved,2025-04-21
EXP-31045,EMP-135,CC-500,2025-04-04,2025-04-09,Office Misc,Office Depot,Atlanta,179.03,179.03,Yes,EMP-101,Approved,2025-04-16
EXP-31046,EMP-108,CC-100,2025-04-05,2025-04-07,Tech Hardware,Apple Store,Los Angeles,688.79,688.79,Yes,EMP-102,Approved,2025-04-14
EXP-31804,EMP-129,CC-300,2025-04-05,2025-04-06,Meals & Entertainment,Luxury VIP Lounge Club,Los Angeles,144.01,144.01,No,EMP-103,Approved,2025-04-11
EXP-31805,EMP-129,CC-300,2025-04-06,2025-04-07,Meals & Entertainment,Luxury VIP Lounge Club,Los Angeles,144.33,144.33,No,EMP-103,Approved,2025-04-12
EXP-31047,EMP-126,CC-500,2025-04-06,2025-04-09,Tech Hardware,Best Buy Enterprise,New York,614.38,614.38,Yes,EMP-103,Approved,2025-04-16
EXP-31049,EMP-106,CC-600,2025-04-07,2025-04-16,Airfare,United Airlines,New York,999.3,999.3,Yes,EMP-101,Approved,2025-04-23
EXP-31048,EMP-126,CC-500,2025-04-07,2025-04-09,Ground Transport,Uber Technologies,Dallas,92.98,92.98,Yes,EMP-103,Approved,2025-04-16
EXP-31051,EMP-102,CC-200,2025-04-08,2025-04-15,Lodging,Hyatt Regency,Dallas,576.93,576.93,No,EMP-101,Approved,2025-04-22
EXP-31050,EMP-103,CC-300,2025-04-08,2025-04-12,Meals & Entertainment,Ruth's Chris Steak House,New York,71.64,71.64,Yes,EMP-101,Approved,2025-04-19
EXP-31053,EMP-110,CC-500,2025-04-09,2025-04-11,Meals & Entertainment,Starbucks Coffee,London,54.64,54.64,Yes,EMP-101,Approved,2025-04-18
EXP-31052,EMP-117,CC-100,2025-04-09,2025-04-17,Tech Hardware,B&H Photo Video,Atlanta,512.19,512.19,Yes,EMP-101,Approved,2025-04-24
EXP-31055,EMP-133,CC-300,2025-04-10,2025-04-11,Office Misc,Office Depot,New York,173.51,173.51,Yes,EMP-103,Approved,2025-04-18
EXP-31054,EMP-114,CC-400,2025-04-10,2025-04-18,Airfare,British Airways,Los Angeles,1227.01,1227.01,Yes,EMP-102,Approved,2025-04-25
EXP-31059,EMP-139,CC-200,2025-04-11,2025-04-14,Ground Transport,Avis Rent A Car,San Francisco,84.32,84.32,Yes,EMP-101,Approved,2025-04-21
EXP-31057,EMP-102,CC-200,2025-04-11,2025-04-15,Lodging,Westin Suites,Atlanta,756.01,756.01,Yes,EMP-101,Approved,2025-04-22
EXP-31060,EMP-116,CC-200,2025-04-11,2025-04-13,Lodging,Sheraton Grand,Los Angeles,199.62,199.62,Yes,EMP-104,Approved,2025-04-20
EXP-31058,EMP-126,CC-500,2025-04-11,2025-04-21,Ground Transport,Uber Technologies,Los Angeles,44.59,44.59,Yes,EMP-103,Approved,2025-04-28
EXP-31806,EMP-129,CC-300,2025-04-12,2025-04-13,Meals & Entertainment,Luxury VIP Lounge Club,Los Angeles,144.41,144.41,No,EMP-103,Approved,2025-04-18
EXP-31061,EMP-101,CC-100,2025-04-12,2025-04-14,Airfare,Lufthansa,London,1259.98,1259.98,Yes,EMP-101,Approved,2025-04-21
EXP-31062,EMP-104,CC-400,2025-04-12,2025-04-16,Tech Hardware,B&H Photo Video,San Francisco,412.13,412.13,Yes,EMP-101,Approved,2025-04-23
EXP-31064,EMP-136,CC-300,2025-04-13,2025-04-19,Lodging,Westin Suites,Chicago,343.08,343.08,Yes,EMP-104,Approved,2025-04-26
EXP-31807,EMP-129,CC-300,2025-04-13,2025-04-14,Meals & Entertainment,Apex Gastronomy Club,Los Angeles,143.95,143.95,No,EMP-103,Approved,2025-04-19
EXP-31065,EMP-101,CC-100,2025-04-13,2025-04-19,Tech Hardware,B&H Photo Video,Chicago,299.25,299.25,Yes,EMP-101,Approved,2025-04-26
EXP-31063,EMP-126,CC-500,2025-04-13,2025-04-22,Meals & Entertainment,Local Bistro & Cafe,London,82.16,82.16,Yes,EMP-103,Approved,2025-04-29
EXP-31066,EMP-110,CC-500,2025-04-14,2025-04-20,Office Misc,FedEx Office,Seattle,193.39,193.39,Yes,EMP-101,Approved,2025-04-27
EXP-31068,EMP-114,CC-400,2025-04-14,2025-04-18,Meals & Entertainment,Local Bistro & Cafe,Chicago,176.77,176.77,Yes,EMP-102,Approved,2025-04-25
EXP-31067,EMP-108,CC-100,2025-04-14,2025-04-21,Lodging,Westin Suites,New York,779.09,779.09,Yes,EMP-102,Approved,2025-04-28
EXP-31069,EMP-114,CC-400,2025-04-15,2025-04-25,Tech Hardware,B&H Photo Video,San Francisco,566.2,566.2,Yes,EMP-102,Approved,2025-05-02
EXP-31070,EMP-113,CC-700,2025-04-15,2025-04-19,Lodging,Hilton Hotels,Los Angeles,201.8,201.8,Yes,EMP-103,Approved,2025-04-26
EXP-31072,EMP-131,CC-300,2025-04-16,2025-04-24,Office Misc,FedEx Office,New York,116.44,116.44,Yes,EMP-103,Approved,2025-05-01
EXP-31071,EMP-134,CC-600,2025-04-16,2025-04-21,Meals & Entertainment,Ocean Prime,Atlanta,200.22,200.22,Yes,EMP-103,Approved,2025-04-28
EXP-31073,EMP-126,CC-500,2025-04-17,2025-04-20,Lodging,Marriott International,London,403.05,403.05,Yes,EMP-103,Approved,2025-04-27
EXP-31075,EMP-108,CC-100,2025-04-18,2025-04-24,Office Misc,FedEx Office,Dallas,205.84,205.84,Yes,EMP-102,Approved,2025-05-01
EXP-31074,EMP-103,CC-300,2025-04-18,2025-04-19,Airfare,American Airlines,Seattle,889.05,889.05,Yes,EMP-101,Approved,2025-04-26
EXP-31808,EMP-129,CC-300,2025-04-19,2025-04-20,Meals & Entertainment,Apex Gastronomy Club,Los Angeles,147.69,147.69,No,EMP-103,Approved,2025-04-25
EXP-31077,EMP-125,CC-500,2025-04-19,2025-04-20,Airfare,Delta Air Lines,Dallas,756.05,756.05,Yes,EMP-101,Approved,2025-04-27
EXP-31076,EMP-120,CC-600,2025-04-19,2025-04-21,Office Misc,Staples Direct,Atlanta,226.16,226.16,Yes,EMP-101,Approved,2025-04-28
EXP-31080,EMP-112,CC-500,2025-04-20,2025-04-25,Office Misc,Amazon Prime Business,San Francisco,113.55,113.55,Yes,EMP-101,Approved,2025-05-02
EXP-31079,EMP-122,CC-400,2025-04-20,2025-04-26,Meals & Entertainment,Starbucks Coffee,Dallas,98.92,98.92,Yes,EMP-102,Approved,2025-05-03
EXP-31078,EMP-105,CC-200,2025-04-20,2025-04-21,Airfare,Lufthansa,Chicago,769.65,769.65,Yes,EMP-102,Approved,2025-04-28
EXP-31809,EMP-129,CC-300,2025-04-20,2025-04-21,Meals & Entertainment,Executive Cigar & Wine Cellar,Los Angeles,148.61,148.61,No,EMP-103,Approved,2025-04-26
EXP-31084,EMP-106,CC-600,2025-04-21,2025-04-24,Tech Hardware,B&H Photo Video,Chicago,309.8,309.8,Yes,EMP-101,Approved,2025-05-01
EXP-31083,EMP-127,CC-100,2025-04-21,2025-04-22,Ground Transport,Uber Technologies,Los Angeles,35.78,35.78,Yes,EMP-103,Approved,2025-04-29
EXP-31081,EMP-115,CC-500,2025-04-21,2025-04-22,Ground Transport,Avis Rent A Car,New York,94.13,94.13,Yes,EMP-101,Approved,2025-04-29
EXP-31082,EMP-118,CC-500,2025-04-21,2025-05-01,Office Misc,FedEx Office,Dallas,248.21,248.21,Yes,EMP-101,Approved,2025-05-08
EXP-31087,EMP-114,CC-400,2025-04-22,2025-04-23,Ground Transport,Yellow Cab Co,San Francisco,59.2,59.2,Yes,EMP-102,Approved,2025-04-30
EXP-31088,EMP-121,CC-200,2025-04-22,2025-05-02,Office Misc,Amazon Prime Business,Los Angeles,245.56,245.56,Yes,EMP-101,Approved,2025-05-09
EXP-31085,EMP-125,CC-500,2025-04-22,2025-04-24,Tech Hardware,B&H Photo Video,Dallas,871.34,871.34,Yes,EMP-101,Approved,2025-05-01
EXP-31089,EMP-139,CC-200,2025-04-23,2025-04-29,Tech Hardware,Apple Store,Atlanta,867.12,867.12,No,EMP-101,Approved,2025-05-06
EXP-31090,EMP-113,CC-700,2025-04-24,2025-05-03,Ground Transport,Hertz Car Rental,Los Angeles,36.52,36.52,Yes,EMP-103,Approved,2025-05-10
EXP-31091,EMP-113,CC-700,2025-04-25,2025-05-02,Office Misc,Amazon Prime Business,London,37.46,37.46,Yes,EMP-103,Approved,2025-05-09
EXP-31092,EMP-132,CC-400,2025-04-25,2025-04-27,Tech Hardware,CDW Direct,Seattle,1070.09,1070.09,Yes,EMP-101,Approved,2025-05-04
EXP-31810,EMP-129,CC-300,2025-04-26,2025-04-27,Meals & Entertainment,Luxury VIP Lounge Club,Los Angeles,144.3,144.3,No,EMP-103,Approved,2025-05-02
EXP-31093,EMP-123,CC-200,2025-04-26,2025-05-02,Meals & Entertainment,Morton's The Steakhouse,Atlanta,108.41,108.41,Yes,EMP-101,Approved,2025-05-09
EXP-31095,EMP-101,CC-100,2025-04-27,2025-04-29,Airfare,Delta Air Lines,Atlanta,1365.19,1365.19,Yes,EMP-101,Approved,2025-05-06
EXP-31811,EMP-129,CC-300,2025-04-27,2025-04-28,Meals & Entertainment,Luxury VIP Lounge Club,Los Angeles,149.18,149.18,No,EMP-103,Approved,2025-05-03
EXP-31094,EMP-131,CC-300,2025-04-27,2025-05-03,Office Misc,FedEx Office,Atlanta,58.69,58.69,Yes,EMP-103,Approved,2025-05-10
EXP-31098,EMP-115,CC-500,2025-04-28,2025-05-02,Meals & Entertainment,Starbucks Coffee,New York,184.14,184.14,Yes,EMP-101,Approved,2025-05-09
EXP-31097,EMP-120,CC-600,2025-04-28,2025-05-04,Ground Transport,Yellow Cab Co,Dallas,71.68,71.68,Yes,EMP-101,Approved,2025-05-11
EXP-31099,EMP-128,CC-500,2025-04-29,2025-04-30,Meals & Entertainment,Starbucks Coffee,London,165.09,165.09,Yes,EMP-104,Approved,2025-05-07
EXP-31101,EMP-101,CC-100,2025-04-29,2025-05-09,Ground Transport,Yellow Cab Co,New York,27.66,27.66,Yes,EMP-101,Approved,2025-05-16
EXP-31103,EMP-126,CC-500,2025-04-30,2025-05-10,Airfare,United Airlines,Los Angeles,1249.26,1249.26,Yes,EMP-103,Approved,2025-05-17
EXP-31104,EMP-119,CC-500,2025-04-30,2025-05-04,Airfare,American Airlines,Chicago,1006.79,1006.79,Yes,EMP-102,Approved,2025-05-11
EXP-31105,EMP-110,CC-500,2025-05-01,2025-05-10,Tech Hardware,Best Buy Enterprise,San Francisco,657.56,657.56,Yes,EMP-101,Approved,2025-05-17
EXP-31106,EMP-123,CC-200,2025-05-01,2025-05-02,Ground Transport,Avis Rent A Car,New York,68.78,68.78,Yes,EMP-101,Approved,2025-05-09
EXP-31107,EMP-121,CC-200,2025-05-02,2025-05-10,Ground Transport,Hertz Car Rental,London,91.2,91.2,Yes,EMP-101,Approved,2025-05-17
EXP-31108,EMP-106,CC-600,2025-05-02,2025-05-04,Meals & Entertainment,Local Bistro & Cafe,Chicago,197.29,197.29,Yes,EMP-101,Approved,2025-05-11
EXP-31812,EMP-129,CC-300,2025-05-03,2025-05-04,Meals & Entertainment,Apex Gastronomy Club,Los Angeles,149.37,149.37,No,EMP-103,Approved,2025-05-09
EXP-31109,EMP-130,CC-100,2025-05-03,2025-05-04,Airfare,Lufthansa,Dallas,426.63,426.63,Yes,EMP-102,Approved,2025-05-11
EXP-31110,EMP-137,CC-500,2025-05-03,2025-05-08,Airfare,Delta Air Lines,Atlanta,475.22,475.22,Yes,EMP-104,Approved,2025-05-15
EXP-31111,EMP-117,CC-100,2025-05-03,2025-05-13,Meals & Entertainment,Ocean Prime,New York,213.73,213.73,Yes,EMP-101,Approved,2025-05-20
EXP-31113,EMP-132,CC-400,2025-05-04,2025-05-07,Lodging,Westin Suites,Seattle,829.95,829.95,Yes,EMP-101,Approved,2025-05-14
EXP-31813,EMP-129,CC-300,2025-05-04,2025-05-05,Meals & Entertainment,Luxury VIP Lounge Club,Los Angeles,144.46,144.46,No,EMP-103,Approved,2025-05-10
EXP-31112,EMP-137,CC-500,2025-05-04,2025-05-09,Ground Transport,Hertz Car Rental,Dallas,31.28,31.28,Yes,EMP-104,Approved,2025-05-16
EXP-31114,EMP-131,CC-300,2025-05-05,2025-05-06,Meals & Entertainment,Local Bistro & Cafe,London,114.41,114.41,Yes,EMP-103,Approved,2025-05-13
EXP-31115,EMP-136,CC-300,2025-05-05,2025-05-11,Airfare,United Airlines,Seattle,604.36,604.36,Yes,EMP-104,Approved,2025-05-18
EXP-31116,EMP-111,CC-700,2025-05-05,2025-05-08,Airfare,Lufthansa,Los Angeles,928.13,928.13,Yes,EMP-102,Approved,2025-05-15
EXP-31117,EMP-126,CC-500,2025-05-05,2025-05-12,Ground Transport,Yellow Cab Co,Los Angeles,65.32,65.32,Yes,EMP-103,Approved,2025-05-19
EXP-31118,EMP-135,CC-500,2025-05-06,2025-05-10,Ground Transport,Hertz Car Rental,San Francisco,60.3,60.3,Yes,EMP-101,Approved,2025-05-17
EXP-31119,EMP-124,CC-700,2025-05-07,2025-05-16,Ground Transport,Uber Technologies,Atlanta,41.67,41.67,Yes,EMP-104,Approved,2025-05-23
EXP-31120,EMP-107,CC-600,2025-05-07,2025-05-15,Office Misc,Office Depot,Los Angeles,71.56,71.56,No,EMP-101,Approved,2025-05-22
EXP-31121,EMP-138,CC-400,2025-05-07,2025-05-15,Airfare,British Airways,Los Angeles,1201.28,1201.28,Yes,EMP-102,Approved,2025-05-22
EXP-31122,EMP-133,CC-300,2025-05-08,2025-05-18,Office Misc,Amazon Prime Business,Atlanta,195.32,195.32,Yes,EMP-103,Approved,2025-05-25
EXP-31123,EMP-103,CC-300,2025-05-09,2025-05-19,Tech Hardware,Best Buy Enterprise,Dallas,679.84,679.84,Yes,EMP-101,Approved,2025-05-26
EXP-31124,EMP-128,CC-500,2025-05-10,2025-05-13,Ground Transport,Hertz Car Rental,London,84.62,84.62,Yes,EMP-104,Approved,2025-05-20
EXP-31125,EMP-123,CC-200,2025-05-10,2025-05-15,Airfare,British Airways,Dallas,1056.86,1056.86,Yes,EMP-101,Approved,2025-05-22
EXP-31126,EMP-126,CC-500,2025-05-10,2025-05-17,Meals & Entertainment,Ocean Prime,Chicago,108.28,108.28,Yes,EMP-103,Approved,2025-05-24
EXP-31814,EMP-129,CC-300,2025-05-10,2025-05-11,Meals & Entertainment,Platinum Sky Lounge,Los Angeles,145.48,145.48,No,EMP-103,Approved,2025-05-16
EXP-31128,EMP-131,CC-300,2025-05-11,2025-05-12,Tech Hardware,CDW Direct,Los Angeles,1052.06,1052.06,Yes,EMP-103,Approved,2025-05-19
EXP-31815,EMP-129,CC-300,2025-05-11,2025-05-12,Meals & Entertainment,Platinum Sky Lounge,Los Angeles,146.24,146.24,No,EMP-103,Approved,2025-05-17
EXP-31127,EMP-139,CC-200,2025-05-11,2025-05-21,Tech Hardware,Best Buy Enterprise,New York,619.09,619.09,Yes,EMP-101,Approved,2025-05-28
EXP-31129,EMP-109,CC-600,2025-05-12,2025-05-15,Lodging,Marriott International,Chicago,473.1,473.1,Yes,EMP-102,Approved,2025-05-22
EXP-31130,EMP-115,CC-500,2025-05-12,2025-05-19,Airfare,United Airlines,Chicago,1237.41,1237.41,Yes,EMP-101,Approved,2025-05-26
EXP-31131,EMP-123,CC-200,2025-05-13,2025-05-14,Lodging,Hyatt Regency,London,329.2,329.2,Yes,EMP-101,Approved,2025-05-21
EXP-31133,EMP-128,CC-500,2025-05-13,2025-05-18,Tech Hardware,CDW Direct,Chicago,829.66,829.66,Yes,EMP-104,Approved,2025-05-25
EXP-31134,EMP-131,CC-300,2025-05-13,2025-05-22,Meals & Entertainment,Ruth's Chris Steak House,Chicago,91.81,91.81,Yes,EMP-103,Approved,2025-05-29
EXP-31132,EMP-103,CC-300,2025-05-13,2025-05-17,Ground Transport,Hertz Car Rental,Los Angeles,74.4,74.4,Yes,EMP-101,Approved,2025-05-24
EXP-31135,EMP-137,CC-500,2025-05-14,2025-05-20,Tech Hardware,Apple Store,Los Angeles,906.13,906.13,Yes,EMP-104,Approved,2025-05-27
EXP-31136,EMP-114,CC-400,2025-05-14,2025-05-22,Ground Transport,Avis Rent A Car,San Francisco,32.95,32.95,Yes,EMP-102,Approved,2025-05-29
EXP-31137,EMP-114,CC-400,2025-05-14,2025-05-20,Meals & Entertainment,Capital Grille,Chicago,128.89,128.89,Yes,EMP-102,Approved,2025-05-27
EXP-31138,EMP-134,CC-600,2025-05-15,2025-05-19,Lodging,Sheraton Grand,Chicago,779.79,779.79,Yes,EMP-103,Approved,2025-05-26
EXP-31139,EMP-122,CC-400,2025-05-16,2025-05-20,Tech Hardware,Best Buy Enterprise,New York,187.11,187.11,Yes,EMP-102,Approved,2025-05-27
EXP-31141,EMP-103,CC-300,2025-05-17,2025-05-21,Lodging,Sheraton Grand,Los Angeles,358.96,358.96,Yes,EMP-101,Approved,2025-05-28
EXP-31142,EMP-113,CC-700,2025-05-17,2025-05-23,Office Misc,Office Depot,San Francisco,147.34,147.34,Yes,EMP-103,Approved,2025-05-30
EXP-31816,EMP-129,CC-300,2025-05-17,2025-05-18,Meals & Entertainment,Private Dining Room Riviera,Los Angeles,145.06,145.06,No,EMP-103,Approved,2025-05-23
EXP-31140,EMP-104,CC-400,2025-05-17,2025-05-21,Airfare,Lufthansa,Dallas,499.7,499.7,Yes,EMP-101,Approved,2025-05-28
EXP-31143,EMP-106,CC-600,2025-05-18,2025-05-19,Lodging,Hyatt Regency,London,776.87,776.87,Yes,EMP-101,Approved,2025-05-26
EXP-31144,EMP-115,CC-500,2025-05-18,2025-05-20,Ground Transport,Uber Technologies,Seattle,75.96,75.96,Yes,EMP-101,Approved,2025-05-27
EXP-31145,EMP-127,CC-100,2025-05-18,2025-05-25,Tech Hardware,B&H Photo Video,Los Angeles,1088.33,1088.33,Yes,EMP-103,Approved,2025-06-01
EXP-31817,EMP-129,CC-300,2025-05-18,2025-05-19,Meals & Entertainment,Executive Cigar & Wine Cellar,Los Angeles,144.88,144.88,No,EMP-103,Approved,2025-05-24
EXP-31147,EMP-135,CC-500,2025-05-19,2025-05-20,Lodging,Sheraton Grand,Chicago,471.5,471.5,Yes,EMP-101,Approved,2025-05-27
EXP-31148,EMP-110,CC-500,2025-05-19,2025-05-29,Office Misc,Amazon Prime Business,San Francisco,172.49,172.49,Yes,EMP-101,Approved,2025-06-05
EXP-31146,EMP-123,CC-200,2025-05-19,2025-05-27,Meals & Entertainment,Morton's The Steakhouse,Chicago,43.69,43.69,Yes,EMP-101,Approved,2025-06-03
EXP-31149,EMP-140,CC-200,2025-05-20,2025-05-29,Lodging,Hyatt Regency,Chicago,532.54,532.54,Yes,EMP-104,Approved,2025-06-05
EXP-31150,EMP-137,CC-500,2025-05-20,2025-05-30,Airfare,United Airlines,London,994.29,994.29,Yes,EMP-104,Approved,2025-06-06
EXP-31154,EMP-134,CC-600,2025-05-21,2025-05-25,Ground Transport,Uber Technologies,Atlanta,67.76,67.76,Yes,EMP-103,Approved,2025-06-01
EXP-31153,EMP-102,CC-200,2025-05-21,2025-05-28,Lodging,Hyatt Regency,Los Angeles,445.4,445.4,Yes,EMP-101,Approved,2025-06-04
EXP-31152,EMP-107,CC-600,2025-05-21,2025-05-27,Tech Hardware,CDW Direct,Atlanta,1162.15,1162.15,Yes,EMP-101,Approved,2025-06-03
EXP-31151,EMP-134,CC-600,2025-05-21,2025-05-22,Lodging,Hilton Hotels,New York,644.57,644.57,Yes,EMP-103,Approved,2025-05-29
EXP-31156,EMP-140,CC-200,2025-05-22,2025-05-25,Airfare,Delta Air Lines,San Francisco,904.12,904.12,Yes,EMP-104,Approved,2025-06-01
EXP-31155,EMP-131,CC-300,2025-05-22,2025-05-31,Airfare,American Airlines,Atlanta,608.94,608.94,Yes,EMP-103,Approved,2025-06-07
EXP-31157,EMP-125,CC-500,2025-05-23,2025-06-02,Lodging,Hilton Hotels,New York,397.92,397.92,Yes,EMP-101,Approved,2025-06-09
EXP-31158,EMP-116,CC-200,2025-05-23,2025-05-30,Office Misc,Amazon Prime Business,Dallas,75.3,75.3,Yes,EMP-104,Approved,2025-06-06
EXP-31159,EMP-139,CC-200,2025-05-23,2025-05-28,Meals & Entertainment,Local Bistro & Cafe,Seattle,203.81,203.81,No,EMP-101,Approved,2025-06-04
EXP-31160,EMP-123,CC-200,2025-05-24,2025-05-31,Meals & Entertainment,Starbucks Coffee,Dallas,105.88,105.88,Yes,EMP-101,Approved,2025-06-07
EXP-31161,EMP-124,CC-700,2025-05-24,2025-06-01,Lodging,Marriott International,London,219.0,219.0,Yes,EMP-104,Approved,2025-06-08
EXP-31818,EMP-129,CC-300,2025-05-24,2025-05-25,Meals & Entertainment,Platinum Sky Lounge,Los Angeles,147.69,147.69,No,EMP-103,Approved,2025-05-30
EXP-31162,EMP-106,CC-600,2025-05-25,2025-06-01,Airfare,United Airlines,London,1337.02,1337.02,Yes,EMP-101,Approved,2025-06-08
EXP-31819,EMP-129,CC-300,2025-05-25,2025-05-26,Meals & Entertainment,Private Dining Room Riviera,Los Angeles,143.64,143.64,No,EMP-103,Approved,2025-05-31
EXP-31163,EMP-111,CC-700,2025-05-26,2025-06-03,Meals & Entertainment,Starbucks Coffee,Atlanta,153.08,153.08,Yes,EMP-102,Approved,2025-06-10
EXP-31164,EMP-112,CC-500,2025-05-26,2025-06-03,Lodging,Hilton Hotels,Dallas,795.14,795.14,Yes,EMP-101,Approved,2025-06-10
EXP-31165,EMP-105,CC-200,2025-05-27,2025-06-06,Ground Transport,Avis Rent A Car,Los Angeles,79.37,79.37,Yes,EMP-102,Approved,2025-06-13
EXP-31166,EMP-139,CC-200,2025-05-27,2025-05-28,Airfare,American Airlines,Atlanta,766.15,766.15,Yes,EMP-101,Approved,2025-06-04
EXP-31167,EMP-110,CC-500,2025-05-28,2025-06-05,Ground Transport,Hertz Car Rental,Dallas,89.15,89.15,Yes,EMP-101,Approved,2025-06-12
EXP-31168,EMP-136,CC-300,2025-05-28,2025-06-07,Tech Hardware,Best Buy Enterprise,London,689.8,689.8,Yes,EMP-104,Approved,2025-06-14
EXP-31169,EMP-106,CC-600,2025-05-29,2025-06-08,Ground Transport,Avis Rent A Car,Los Angeles,78.59,78.59,Yes,EMP-101,Approved,2025-06-15
EXP-31170,EMP-139,CC-200,2025-05-29,2025-06-03,Lodging,Sheraton Grand,New York,795.37,795.37,Yes,EMP-101,Approved,2025-06-10
EXP-31171,EMP-124,CC-700,2025-05-29,2025-06-06,Office Misc,Office Depot,Los Angeles,92.82,92.82,Yes,EMP-104,Approved,2025-06-13
EXP-31172,EMP-118,CC-500,2025-05-29,2025-06-06,Ground Transport,Avis Rent A Car,Dallas,37.63,37.63,Yes,EMP-101,Approved,2025-06-13
EXP-31173,EMP-115,CC-500,2025-05-30,2025-06-05,Tech Hardware,B&H Photo Video,Los Angeles,931.41,931.41,Yes,EMP-101,Approved,2025-06-12
EXP-31174,EMP-137,CC-500,2025-05-30,2025-06-01,Airfare,American Airlines,Atlanta,808.58,808.58,Yes,EMP-104,Approved,2025-06-08
EXP-31176,EMP-120,CC-600,2025-05-31,2025-06-09,Office Misc,Amazon Prime Business,London,49.93,49.93,Yes,EMP-101,Approved,2025-06-16
EXP-31177,EMP-135,CC-500,2025-05-31,2025-06-05,Tech Hardware,Best Buy Enterprise,London,437.11,437.11,Yes,EMP-101,Approved,2025-06-12
EXP-31820,EMP-129,CC-300,2025-05-31,2025-06-01,Meals & Entertainment,Luxury VIP Lounge Club,Los Angeles,143.28,143.28,No,EMP-103,Approved,2025-06-06
EXP-31180,EMP-125,CC-500,2025-06-01,2025-06-05,Meals & Entertainment,Ocean Prime,Chicago,76.72,76.72,Yes,EMP-101,Approved,2025-06-12
EXP-31179,EMP-121,CC-200,2025-06-01,2025-06-11,Airfare,United Airlines,San Francisco,397.33,397.33,Yes,EMP-101,Approved,2025-06-18
EXP-31821,EMP-129,CC-300,2025-06-01,2025-06-02,Meals & Entertainment,Private Dining Room Riviera,Los Angeles,144.56,144.56,No,EMP-103,Approved,2025-06-07
EXP-31178,EMP-126,CC-500,2025-06-01,2025-06-08,Tech Hardware,CDW Direct,San Francisco,678.53,678.53,Yes,EMP-103,Approved,2025-06-15
EXP-31183,EMP-105,CC-200,2025-06-02,2025-06-07,Airfare,Lufthansa,Los Angeles,570.06,570.06,Yes,EMP-102,Approved,2025-06-14
EXP-31182,EMP-112,CC-500,2025-06-02,2025-06-06,Airfare,American Airlines,Atlanta,383.8,383.8,Yes,EMP-101,Approved,2025-06-13
EXP-31181,EMP-123,CC-200,2025-06-02,2025-06-05,Meals & Entertainment,Local Bistro & Cafe,Atlanta,141.0,141.0,Yes,EMP-101,Approved,2025-06-12
EXP-31184,EMP-128,CC-500,2025-06-03,2025-06-10,Airfare,American Airlines,Los Angeles,572.53,572.53,Yes,EMP-104,Approved,2025-06-17
EXP-31185,EMP-118,CC-500,2025-06-03,2025-06-05,Ground Transport,Avis Rent A Car,New York,68.59,68.59,Yes,EMP-101,Approved,2025-06-12
EXP-31186,EMP-108,CC-100,2025-06-04,2025-06-11,Meals & Entertainment,Ruth's Chris Steak House,San Francisco,166.77,166.77,Yes,EMP-102,Approved,2025-06-18
EXP-31189,EMP-135,CC-500,2025-06-05,2025-06-09,Ground Transport,Avis Rent A Car,Los Angeles,25.73,25.73,Yes,EMP-101,Approved,2025-06-16
EXP-31190,EMP-121,CC-200,2025-06-05,2025-06-11,Office Misc,Office Depot,Los Angeles,66.82,66.82,Yes,EMP-101,Approved,2025-06-18
EXP-31187,EMP-136,CC-300,2025-06-05,2025-06-06,Ground Transport,Yellow Cab Co,New York,67.16,67.16,No,EMP-104,Approved,2025-06-13
EXP-31188,EMP-120,CC-600,2025-06-05,2025-06-11,Airfare,American Airlines,San Francisco,575.6,575.6,Yes,EMP-101,Approved,2025-06-18
EXP-31191,EMP-134,CC-600,2025-06-06,2025-06-11,Airfare,Delta Air Lines,Los Angeles,422.01,422.01,Yes,EMP-103,Approved,2025-06-18
EXP-31192,EMP-130,CC-100,2025-06-06,2025-06-15,Airfare,Lufthansa,New York,1306.78,1306.78,Yes,EMP-102,Approved,2025-06-22
EXP-31193,EMP-106,CC-600,2025-06-07,2025-06-14,Tech Hardware,CDW Direct,New York,349.18,349.18,Yes,EMP-101,Approved,2025-06-21
EXP-31194,EMP-124,CC-700,2025-06-07,2025-06-09,Airfare,American Airlines,Seattle,476.85,476.85,Yes,EMP-104,Approved,2025-06-16
EXP-31195,EMP-138,CC-400,2025-06-07,2025-06-09,Lodging,Westin Suites,Atlanta,536.61,536.61,Yes,EMP-102,Approved,2025-06-16
EXP-31822,EMP-129,CC-300,2025-06-07,2025-06-08,Meals & Entertainment,Platinum Sky Lounge,Los Angeles,147.03,147.03,No,EMP-103,Approved,2025-06-13
EXP-31197,EMP-110,CC-500,2025-06-08,2025-06-17,Tech Hardware,Best Buy Enterprise,Chicago,938.77,938.77,Yes,EMP-101,Approved,2025-06-24
EXP-31196,EMP-132,CC-400,2025-06-08,2025-06-13,Airfare,British Airways,Los Angeles,913.08,913.08,Yes,EMP-101,Approved,2025-06-20
EXP-31823,EMP-129,CC-300,2025-06-08,2025-06-09,Meals & Entertainment,Apex Gastronomy Club,Los Angeles,145.08,145.08,No,EMP-103,Approved,2025-06-14
EXP-31198,EMP-124,CC-700,2025-06-08,2025-06-10,Airfare,British Airways,New York,980.17,980.17,Yes,EMP-104,Approved,2025-06-17
EXP-31200,EMP-109,CC-600,2025-06-09,2025-06-10,Airfare,Lufthansa,Dallas,393.42,393.42,Yes,EMP-102,Approved,2025-06-17
EXP-31199,EMP-114,CC-400,2025-06-09,2025-06-15,Lodging,Marriott International,San Francisco,367.23,367.23,Yes,EMP-102,Approved,2025-06-22
EXP-31201,EMP-131,CC-300,2025-06-10,2025-06-19,Office Misc,Office Depot,London,139.13,139.13,Yes,EMP-103,Approved,2025-06-26
EXP-31202,EMP-125,CC-500,2025-06-10,2025-06-17,Lodging,Sheraton Grand,Dallas,542.4,542.4,Yes,EMP-101,Approved,2025-06-24
EXP-31203,EMP-105,CC-200,2025-06-10,2025-06-13,Office Misc,Staples Direct,Atlanta,203.58,203.58,Yes,EMP-102,Approved,2025-06-20
EXP-31205,EMP-106,CC-600,2025-06-11,2025-06-12,Lodging,Marriott International,New York,551.43,551.43,Yes,EMP-101,Approved,2025-06-19
EXP-31204,EMP-104,CC-400,2025-06-11,2025-06-18,Ground Transport,Yellow Cab Co,Seattle,90.63,90.63,Yes,EMP-101,Approved,2025-06-25
EXP-31206,EMP-105,CC-200,2025-06-11,2025-06-14,Tech Hardware,Apple Store,New York,850.59,850.59,Yes,EMP-102,Approved,2025-06-21
EXP-31207,EMP-115,CC-500,2025-06-12,2025-06-18,Office Misc,Staples Direct,San Francisco,43.04,43.04,Yes,EMP-101,Approved,2025-06-25
EXP-31208,EMP-133,CC-300,2025-06-12,2025-06-15,Ground Transport,Yellow Cab Co,Chicago,22.59,22.59,Yes,EMP-103,Approved,2025-06-22
EXP-31209,EMP-119,CC-500,2025-06-12,2025-06-21,Office Misc,FedEx Office,Atlanta,152.09,152.09,Yes,EMP-102,Approved,2025-06-28
EXP-31210,EMP-107,CC-600,2025-06-13,2025-06-23,Airfare,Lufthansa,Atlanta,1014.93,1014.93,Yes,EMP-101,Approved,2025-06-30
EXP-31211,EMP-136,CC-300,2025-06-13,2025-06-16,Airfare,American Airlines,Seattle,382.38,382.38,Yes,EMP-104,Approved,2025-06-23
EXP-31213,EMP-118,CC-500,2025-06-13,2025-06-20,Airfare,Lufthansa,Los Angeles,615.83,615.83,Yes,EMP-101,Approved,2025-06-27
EXP-31212,EMP-110,CC-500,2025-06-13,2025-06-15,Airfare,United Airlines,Atlanta,356.18,356.18,Yes,EMP-101,Approved,2025-06-22
EXP-31216,EMP-102,CC-200,2025-06-14,2025-06-23,Ground Transport,Uber Technologies,Seattle,81.8,81.8,No,EMP-101,Approved,2025-06-30
EXP-31214,EMP-105,CC-200,2025-06-14,2025-06-23,Office Misc,Amazon Prime Business,New York,86.46,86.46,Yes,EMP-102,Approved,2025-06-30
EXP-31824,EMP-129,CC-300,2025-06-14,2025-06-15,Meals & Entertainment,Luxury VIP Lounge Club,Los Angeles,144.07,144.07,No,EMP-103,Approved,2025-06-20
EXP-31215,EMP-118,CC-500,2025-06-14,2025-06-24,Ground Transport,Yellow Cab Co,Seattle,38.3,38.3,Yes,EMP-101,Approved,2025-07-01
EXP-31825,EMP-129,CC-300,2025-06-15,2025-06-16,Meals & Entertainment,Apex Gastronomy Club,Los Angeles,149.48,149.48,No,EMP-103,Approved,2025-06-21
EXP-31219,EMP-118,CC-500,2025-06-15,2025-06-16,Airfare,American Airlines,Chicago,1048.41,1048.41,Yes,EMP-101,Approved,2025-06-23
EXP-31218,EMP-140,CC-200,2025-06-15,2025-06-18,Office Misc,FedEx Office,Los Angeles,137.16,137.16,Yes,EMP-104,Approved,2025-06-25
EXP-31217,EMP-130,CC-100,2025-06-15,2025-06-24,Meals & Entertainment,Morton's The Steakhouse,Atlanta,109.28,109.28,Yes,EMP-102,Approved,2025-07-01
EXP-31221,EMP-128,CC-500,2025-06-16,2025-06-25,Lodging,Hyatt Regency,San Francisco,631.9,631.9,Yes,EMP-104,Approved,2025-07-02
EXP-31223,EMP-119,CC-500,2025-06-17,2025-06-22,Ground Transport,Lyft Inc,Atlanta,27.51,27.51,Yes,EMP-102,Approved,2025-06-29
EXP-31222,EMP-125,CC-500,2025-06-17,2025-06-19,Tech Hardware,Apple Store,Seattle,355.01,355.01,Yes,EMP-101,Approved,2025-06-26
EXP-31224,EMP-134,CC-600,2025-06-18,2025-06-25,Meals & Entertainment,Local Bistro & Cafe,Los Angeles,51.28,51.28,Yes,EMP-103,Approved,2025-07-02
EXP-31227,EMP-101,CC-100,2025-06-19,2025-06-26,Lodging,Hyatt Regency,Chicago,360.95,360.95,Yes,EMP-101,Approved,2025-07-03
EXP-31229,EMP-125,CC-500,2025-06-19,2025-06-24,Lodging,Sheraton Grand,London,730.42,730.42,No,EMP-101,Approved,2025-07-01
EXP-31228,EMP-139,CC-200,2025-06-19,2025-06-21,Office Misc,Amazon Prime Business,London,173.1,173.1,Yes,EMP-101,Approved,2025-06-28
EXP-31226,EMP-106,CC-600,2025-06-19,2025-06-28,Airfare,British Airways,Atlanta,493.96,493.96,Yes,EMP-101,Approved,2025-07-05
EXP-31230,EMP-124,CC-700,2025-06-20,2025-06-23,Ground Transport,Lyft Inc,San Francisco,24.68,24.68,Yes,EMP-104,Approved,2025-06-30
EXP-31826,EMP-129,CC-300,2025-06-21,2025-06-22,Meals & Entertainment,Executive Cigar & Wine Cellar,Los Angeles,149.05,149.05,No,EMP-103,Approved,2025-06-27
EXP-31231,EMP-113,CC-700,2025-06-21,2025-06-28,Meals & Entertainment,Capital Grille,Seattle,186.42,186.42,Yes,EMP-103,Approved,2025-07-05
EXP-31232,EMP-101,CC-100,2025-06-21,2025-06-23,Tech Hardware,CDW Direct,Dallas,780.21,780.21,Yes,EMP-101,Approved,2025-06-30
EXP-31233,EMP-104,CC-400,2025-06-22,2025-06-26,Meals & Entertainment,Capital Grille,Los Angeles,147.06,147.06,Yes,EMP-101,Approved,2025-07-03
EXP-31827,EMP-129,CC-300,2025-06-22,2025-06-23,Meals & Entertainment,Private Dining Room Riviera,Los Angeles,147.34,147.34,No,EMP-103,Approved,2025-06-28
EXP-31236,EMP-108,CC-100,2025-06-23,2025-07-03,Airfare,Lufthansa,New York,1277.35,1277.35,Yes,EMP-102,Approved,2025-07-10
EXP-31235,EMP-140,CC-200,2025-06-23,2025-06-27,Tech Hardware,Best Buy Enterprise,Dallas,847.08,847.08,Yes,EMP-104,Approved,2025-07-04
EXP-31234,EMP-113,CC-700,2025-06-23,2025-06-30,Office Misc,Office Depot,Dallas,111.72,111.72,No,EMP-103,Approved,2025-07-07
EXP-31237,EMP-115,CC-500,2025-06-24,2025-06-26,Office Misc,Office Depot,Dallas,229.93,229.93,Yes,EMP-101,Approved,2025-07-03
EXP-31238,EMP-102,CC-200,2025-06-24,2025-06-28,Tech Hardware,B&H Photo Video,San Francisco,428.5,428.5,Yes,EMP-101,Approved,2025-07-05
EXP-31239,EMP-131,CC-300,2025-06-25,2025-06-28,Tech Hardware,Best Buy Enterprise,Dallas,197.39,197.39,Yes,EMP-103,Approved,2025-07-05
EXP-31240,EMP-108,CC-100,2025-06-25,2025-06-29,Ground Transport,Yellow Cab Co,Chicago,35.56,35.56,Yes,EMP-102,Approved,2025-07-06
EXP-31241,EMP-137,CC-500,2025-06-25,2025-06-26,Office Misc,Office Depot,New York,173.69,173.69,Yes,EMP-104,Approved,2025-07-03
EXP-31242,EMP-110,CC-500,2025-06-26,2025-07-04,Meals & Entertainment,Capital Grille,Atlanta,92.04,92.04,Yes,EMP-101,Approved,2025-07-11
EXP-31243,EMP-140,CC-200,2025-06-26,2025-07-04,Ground Transport,Lyft Inc,Seattle,45.84,45.84,Yes,EMP-104,Approved,2025-07-11
EXP-31244,EMP-123,CC-200,2025-06-27,2025-07-02,Lodging,Sheraton Grand,San Francisco,694.05,694.05,Yes,EMP-101,Approved,2025-07-09
EXP-31245,EMP-135,CC-500,2025-06-27,2025-06-30,Lodging,Hilton Hotels,London,732.06,732.06,Yes,EMP-101,Approved,2025-07-07
EXP-31246,EMP-112,CC-500,2025-06-28,2025-06-30,Lodging,Hyatt Regency,San Francisco,399.05,399.05,Yes,EMP-101,Approved,2025-07-07
EXP-31247,EMP-134,CC-600,2025-06-28,2025-07-02,Office Misc,Staples Direct,Los Angeles,102.85,102.85,Yes,EMP-103,Approved,2025-07-09
EXP-31828,EMP-129,CC-300,2025-06-28,2025-06-29,Meals & Entertainment,Luxury VIP Lounge Club,Los Angeles,147.81,147.81,No,EMP-103,Approved,2025-07-04
EXP-31829,EMP-129,CC-300,2025-06-29,2025-06-30,Meals & Entertainment,Platinum Sky Lounge,Los Angeles,147.39,147.39,No,EMP-103,Approved,2025-07-05
EXP-31248,EMP-136,CC-300,2025-06-29,2025-07-04,Office Misc,Staples Direct,London,64.94,64.94,Yes,EMP-104,Approved,2025-07-11
EXP-31249,EMP-131,CC-300,2025-06-29,2025-07-08,Ground Transport,Avis Rent A Car,Atlanta,72.56,72.56,Yes,EMP-103,Approved,2025-07-15
EXP-31250,EMP-132,CC-400,2025-06-30,2025-07-03,Meals & Entertainment,Morton's The Steakhouse,London,40.41,40.41,Yes,EMP-101,Approved,2025-07-10
EXP-31251,EMP-131,CC-300,2025-06-30,2025-07-04,Meals & Entertainment,Capital Grille,New York,158.38,158.38,Yes,EMP-103,Approved,2025-07-11
EXP-31252,EMP-124,CC-700,2025-07-01,2025-07-04,Tech Hardware,Best Buy Enterprise,New York,539.99,539.99,Yes,EMP-104,Approved,2025-07-11
EXP-31253,EMP-107,CC-600,2025-07-01,2025-07-03,Office Misc,Office Depot,London,215.11,215.11,Yes,EMP-101,Approved,2025-07-10
EXP-31257,EMP-107,CC-600,2025-07-02,2025-07-06,Airfare,American Airlines,San Francisco,588.44,588.44,Yes,EMP-101,Approved,2025-07-13
EXP-31256,EMP-120,CC-600,2025-07-02,2025-07-12,Meals & Entertainment,Capital Grille,San Francisco,38.48,38.48,Yes,EMP-101,Approved,2025-07-19
EXP-31254,EMP-115,CC-500,2025-07-02,2025-07-04,Airfare,Delta Air Lines,Los Angeles,1195.53,1195.53,Yes,EMP-101,Approved,2025-07-11
EXP-31255,EMP-119,CC-500,2025-07-02,2025-07-08,Meals & Entertainment,Capital Grille,Atlanta,206.62,206.62,Yes,EMP-102,Approved,2025-07-15
EXP-31259,EMP-111,CC-700,2025-07-03,2025-07-04,Tech Hardware,B&H Photo Video,London,179.91,179.91,Yes,EMP-102,Approved,2025-07-11
EXP-31260,EMP-114,CC-400,2025-07-03,2025-07-13,Office Misc,FedEx Office,San Francisco,94.79,94.79,Yes,EMP-102,Approved,2025-07-20
EXP-31261,EMP-135,CC-500,2025-07-04,2025-07-13,Office Misc,FedEx Office,Atlanta,167.92,167.92,Yes,EMP-101,Approved,2025-07-20
EXP-31262,EMP-106,CC-600,2025-07-04,2025-07-07,Ground Transport,Yellow Cab Co,Atlanta,22.13,22.13,Yes,EMP-101,Approved,2025-07-14
EXP-31830,EMP-129,CC-300,2025-07-05,2025-07-06,Meals & Entertainment,Private Dining Room Riviera,Los Angeles,145.1,145.1,No,EMP-103,Approved,2025-07-11
EXP-31263,EMP-110,CC-500,2025-07-05,2025-07-12,Ground Transport,Yellow Cab Co,Dallas,34.74,34.74,Yes,EMP-101,Approved,2025-07-19
EXP-31264,EMP-115,CC-500,2025-07-05,2025-07-15,Tech Hardware,Best Buy Enterprise,London,1098.17,1098.17,Yes,EMP-101,Approved,2025-07-22
EXP-31831,EMP-129,CC-300,2025-07-06,2025-07-07,Meals & Entertainment,Apex Gastronomy Club,Los Angeles,149.62,149.62,No,EMP-103,Approved,2025-07-12
EXP-31265,EMP-114,CC-400,2025-07-06,2025-07-10,Lodging,Marriott International,Chicago,292.14,292.14,Yes,EMP-102,Approved,2025-07-17
EXP-31268,EMP-114,CC-400,2025-07-06,2025-07-15,Office Misc,Office Depot,Dallas,191.0,191.0,Yes,EMP-102,Approved,2025-07-22
EXP-31266,EMP-121,CC-200,2025-07-06,2025-07-14,Meals & Entertainment,Local Bistro & Cafe,Los Angeles,206.23,206.23,No,EMP-101,Approved,2025-07-21
EXP-31270,EMP-130,CC-100,2025-07-07,2025-07-13,Airfare,United Airlines,Atlanta,754.25,754.25,Yes,EMP-102,Approved,2025-07-20
EXP-31269,EMP-130,CC-100,2025-07-07,2025-07-15,Meals & Entertainment,Ocean Prime,London,166.0,166.0,Yes,EMP-102,Approved,2025-07-22
EXP-31273,EMP-135,CC-500,2025-07-09,2025-07-18,Lodging,Marriott International,San Francisco,755.34,755.34,Yes,EMP-101,Approved,2025-07-25
EXP-31272,EMP-109,CC-600,2025-07-09,2025-07-12,Lodging,Westin Suites,Chicago,260.5,260.5,Yes,EMP-102,Approved,2025-07-19
EXP-31276,EMP-124,CC-700,2025-07-10,2025-07-11,Office Misc,Amazon Prime Business,Chicago,175.7,175.7,Yes,EMP-104,Approved,2025-07-18
EXP-31275,EMP-114,CC-400,2025-07-10,2025-07-15,Tech Hardware,Best Buy Enterprise,San Francisco,1043.01,1043.01,Yes,EMP-102,Approved,2025-07-22
EXP-31274,EMP-111,CC-700,2025-07-10,2025-07-13,Ground Transport,Yellow Cab Co,Dallas,76.72,76.72,Yes,EMP-102,Approved,2025-07-20
EXP-31277,EMP-126,CC-500,2025-07-10,2025-07-19,Office Misc,Amazon Prime Business,Los Angeles,225.24,225.24,Yes,EMP-103,Approved,2025-07-26
EXP-31278,EMP-112,CC-500,2025-07-11,2025-07-17,Lodging,Hyatt Regency,Dallas,317.74,317.74,Yes,EMP-101,Approved,2025-07-24
EXP-31279,EMP-118,CC-500,2025-07-11,2025-07-16,Tech Hardware,Apple Store,New York,1164.92,1164.92,Yes,EMP-101,Approved,2025-07-23
EXP-31832,EMP-129,CC-300,2025-07-12,2025-07-13,Meals & Entertainment,Executive Cigar & Wine Cellar,Los Angeles,145.72,145.72,No,EMP-103,Approved,2025-07-18
EXP-31280,EMP-123,CC-200,2025-07-12,2025-07-13,Airfare,United Airlines,Dallas,540.38,540.38,Yes,EMP-101,Approved,2025-07-20
EXP-31281,EMP-116,CC-200,2025-07-12,2025-07-13,Ground Transport,Yellow Cab Co,New York,54.49,54.49,Yes,EMP-104,Approved,2025-07-20
EXP-31282,EMP-115,CC-500,2025-07-12,2025-07-19,Ground Transport,Hertz Car Rental,New York,24.4,24.4,Yes,EMP-101,Approved,2025-07-26
EXP-31284,EMP-137,CC-500,2025-07-13,2025-07-20,Lodging,Marriott International,San Francisco,691.25,691.25,Yes,EMP-104,Approved,2025-07-27
EXP-31283,EMP-124,CC-700,2025-07-13,2025-07-23,Office Misc,FedEx Office,Dallas,66.72,66.72,Yes,EMP-104,Approved,2025-07-30
EXP-31833,EMP-129,CC-300,2025-07-13,2025-07-14,Meals & Entertainment,Executive Cigar & Wine Cellar,Los Angeles,147.4,147.4,No,EMP-103,Approved,2025-07-19
EXP-31285,EMP-122,CC-400,2025-07-14,2025-07-22,Tech Hardware,B&H Photo Video,Chicago,663.3,663.3,Yes,EMP-102,Approved,2025-07-29
EXP-31286,EMP-132,CC-400,2025-07-14,2025-07-20,Ground Transport,Avis Rent A Car,Seattle,61.73,61.73,Yes,EMP-101,Approved,2025-07-27
EXP-31287,EMP-128,CC-500,2025-07-14,2025-07-19,Airfare,United Airlines,Dallas,443.76,443.76,Yes,EMP-104,Approved,2025-07-26
EXP-31288,EMP-123,CC-200,2025-07-15,2025-07-24,Lodging,Westin Suites,Los Angeles,823.16,823.16,Yes,EMP-101,Approved,2025-07-31
EXP-31289,EMP-132,CC-400,2025-07-16,2025-07-17,Lodging,Hilton Hotels,San Francisco,587.23,587.23,Yes,EMP-101,Approved,2025-07-24
EXP-31290,EMP-126,CC-500,2025-07-17,2025-07-19,Airfare,American Airlines,Los Angeles,384.82,384.82,Yes,EMP-103,Approved,2025-07-26
EXP-31291,EMP-140,CC-200,2025-07-17,2025-07-18,Airfare,American Airlines,Dallas,901.97,901.97,Yes,EMP-104,Approved,2025-07-25
EXP-31292,EMP-113,CC-700,2025-07-18,2025-07-20,Ground Transport,Hertz Car Rental,London,65.62,65.62,Yes,EMP-103,Approved,2025-07-27
EXP-31293,EMP-101,CC-100,2025-07-19,2025-07-26,Airfare,Delta Air Lines,Atlanta,452.11,452.11,Yes,EMP-101,Approved,2025-08-02
EXP-31294,EMP-117,CC-100,2025-07-19,2025-07-29,Ground Transport,Yellow Cab Co,Los Angeles,42.01,42.01,Yes,EMP-101,Approved,2025-08-05
EXP-31834,EMP-129,CC-300,2025-07-19,2025-07-20,Meals & Entertainment,Apex Gastronomy Club,Los Angeles,148.52,148.52,No,EMP-103,Approved,2025-07-25
EXP-31295,EMP-131,CC-300,2025-07-20,2025-07-30,Lodging,Westin Suites,Los Angeles,435.55,435.55,Yes,EMP-103,Approved,2025-08-06
EXP-31835,EMP-129,CC-300,2025-07-20,2025-07-21,Meals & Entertainment,Apex Gastronomy Club,Los Angeles,147.8,147.8,No,EMP-103,Approved,2025-07-26
EXP-31297,EMP-108,CC-100,2025-07-21,2025-07-28,Airfare,United Airlines,San Francisco,830.97,830.97,Yes,EMP-102,Approved,2025-08-04
EXP-31296,EMP-115,CC-500,2025-07-21,2025-07-31,Ground Transport,Avis Rent A Car,Chicago,93.29,93.29,Yes,EMP-101,Approved,2025-08-07
EXP-31298,EMP-104,CC-400,2025-07-22,2025-07-30,Meals & Entertainment,Local Bistro & Cafe,Atlanta,135.68,135.68,Yes,EMP-101,Approved,2025-08-06
EXP-31299,EMP-118,CC-500,2025-07-22,2025-07-28,Meals & Entertainment,Local Bistro & Cafe,London,45.19,45.19,Yes,EMP-101,Approved,2025-08-04
EXP-31302,EMP-140,CC-200,2025-07-23,2025-07-26,Airfare,British Airways,London,565.88,565.88,Yes,EMP-104,Approved,2025-08-02
EXP-31303,EMP-127,CC-100,2025-07-23,2025-07-30,Airfare,Lufthansa,Atlanta,883.38,883.38,Yes,EMP-103,Approved,2025-08-06
EXP-31301,EMP-111,CC-700,2025-07-23,2025-07-29,Ground Transport,Avis Rent A Car,Los Angeles,27.13,27.13,Yes,EMP-102,Approved,2025-08-05
EXP-31304,EMP-136,CC-300,2025-07-24,2025-08-02,Ground Transport,Uber Technologies,Los Angeles,89.45,89.45,Yes,EMP-104,Approved,2025-08-09
EXP-31305,EMP-139,CC-200,2025-07-24,2025-08-01,Ground Transport,Lyft Inc,Seattle,56.57,56.57,Yes,EMP-101,Approved,2025-08-08
EXP-31306,EMP-138,CC-400,2025-07-24,2025-07-31,Meals & Entertainment,Capital Grille,San Francisco,218.61,218.61,Yes,EMP-102,Approved,2025-08-07
EXP-31307,EMP-104,CC-400,2025-07-25,2025-08-01,Lodging,Sheraton Grand,San Francisco,280.76,280.76,Yes,EMP-101,Approved,2025-08-08
EXP-31308,EMP-128,CC-500,2025-07-25,2025-07-30,Meals & Entertainment,Local Bistro & Cafe,Atlanta,182.65,182.65,Yes,EMP-104,Approved,2025-08-06
EXP-31309,EMP-134,CC-600,2025-07-25,2025-08-04,Ground Transport,Avis Rent A Car,Atlanta,65.66,65.66,Yes,EMP-103,Approved,2025-08-11
EXP-31836,EMP-129,CC-300,2025-07-26,2025-07-27,Meals & Entertainment,Apex Gastronomy Club,Los Angeles,145.15,145.15,No,EMP-103,Approved,2025-08-01
EXP-31313,EMP-134,CC-600,2025-07-26,2025-08-05,Tech Hardware,B&H Photo Video,Seattle,1072.42,1072.42,Yes,EMP-103,Approved,2025-08-12
EXP-31312,EMP-132,CC-400,2025-07-26,2025-07-31,Lodging,Westin Suites,Los Angeles,554.64,554.64,Yes,EMP-101,Approved,2025-08-07
EXP-31311,EMP-121,CC-200,2025-07-26,2025-08-01,Office Misc,Office Depot,Chicago,85.7,85.7,Yes,EMP-101,Approved,2025-08-08
EXP-31310,EMP-106,CC-600,2025-07-26,2025-08-03,Meals & Entertainment,Morton's The Steakhouse,San Francisco,78.64,78.64,Yes,EMP-101,Approved,2025-08-10
EXP-31316,EMP-135,CC-500,2025-07-27,2025-08-06,Meals & Entertainment,Ocean Prime,San Francisco,61.37,61.37,Yes,EMP-101,Approved,2025-08-13
EXP-31314,EMP-116,CC-200,2025-07-27,2025-07-28,Ground Transport,Hertz Car Rental,Dallas,60.66,60.66,Yes,EMP-104,Approved,2025-08-04
EXP-31315,EMP-131,CC-300,2025-07-27,2025-07-31,Tech Hardware,Apple Store,Seattle,391.05,391.05,Yes,EMP-103,Approved,2025-08-07
EXP-31837,EMP-129,CC-300,2025-07-27,2025-07-28,Meals & Entertainment,Platinum Sky Lounge,Los Angeles,145.76,145.76,No,EMP-103,Approved,2025-08-02
EXP-31317,EMP-125,CC-500,2025-07-28,2025-08-02,Meals & Entertainment,Starbucks Coffee,Los Angeles,160.84,160.84,Yes,EMP-101,Approved,2025-08-09
EXP-31318,EMP-102,CC-200,2025-07-28,2025-08-02,Ground Transport,Lyft Inc,London,34.1,34.1,Yes,EMP-101,Approved,2025-08-09
EXP-31319,EMP-125,CC-500,2025-07-29,2025-08-04,Lodging,Hilton Hotels,Dallas,741.75,741.75,Yes,EMP-101,Approved,2025-08-11
EXP-31322,EMP-128,CC-500,2025-07-30,2025-07-31,Meals & Entertainment,Starbucks Coffee,Atlanta,193.43,193.43,Yes,EMP-104,Approved,2025-08-07
EXP-31320,EMP-110,CC-500,2025-07-30,2025-08-07,Ground Transport,Hertz Car Rental,San Francisco,84.94,84.94,Yes,EMP-101,Approved,2025-08-14
EXP-31321,EMP-128,CC-500,2025-07-30,2025-08-07,Lodging,Hilton Hotels,Dallas,799.43,799.43,Yes,EMP-104,Approved,2025-08-14
EXP-31323,EMP-109,CC-600,2025-07-31,2025-08-06,Ground Transport,Lyft Inc,London,38.36,38.36,Yes,EMP-102,Approved,2025-08-13
EXP-31324,EMP-104,CC-400,2025-07-31,2025-08-02,Office Misc,FedEx Office,New York,41.74,41.74,No,EMP-101,Approved,2025-08-09
EXP-31325,EMP-132,CC-400,2025-07-31,2025-08-02,Ground Transport,Uber Technologies,London,79.92,79.92,Yes,EMP-101,Approved,2025-08-09
EXP-31327,EMP-131,CC-300,2025-08-01,2025-08-02,Lodging,Westin Suites,San Francisco,847.22,847.22,Yes,EMP-103,Approved,2025-08-09
EXP-31326,EMP-108,CC-100,2025-08-01,2025-08-09,Ground Transport,Hertz Car Rental,Dallas,63.58,63.58,Yes,EMP-102,Approved,2025-08-16
EXP-31838,EMP-129,CC-300,2025-08-02,2025-08-03,Meals & Entertainment,Apex Gastronomy Club,Los Angeles,143.01,143.01,No,EMP-103,Approved,2025-08-08
EXP-31328,EMP-114,CC-400,2025-08-02,2025-08-10,Meals & Entertainment,Ocean Prime,Seattle,77.57,77.57,Yes,EMP-102,Approved,2025-08-17
EXP-31329,EMP-114,CC-400,2025-08-02,2025-08-05,Meals & Entertainment,Ruth's Chris Steak House,Seattle,155.39,155.39,Yes,EMP-102,Approved,2025-08-12
EXP-31330,EMP-130,CC-100,2025-08-03,2025-08-11,Airfare,British Airways,London,700.83,700.83,Yes,EMP-102,Approved,2025-08-18
EXP-31839,EMP-129,CC-300,2025-08-03,2025-08-04,Meals & Entertainment,Platinum Sky Lounge,Los Angeles,149.38,149.38,No,EMP-103,Approved,2025-08-09
EXP-31331,EMP-135,CC-500,2025-08-04,2025-08-08,Office Misc,Office Depot,Chicago,161.94,161.94,Yes,EMP-101,Approved,2025-08-15
EXP-31332,EMP-107,CC-600,2025-08-05,2025-08-13,Lodging,Westin Suites,New York,265.34,265.34,Yes,EMP-101,Approved,2025-08-20
EXP-31333,EMP-124,CC-700,2025-08-05,2025-08-09,Tech Hardware,CDW Direct,New York,884.88,884.88,Yes,EMP-104,Approved,2025-08-16
EXP-31335,EMP-101,CC-100,2025-08-06,2025-08-13,Ground Transport,Yellow Cab Co,New York,76.4,76.4,Yes,EMP-101,Approved,2025-08-20
EXP-31334,EMP-127,CC-100,2025-08-06,2025-08-15,Tech Hardware,B&H Photo Video,Los Angeles,501.19,501.19,Yes,EMP-103,Approved,2025-08-22
EXP-31336,EMP-102,CC-200,2025-08-07,2025-08-15,Ground Transport,Hertz Car Rental,Los Angeles,56.19,56.19,Yes,EMP-101,Approved,2025-08-22
EXP-31337,EMP-135,CC-500,2025-08-07,2025-08-12,Office Misc,FedEx Office,London,146.8,146.8,Yes,EMP-101,Approved,2025-08-19
EXP-31338,EMP-101,CC-100,2025-08-08,2025-08-15,Lodging,Hyatt Regency,Seattle,489.83,489.83,Yes,EMP-101,Approved,2025-08-22
EXP-31840,EMP-129,CC-300,2025-08-09,2025-08-10,Meals & Entertainment,Private Dining Room Riviera,Los Angeles,149.54,149.54,No,EMP-103,Approved,2025-08-15
EXP-31339,EMP-119,CC-500,2025-08-09,2025-08-19,Office Misc,Office Depot,Dallas,223.08,223.08,Yes,EMP-102,Approved,2025-08-26
EXP-31340,EMP-112,CC-500,2025-08-09,2025-08-17,Tech Hardware,Apple Store,Los Angeles,348.6,348.6,Yes,EMP-101,Approved,2025-08-24
EXP-31841,EMP-129,CC-300,2025-08-10,2025-08-11,Meals & Entertainment,Luxury VIP Lounge Club,Los Angeles,149.23,149.23,No,EMP-103,Approved,2025-08-16
EXP-31343,EMP-136,CC-300,2025-08-10,2025-08-13,Tech Hardware,CDW Direct,San Francisco,175.15,175.15,Yes,EMP-104,Approved,2025-08-20
EXP-31341,EMP-116,CC-200,2025-08-10,2025-08-12,Office Misc,Amazon Prime Business,Dallas,84.05,84.05,Yes,EMP-104,Approved,2025-08-19
EXP-31342,EMP-134,CC-600,2025-08-10,2025-08-15,Meals & Entertainment,Starbucks Coffee,Dallas,209.89,209.89,Yes,EMP-103,Approved,2025-08-22
EXP-31344,EMP-124,CC-700,2025-08-11,2025-08-21,Ground Transport,Uber Technologies,Seattle,29.9,29.9,Yes,EMP-104,Approved,2025-08-28
EXP-31345,EMP-124,CC-700,2025-08-12,2025-08-22,Lodging,Hilton Hotels,Los Angeles,782.29,782.29,Yes,EMP-104,Approved,2025-08-29
EXP-31346,EMP-126,CC-500,2025-08-13,2025-08-23,Ground Transport,Lyft Inc,San Francisco,19.64,19.64,Yes,EMP-103,Approved,2025-08-30
EXP-31347,EMP-111,CC-700,2025-08-13,2025-08-14,Lodging,Hyatt Regency,Atlanta,416.26,416.26,Yes,EMP-102,Approved,2025-08-21
EXP-31348,EMP-102,CC-200,2025-08-13,2025-08-18,Ground Transport,Yellow Cab Co,New York,79.85,79.85,Yes,EMP-101,Approved,2025-08-25
EXP-31351,EMP-119,CC-500,2025-08-14,2025-08-23,Lodging,Hilton Hotels,New York,625.08,625.08,Yes,EMP-102,Approved,2025-08-30
EXP-31350,EMP-139,CC-200,2025-08-14,2025-08-20,Meals & Entertainment,Capital Grille,New York,133.89,133.89,No,EMP-101,Approved,2025-08-27
EXP-31349,EMP-112,CC-500,2025-08-14,2025-08-15,Office Misc,Amazon Prime Business,San Francisco,233.37,233.37,Yes,EMP-101,Approved,2025-08-22
EXP-31352,EMP-125,CC-500,2025-08-15,2025-08-17,Tech Hardware,Best Buy Enterprise,Los Angeles,466.0,466.0,Yes,EMP-101,Approved,2025-08-24
EXP-31353,EMP-116,CC-200,2025-08-16,2025-08-24,Airfare,American Airlines,Dallas,907.22,907.22,Yes,EMP-104,Approved,2025-08-31
EXP-31842,EMP-129,CC-300,2025-08-16,2025-08-17,Meals & Entertainment,Apex Gastronomy Club,Los Angeles,146.97,146.97,No,EMP-103,Approved,2025-08-22
EXP-31355,EMP-132,CC-400,2025-08-17,2025-08-26,Tech Hardware,B&H Photo Video,San Francisco,766.26,766.26,Yes,EMP-101,Approved,2025-09-02
EXP-31843,EMP-129,CC-300,2025-08-17,2025-08-18,Meals & Entertainment,Private Dining Room Riviera,Los Angeles,149.9,149.9,No,EMP-103,Approved,2025-08-23
EXP-31356,EMP-122,CC-400,2025-08-18,2025-08-20,Office Misc,FedEx Office,San Francisco,145.78,145.78,Yes,EMP-102,Approved,2025-08-27
EXP-31357,EMP-111,CC-700,2025-08-19,2025-08-22,Ground Transport,Lyft Inc,San Francisco,76.88,76.88,Yes,EMP-102,Approved,2025-08-29
EXP-31358,EMP-109,CC-600,2025-08-20,2025-08-23,Tech Hardware,CDW Direct,New York,679.67,679.67,Yes,EMP-102,Approved,2025-08-30
EXP-31359,EMP-124,CC-700,2025-08-20,2025-08-29,Office Misc,Amazon Prime Business,Atlanta,200.28,200.28,Yes,EMP-104,Approved,2025-09-05
EXP-31360,EMP-122,CC-400,2025-08-21,2025-08-30,Tech Hardware,Apple Store,San Francisco,206.32,206.32,Yes,EMP-102,Approved,2025-09-06
EXP-31361,EMP-140,CC-200,2025-08-22,2025-08-30,Meals & Entertainment,Morton's The Steakhouse,Dallas,169.64,169.64,Yes,EMP-104,Approved,2025-09-06
EXP-31362,EMP-122,CC-400,2025-08-22,2025-08-24,Airfare,American Airlines,Dallas,964.46,964.46,Yes,EMP-102,Approved,2025-08-31
EXP-31364,EMP-122,CC-400,2025-08-23,2025-08-29,Airfare,British Airways,Atlanta,975.44,975.44,Yes,EMP-102,Approved,2025-09-05
EXP-31844,EMP-129,CC-300,2025-08-23,2025-08-24,Meals & Entertainment,Private Dining Room Riviera,Los Angeles,143.46,143.46,No,EMP-103,Approved,2025-08-29
EXP-31363,EMP-102,CC-200,2025-08-23,2025-08-28,Tech Hardware,Best Buy Enterprise,Dallas,452.51,452.51,No,EMP-101,Approved,2025-09-04
EXP-31365,EMP-123,CC-200,2025-08-23,2025-09-01,Tech Hardware,Best Buy Enterprise,Seattle,1053.99,1053.99,Yes,EMP-101,Approved,2025-09-08
EXP-31845,EMP-129,CC-300,2025-08-24,2025-08-25,Meals & Entertainment,Platinum Sky Lounge,Los Angeles,149.46,149.46,No,EMP-103,Approved,2025-08-30
EXP-31366,EMP-133,CC-300,2025-08-24,2025-08-30,Office Misc,Staples Direct,Chicago,128.26,128.26,Yes,EMP-103,Approved,2025-09-06
EXP-31368,EMP-132,CC-400,2025-08-24,2025-08-27,Ground Transport,Hertz Car Rental,Seattle,62.23,62.23,Yes,EMP-101,Approved,2025-09-03
EXP-31371,EMP-119,CC-500,2025-08-25,2025-08-30,Meals & Entertainment,Morton's The Steakhouse,Dallas,131.75,131.75,Yes,EMP-102,Approved,2025-09-06
EXP-31370,EMP-116,CC-200,2025-08-25,2025-08-26,Ground Transport,Yellow Cab Co,London,65.41,65.41,Yes,EMP-104,Approved,2025-09-02
EXP-31369,EMP-108,CC-100,2025-08-25,2025-08-30,Lodging,Hilton Hotels,London,279.42,279.42,Yes,EMP-102,Approved,2025-09-06
EXP-31374,EMP-115,CC-500,2025-08-26,2025-09-02,Meals & Entertainment,Ruth's Chris Steak House,Chicago,176.42,176.42,Yes,EMP-101,Approved,2025-09-09
EXP-31373,EMP-137,CC-500,2025-08-26,2025-09-01,Meals & Entertainment,Ocean Prime,London,47.9,47.9,Yes,EMP-104,Approved,2025-09-08
EXP-31372,EMP-130,CC-100,2025-08-26,2025-08-29,Meals & Entertainment,Starbucks Coffee,New York,110.09,110.09,Yes,EMP-102,Approved,2025-09-05
EXP-31375,EMP-102,CC-200,2025-08-27,2025-08-30,Ground Transport,Hertz Car Rental,New York,78.23,78.23,Yes,EMP-101,Approved,2025-09-06
EXP-31376,EMP-131,CC-300,2025-08-27,2025-09-01,Ground Transport,Hertz Car Rental,San Francisco,80.01,80.01,Yes,EMP-103,Approved,2025-09-08
EXP-31377,EMP-108,CC-100,2025-08-27,2025-08-28,Office Misc,Staples Direct,Dallas,52.71,52.71,Yes,EMP-102,Approved,2025-09-04
EXP-31378,EMP-124,CC-700,2025-08-28,2025-09-03,Meals & Entertainment,Local Bistro & Cafe,San Francisco,179.11,179.11,Yes,EMP-104,Approved,2025-09-10
EXP-31379,EMP-122,CC-400,2025-08-28,2025-09-04,Meals & Entertainment,Ocean Prime,Chicago,211.85,211.85,Yes,EMP-102,Approved,2025-09-11
EXP-31383,EMP-122,CC-400,2025-08-29,2025-08-31,Office Misc,Amazon Prime Business,Seattle,198.51,198.51,Yes,EMP-102,Approved,2025-09-07
EXP-31382,EMP-133,CC-300,2025-08-29,2025-09-06,Ground Transport,Uber Technologies,Dallas,33.47,33.47,Yes,EMP-103,Approved,2025-09-13
EXP-31380,EMP-114,CC-400,2025-08-29,2025-09-05,Lodging,Hyatt Regency,London,648.57,648.57,Yes,EMP-102,Approved,2025-09-12
EXP-31381,EMP-104,CC-400,2025-08-29,2025-09-08,Tech Hardware,CDW Direct,Los Angeles,466.6,466.6,Yes,EMP-101,Approved,2025-09-15
EXP-31385,EMP-140,CC-200,2025-08-30,2025-09-06,Office Misc,Staples Direct,New York,177.01,177.01,No,EMP-104,Approved,2025-09-13
EXP-31384,EMP-138,CC-400,2025-08-30,2025-08-31,Lodging,Hilton Hotels,Atlanta,552.51,552.51,Yes,EMP-102,Approved,2025-09-07
EXP-31846,EMP-129,CC-300,2025-08-30,2025-08-31,Meals & Entertainment,Private Dining Room Riviera,Los Angeles,147.22,147.22,No,EMP-103,Approved,2025-09-05
EXP-31387,EMP-136,CC-300,2025-08-31,2025-09-06,Lodging,Westin Suites,New York,242.2,242.2,Yes,EMP-104,Approved,2025-09-13
EXP-31847,EMP-129,CC-300,2025-08-31,2025-09-01,Meals & Entertainment,Executive Cigar & Wine Cellar,Los Angeles,147.74,147.74,No,EMP-103,Approved,2025-09-06
EXP-31386,EMP-134,CC-600,2025-08-31,2025-09-01,Tech Hardware,CDW Direct,Los Angeles,1178.49,1178.49,Yes,EMP-103,Approved,2025-09-08
EXP-31388,EMP-111,CC-700,2025-09-01,2025-09-05,Ground Transport,Hertz Car Rental,Los Angeles,20.54,20.54,Yes,EMP-102,Approved,2025-09-12
EXP-31390,EMP-101,CC-100,2025-09-02,2025-09-04,Office Misc,Staples Direct,London,144.13,144.13,Yes,EMP-101,Approved,2025-09-11
EXP-31389,EMP-114,CC-400,2025-09-02,2025-09-03,Tech Hardware,B&H Photo Video,San Francisco,674.76,674.76,Yes,EMP-102,Approved,2025-09-10
EXP-31391,EMP-140,CC-200,2025-09-02,2025-09-10,Lodging,Westin Suites,Dallas,369.83,369.83,Yes,EMP-104,Approved,2025-09-17
EXP-31392,EMP-127,CC-100,2025-09-03,2025-09-08,Ground Transport,Avis Rent A Car,Atlanta,37.13,37.13,Yes,EMP-103,Approved,2025-09-15
EXP-31393,EMP-109,CC-600,2025-09-03,2025-09-05,Office Misc,Office Depot,San Francisco,95.78,95.78,Yes,EMP-102,Approved,2025-09-12
EXP-31394,EMP-112,CC-500,2025-09-03,2025-09-08,Office Misc,Amazon Prime Business,Atlanta,94.26,94.26,Yes,EMP-101,Approved,2025-09-15
EXP-31395,EMP-120,CC-600,2025-09-04,2025-09-13,Meals & Entertainment,Ruth's Chris Steak House,Dallas,115.3,115.3,Yes,EMP-101,Approved,2025-09-20
EXP-31396,EMP-111,CC-700,2025-09-04,2025-09-12,Ground Transport,Yellow Cab Co,Atlanta,49.3,49.3,Yes,EMP-102,Approved,2025-09-19
EXP-31397,EMP-121,CC-200,2025-09-04,2025-09-09,Tech Hardware,Apple Store,London,615.81,615.81,Yes,EMP-101,Approved,2025-09-16
EXP-31398,EMP-120,CC-600,2025-09-05,2025-09-10,Ground Transport,Yellow Cab Co,London,69.11,69.11,Yes,EMP-101,Approved,2025-09-17
EXP-31399,EMP-117,CC-100,2025-09-05,2025-09-15,Ground Transport,Yellow Cab Co,San Francisco,93.67,93.67,Yes,EMP-101,Approved,2025-09-22
EXP-31848,EMP-129,CC-300,2025-09-06,2025-09-07,Meals & Entertainment,Private Dining Room Riviera,Los Angeles,146.91,146.91,No,EMP-103,Approved,2025-09-12
EXP-31400,EMP-106,CC-600,2025-09-06,2025-09-09,Meals & Entertainment,Morton's The Steakhouse,Atlanta,103.66,103.66,Yes,EMP-101,Approved,2025-09-16
EXP-31401,EMP-118,CC-500,2025-09-06,2025-09-16,Airfare,United Airlines,Atlanta,1181.85,1181.85,Yes,EMP-101,Approved,2025-09-23
EXP-31402,EMP-137,CC-500,2025-09-07,2025-09-16,Ground Transport,Hertz Car Rental,Atlanta,48.07,48.07,Yes,EMP-104,Approved,2025-09-23
EXP-31849,EMP-129,CC-300,2025-09-07,2025-09-08,Meals & Entertainment,Apex Gastronomy Club,Los Angeles,148.47,148.47,No,EMP-103,Approved,2025-09-13
EXP-31403,EMP-108,CC-100,2025-09-07,2025-09-10,Office Misc,Staples Direct,Chicago,156.84,156.84,Yes,EMP-102,Approved,2025-09-17
EXP-31404,EMP-109,CC-600,2025-09-07,2025-09-08,Meals & Entertainment,Ocean Prime,London,51.79,51.79,Yes,EMP-102,Approved,2025-09-15
EXP-31405,EMP-132,CC-400,2025-09-08,2025-09-10,Office Misc,FedEx Office,Los Angeles,245.87,245.87,Yes,EMP-101,Approved,2025-09-17
EXP-31406,EMP-127,CC-100,2025-09-08,2025-09-12,Ground Transport,Hertz Car Rental,Seattle,56.17,56.17,Yes,EMP-103,Approved,2025-09-19
EXP-31407,EMP-122,CC-400,2025-09-09,2025-09-15,Meals & Entertainment,Local Bistro & Cafe,Atlanta,158.86,158.86,Yes,EMP-102,Approved,2025-09-22
EXP-31409,EMP-124,CC-700,2025-09-10,2025-09-11,Ground Transport,Yellow Cab Co,Atlanta,61.24,61.24,Yes,EMP-104,Approved,2025-09-18
EXP-31410,EMP-123,CC-200,2025-09-10,2025-09-18,Meals & Entertainment,Ruth's Chris Steak House,Chicago,203.73,203.73,Yes,EMP-101,Approved,2025-09-25
EXP-31411,EMP-117,CC-100,2025-09-10,2025-09-17,Office Misc,FedEx Office,Dallas,77.26,77.26,Yes,EMP-101,Approved,2025-09-24
EXP-31412,EMP-103,CC-300,2025-09-11,2025-09-18,Meals & Entertainment,Ocean Prime,New York,74.8,74.8,Yes,EMP-101,Approved,2025-09-25
EXP-31413,EMP-117,CC-100,2025-09-12,2025-09-14,Lodging,Marriott International,Los Angeles,375.53,375.53,Yes,EMP-101,Approved,2025-09-21
EXP-31414,EMP-133,CC-300,2025-09-12,2025-09-14,Ground Transport,Avis Rent A Car,Dallas,53.11,53.11,Yes,EMP-103,Approved,2025-09-21
EXP-31415,EMP-109,CC-600,2025-09-12,2025-09-22,Airfare,United Airlines,Seattle,436.96,436.96,Yes,EMP-102,Approved,2025-09-29
EXP-31418,EMP-112,CC-500,2025-09-13,2025-09-20,Lodging,Westin Suites,London,782.36,782.36,Yes,EMP-101,Approved,2025-09-27
EXP-31417,EMP-121,CC-200,2025-09-13,2025-09-18,Tech Hardware,CDW Direct,Los Angeles,720.59,720.59,Yes,EMP-101,Approved,2025-09-25
EXP-31850,EMP-129,CC-300,2025-09-13,2025-09-14,Meals & Entertainment,Private Dining Room Riviera,Los Angeles,144.62,144.62,No,EMP-103,Approved,2025-09-19
EXP-31416,EMP-123,CC-200,2025-09-13,2025-09-15,Office Misc,Office Depot,Seattle,119.95,119.95,Yes,EMP-101,Approved,2025-09-22
EXP-31419,EMP-114,CC-400,2025-09-13,2025-09-16,Lodging,Sheraton Grand,Los Angeles,702.21,702.21,Yes,EMP-102,Approved,2025-09-23
EXP-31851,EMP-129,CC-300,2025-09-14,2025-09-15,Meals & Entertainment,Platinum Sky Lounge,Los Angeles,146.41,146.41,No,EMP-103,Approved,2025-09-20
EXP-31420,EMP-101,CC-100,2025-09-14,2025-09-22,Ground Transport,Uber Technologies,New York,74.72,74.72,No,EMP-101,Approved,2025-09-29
EXP-31421,EMP-124,CC-700,2025-09-14,2025-09-20,Lodging,Hilton Hotels,New York,534.26,534.26,Yes,EMP-104,Approved,2025-09-27
EXP-31424,EMP-108,CC-100,2025-09-15,2025-09-24,Meals & Entertainment,Capital Grille,Seattle,201.2,201.2,Yes,EMP-102,Approved,2025-10-01
EXP-31423,EMP-109,CC-600,2025-09-15,2025-09-25,Ground Transport,Uber Technologies,Chicago,45.05,45.05,Yes,EMP-102,Approved,2025-10-02
EXP-31422,EMP-119,CC-500,2025-09-15,2025-09-16,Tech Hardware,B&H Photo Video,Seattle,799.04,799.04,Yes,EMP-102,Approved,2025-09-23
EXP-31425,EMP-101,CC-100,2025-09-16,2025-09-22,Office Misc,Amazon Prime Business,London,190.95,190.95,Yes,EMP-101,Approved,2025-09-29
EXP-31426,EMP-105,CC-200,2025-09-17,2025-09-20,Airfare,Lufthansa,Chicago,1291.98,1291.98,Yes,EMP-102,Approved,2025-09-27
EXP-31427,EMP-130,CC-100,2025-09-18,2025-09-20,Meals & Entertainment,Morton's The Steakhouse,San Francisco,185.51,185.51,Yes,EMP-102,Approved,2025-09-27
EXP-31429,EMP-110,CC-500,2025-09-19,2025-09-22,Airfare,American Airlines,San Francisco,436.82,436.82,Yes,EMP-101,Approved,2025-09-29
EXP-31430,EMP-116,CC-200,2025-09-19,2025-09-25,Airfare,United Airlines,Atlanta,796.23,796.23,Yes,EMP-104,Approved,2025-10-02
EXP-31431,EMP-115,CC-500,2025-09-20,2025-09-26,Lodging,Sheraton Grand,New York,785.9,785.9,Yes,EMP-101,Approved,2025-10-03
EXP-31852,EMP-129,CC-300,2025-09-20,2025-09-21,Meals & Entertainment,Private Dining Room Riviera,Los Angeles,148.73,148.73,No,EMP-103,Approved,2025-09-26
EXP-31432,EMP-110,CC-500,2025-09-21,2025-09-24,Meals & Entertainment,Ocean Prime,Seattle,89.69,89.69,Yes,EMP-101,Approved,2025-10-01
EXP-31853,EMP-129,CC-300,2025-09-21,2025-09-22,Meals & Entertainment,Private Dining Room Riviera,Los Angeles,149.7,149.7,No,EMP-103,Approved,2025-09-27
EXP-31434,EMP-110,CC-500,2025-09-22,2025-09-28,Ground Transport,Hertz Car Rental,New York,18.59,18.59,Yes,EMP-101,Approved,2025-10-05
EXP-31435,EMP-128,CC-500,2025-09-22,2025-09-23,Tech Hardware,B&H Photo Video,Los Angeles,597.58,597.58,Yes,EMP-104,Approved,2025-09-30
EXP-31433,EMP-104,CC-400,2025-09-22,2025-09-30,Office Misc,Staples Direct,Atlanta,168.39,168.39,Yes,EMP-101,Approved,2025-10-07
EXP-31436,EMP-105,CC-200,2025-09-22,2025-09-24,Airfare,United Airlines,New York,1082.72,1082.72,Yes,EMP-102,Approved,2025-10-01
EXP-31438,EMP-115,CC-500,2025-09-23,2025-09-29,Office Misc,Staples Direct,Los Angeles,168.52,168.52,Yes,EMP-101,Approved,2025-10-06
EXP-31437,EMP-139,CC-200,2025-09-23,2025-09-27,Lodging,Hilton Hotels,San Francisco,424.53,424.53,Yes,EMP-101,Approved,2025-10-04
EXP-31439,EMP-138,CC-400,2025-09-24,2025-10-01,Office Misc,FedEx Office,New York,221.59,221.59,Yes,EMP-102,Approved,2025-10-08
EXP-31440,EMP-104,CC-400,2025-09-24,2025-09-26,Ground Transport,Yellow Cab Co,Dallas,32.5,32.5,Yes,EMP-101,Approved,2025-10-03
EXP-31442,EMP-122,CC-400,2025-09-25,2025-09-28,Office Misc,FedEx Office,New York,156.18,156.18,Yes,EMP-102,Approved,2025-10-05
EXP-31441,EMP-110,CC-500,2025-09-25,2025-10-02,Meals & Entertainment,Capital Grille,Atlanta,158.26,158.26,Yes,EMP-101,Approved,2025-10-09
EXP-31443,EMP-105,CC-200,2025-09-26,2025-09-27,Meals & Entertainment,Starbucks Coffee,Dallas,131.15,131.15,Yes,EMP-102,Approved,2025-10-04
EXP-31444,EMP-107,CC-600,2025-09-26,2025-10-03,Airfare,Lufthansa,San Francisco,549.88,549.88,Yes,EMP-101,Approved,2025-10-10
EXP-31445,EMP-115,CC-500,2025-09-27,2025-10-05,Ground Transport,Lyft Inc,San Francisco,18.5,18.5,Yes,EMP-101,Approved,2025-10-12
EXP-31446,EMP-124,CC-700,2025-09-27,2025-09-28,Office Misc,FedEx Office,San Francisco,132.4,132.4,No,EMP-104,Approved,2025-10-05
EXP-31447,EMP-135,CC-500,2025-09-27,2025-10-02,Meals & Entertainment,Ruth's Chris Steak House,Atlanta,175.36,175.36,Yes,EMP-101,Approved,2025-10-09
EXP-31854,EMP-129,CC-300,2025-09-27,2025-09-28,Meals & Entertainment,Private Dining Room Riviera,Los Angeles,143.92,143.92,No,EMP-103,Approved,2025-10-03
EXP-31451,EMP-106,CC-600,2025-09-28,2025-09-30,Ground Transport,Yellow Cab Co,Seattle,47.31,47.31,Yes,EMP-101,Approved,2025-10-07
EXP-31450,EMP-140,CC-200,2025-09-28,2025-10-08,Lodging,Westin Suites,San Francisco,757.95,757.95,Yes,EMP-104,Approved,2025-10-15
EXP-31855,EMP-129,CC-300,2025-09-28,2025-09-29,Meals & Entertainment,Apex Gastronomy Club,Los Angeles,146.71,146.71,No,EMP-103,Approved,2025-10-04
EXP-31448,EMP-103,CC-300,2025-09-28,2025-09-29,Office Misc,Staples Direct,New York,202.98,202.98,Yes,EMP-101,Approved,2025-10-06
EXP-31449,EMP-118,CC-500,2025-09-28,2025-10-04,Ground Transport,Uber Technologies,New York,81.06,81.06,Yes,EMP-101,Approved,2025-10-11
EXP-31454,EMP-138,CC-400,2025-09-29,2025-10-01,Airfare,British Airways,San Francisco,609.72,609.72,Yes,EMP-102,Approved,2025-10-08
EXP-31452,EMP-124,CC-700,2025-09-29,2025-10-03,Airfare,American Airlines,New York,868.26,868.26,Yes,EMP-104,Approved,2025-10-10
EXP-31453,EMP-137,CC-500,2025-09-29,2025-10-05,Lodging,Marriott International,New York,837.29,837.29,Yes,EMP-104,Approved,2025-10-12
EXP-31455,EMP-125,CC-500,2025-09-30,2025-10-10,Meals & Entertainment,Starbucks Coffee,London,30.45,30.45,Yes,EMP-101,Approved,2025-10-17
EXP-31456,EMP-117,CC-100,2025-09-30,2025-10-05,Office Misc,FedEx Office,Los Angeles,114.86,114.86,Yes,EMP-101,Approved,2025-10-12
EXP-31457,EMP-110,CC-500,2025-10-01,2025-10-07,Office Misc,FedEx Office,San Francisco,234.91,234.91,Yes,EMP-101,Approved,2025-10-14
EXP-31458,EMP-132,CC-400,2025-10-01,2025-10-08,Ground Transport,Hertz Car Rental,Los Angeles,62.39,62.39,Yes,EMP-101,Approved,2025-10-15
EXP-31459,EMP-101,CC-100,2025-10-01,2025-10-04,Ground Transport,Yellow Cab Co,Seattle,50.75,50.75,Yes,EMP-101,Approved,2025-10-11
EXP-31460,EMP-111,CC-700,2025-10-02,2025-10-09,Ground Transport,Uber Technologies,Chicago,93.32,93.32,Yes,EMP-102,Approved,2025-10-16
EXP-31461,EMP-105,CC-200,2025-10-02,2025-10-03,Airfare,Lufthansa,Atlanta,888.16,888.16,Yes,EMP-102,Approved,2025-10-10
EXP-31462,EMP-139,CC-200,2025-10-03,2025-10-05,Lodging,Sheraton Grand,Los Angeles,573.72,573.72,Yes,EMP-101,Approved,2025-10-12
EXP-31856,EMP-129,CC-300,2025-10-04,2025-10-05,Meals & Entertainment,Luxury VIP Lounge Club,Los Angeles,149.1,149.1,No,EMP-103,Approved,2025-10-10
EXP-31465,EMP-134,CC-600,2025-10-04,2025-10-05,Ground Transport,Avis Rent A Car,London,83.54,83.54,Yes,EMP-103,Approved,2025-10-12
EXP-31464,EMP-132,CC-400,2025-10-04,2025-10-10,Office Misc,Amazon Prime Business,Chicago,146.02,146.02,Yes,EMP-101,Approved,2025-10-17
EXP-31463,EMP-101,CC-100,2025-10-04,2025-10-08,Tech Hardware,Apple Store,London,201.41,201.41,Yes,EMP-101,Approved,2025-10-15
EXP-31467,EMP-122,CC-400,2025-10-05,2025-10-06,Ground Transport,Yellow Cab Co,Atlanta,41.55,41.55,Yes,EMP-102,Approved,2025-10-13
EXP-31857,EMP-129,CC-300,2025-10-05,2025-10-06,Meals & Entertainment,Luxury VIP Lounge Club,Los Angeles,143.17,143.17,No,EMP-103,Approved,2025-10-11
EXP-31466,EMP-130,CC-100,2025-10-05,2025-10-07,Lodging,Sheraton Grand,Chicago,770.23,770.23,Yes,EMP-102,Approved,2025-10-14
EXP-31470,EMP-138,CC-400,2025-10-06,2025-10-08,Lodging,Hilton Hotels,Los Angeles,417.25,417.25,Yes,EMP-102,Approved,2025-10-15
EXP-31469,EMP-121,CC-200,2025-10-06,2025-10-16,Tech Hardware,CDW Direct,Atlanta,880.13,880.13,Yes,EMP-101,Approved,2025-10-23
EXP-31471,EMP-116,CC-200,2025-10-07,2025-10-17,Office Misc,Amazon Prime Business,Dallas,190.73,190.73,Yes,EMP-104,Approved,2025-10-24
EXP-31472,EMP-103,CC-300,2025-10-07,2025-10-15,Airfare,British Airways,Seattle,461.13,461.13,Yes,EMP-101,Approved,2025-10-22
EXP-31474,EMP-108,CC-100,2025-10-08,2025-10-13,Ground Transport,Avis Rent A Car,Dallas,57.24,57.24,Yes,EMP-102,Approved,2025-10-20
EXP-31475,EMP-139,CC-200,2025-10-08,2025-10-13,Lodging,Hyatt Regency,Seattle,618.59,618.59,Yes,EMP-101,Approved,2025-10-20
EXP-31473,EMP-134,CC-600,2025-10-08,2025-10-10,Ground Transport,Avis Rent A Car,San Francisco,45.96,45.96,Yes,EMP-103,Approved,2025-10-17
EXP-31477,EMP-106,CC-600,2025-10-09,2025-10-14,Tech Hardware,Best Buy Enterprise,Los Angeles,881.88,881.88,Yes,EMP-101,Approved,2025-10-21
EXP-31476,EMP-125,CC-500,2025-10-09,2025-10-12,Tech Hardware,B&H Photo Video,New York,336.32,336.32,Yes,EMP-101,Approved,2025-10-19
EXP-31478,EMP-110,CC-500,2025-10-10,2025-10-20,Ground Transport,Avis Rent A Car,New York,62.45,62.45,Yes,EMP-101,Approved,2025-10-27
EXP-31479,EMP-138,CC-400,2025-10-10,2025-10-11,Tech Hardware,Best Buy Enterprise,San Francisco,538.04,538.04,Yes,EMP-102,Approved,2025-10-18
EXP-31480,EMP-136,CC-300,2025-10-11,2025-10-18,Ground Transport,Yellow Cab Co,San Francisco,21.05,21.05,Yes,EMP-104,Approved,2025-10-25
EXP-31858,EMP-129,CC-300,2025-10-11,2025-10-12,Meals & Entertainment,Private Dining Room Riviera,Los Angeles,143.48,143.48,No,EMP-103,Approved,2025-10-17
EXP-31482,EMP-111,CC-700,2025-10-12,2025-10-20,Airfare,United Airlines,Dallas,1164.33,1164.33,Yes,EMP-102,Approved,2025-10-27
EXP-31481,EMP-131,CC-300,2025-10-12,2025-10-18,Meals & Entertainment,Capital Grille,San Francisco,89.24,89.24,Yes,EMP-103,Approved,2025-10-25
EXP-31859,EMP-129,CC-300,2025-10-12,2025-10-13,Meals & Entertainment,Apex Gastronomy Club,Los Angeles,148.56,148.56,No,EMP-103,Approved,2025-10-18
EXP-31483,EMP-108,CC-100,2025-10-13,2025-10-23,Lodging,Westin Suites,Chicago,450.16,450.16,Yes,EMP-102,Approved,2025-10-30
EXP-31484,EMP-124,CC-700,2025-10-13,2025-10-16,Airfare,British Airways,San Francisco,949.11,949.11,Yes,EMP-104,Approved,2025-10-23
EXP-31485,EMP-115,CC-500,2025-10-14,2025-10-20,Airfare,British Airways,London,886.22,886.22,Yes,EMP-101,Approved,2025-10-27
EXP-31486,EMP-116,CC-200,2025-10-15,2025-10-16,Tech Hardware,CDW Direct,London,542.2,542.2,Yes,EMP-104,Approved,2025-10-23
EXP-31490,EMP-138,CC-400,2025-10-16,2025-10-21,Lodging,Sheraton Grand,Chicago,213.61,213.61,Yes,EMP-102,Approved,2025-10-28
EXP-31489,EMP-116,CC-200,2025-10-16,2025-10-24,Tech Hardware,Apple Store,New York,874.43,874.43,Yes,EMP-104,Approved,2025-10-31
EXP-31488,EMP-109,CC-600,2025-10-16,2025-10-22,Office Misc,FedEx Office,San Francisco,96.4,96.4,Yes,EMP-102,Approved,2025-10-29
EXP-31487,EMP-132,CC-400,2025-10-16,2025-10-20,Office Misc,Amazon Prime Business,New York,130.91,130.91,Yes,EMP-101,Approved,2025-10-27
EXP-31491,EMP-113,CC-700,2025-10-17,2025-10-23,Ground Transport,Yellow Cab Co,Seattle,52.7,52.7,Yes,EMP-103,Approved,2025-10-30
EXP-31493,EMP-125,CC-500,2025-10-17,2025-10-24,Ground Transport,Uber Technologies,Seattle,42.99,42.99,Yes,EMP-101,Approved,2025-10-31
EXP-31492,EMP-112,CC-500,2025-10-17,2025-10-19,Tech Hardware,CDW Direct,San Francisco,359.44,359.44,Yes,EMP-101,Approved,2025-10-26
EXP-31495,EMP-105,CC-200,2025-10-18,2025-10-28,Airfare,American Airlines,Chicago,1251.01,1251.01,Yes,EMP-102,Approved,2025-11-04
EXP-31494,EMP-138,CC-400,2025-10-18,2025-10-19,Office Misc,FedEx Office,Dallas,206.41,206.41,Yes,EMP-102,Approved,2025-10-26
EXP-31860,EMP-129,CC-300,2025-10-18,2025-10-19,Meals & Entertainment,Apex Gastronomy Club,Los Angeles,148.15,148.15,No,EMP-103,Approved,2025-10-24
EXP-31498,EMP-114,CC-400,2025-10-19,2025-10-25,Lodging,Westin Suites,San Francisco,427.71,427.71,Yes,EMP-102,Approved,2025-11-01
EXP-31497,EMP-134,CC-600,2025-10-19,2025-10-29,Airfare,Lufthansa,Atlanta,991.86,991.86,Yes,EMP-103,Approved,2025-11-05
EXP-31496,EMP-123,CC-200,2025-10-19,2025-10-20,Meals & Entertainment,Local Bistro & Cafe,Chicago,47.37,47.37,Yes,EMP-101,Approved,2025-10-27
EXP-31861,EMP-129,CC-300,2025-10-19,2025-10-20,Meals & Entertainment,Executive Cigar & Wine Cellar,Los Angeles,144.83,144.83,No,EMP-103,Approved,2025-10-25
EXP-31500,EMP-113,CC-700,2025-10-20,2025-10-22,Meals & Entertainment,Ocean Prime,Seattle,102.15,102.15,Yes,EMP-103,Approved,2025-10-29
EXP-31499,EMP-133,CC-300,2025-10-20,2025-10-28,Office Misc,Office Depot,New York,49.61,49.61,No,EMP-103,Approved,2025-11-04
EXP-31503,EMP-122,CC-400,2025-10-21,2025-10-24,Office Misc,FedEx Office,Atlanta,167.06,167.06,Yes,EMP-102,Approved,2025-10-31
EXP-31502,EMP-119,CC-500,2025-10-21,2025-10-23,Ground Transport,Lyft Inc,Los Angeles,88.23,88.23,Yes,EMP-102,Approved,2025-10-30
EXP-31501,EMP-119,CC-500,2025-10-21,2025-10-27,Office Misc,Staples Direct,Atlanta,71.22,71.22,Yes,EMP-102,Approved,2025-11-03
EXP-31505,EMP-115,CC-500,2025-10-22,2025-11-01,Meals & Entertainment,Ocean Prime,Atlanta,203.05,203.05,Yes,EMP-101,Approved,2025-11-08
EXP-31504,EMP-119,CC-500,2025-10-22,2025-10-26,Airfare,British Airways,New York,1138.29,1138.29,Yes,EMP-102,Approved,2025-11-02
EXP-31507,EMP-134,CC-600,2025-10-23,2025-10-29,Airfare,Delta Air Lines,London,956.99,956.99,Yes,EMP-103,Approved,2025-11-05
EXP-31506,EMP-117,CC-100,2025-10-23,2025-10-27,Ground Transport,Uber Technologies,Los Angeles,50.12,50.12,Yes,EMP-101,Approved,2025-11-03
EXP-31508,EMP-113,CC-700,2025-10-23,2025-10-25,Meals & Entertainment,Capital Grille,New York,75.65,75.65,Yes,EMP-103,Approved,2025-11-01
EXP-31509,EMP-111,CC-700,2025-10-24,2025-10-31,Lodging,Hyatt Regency,New York,506.7,506.7,Yes,EMP-102,Approved,2025-11-07
EXP-31510,EMP-139,CC-200,2025-10-25,2025-10-27,Meals & Entertainment,Ocean Prime,Dallas,154.57,154.57,Yes,EMP-101,Approved,2025-11-03
EXP-31862,EMP-129,CC-300,2025-10-25,2025-10-26,Meals & Entertainment,Executive Cigar & Wine Cellar,Los Angeles,148.73,148.73,No,EMP-103,Approved,2025-10-31
EXP-31511,EMP-122,CC-400,2025-10-25,2025-10-29,Meals & Entertainment,Ruth's Chris Steak House,San Francisco,67.57,67.57,Yes,EMP-102,Approved,2025-11-05
EXP-31863,EMP-129,CC-300,2025-10-26,2025-10-27,Meals & Entertainment,Private Dining Room Riviera,Los Angeles,146.52,146.52,No,EMP-103,Approved,2025-11-01
EXP-31512,EMP-101,CC-100,2025-10-26,2025-11-05,Lodging,Westin Suites,Seattle,836.95,836.95,Yes,EMP-101,Approved,2025-11-12
EXP-31513,EMP-105,CC-200,2025-10-26,2025-11-03,Meals & Entertainment,Ocean Prime,Seattle,132.63,132.63,Yes,EMP-102,Approved,2025-11-10
EXP-31514,EMP-124,CC-700,2025-10-27,2025-11-02,Office Misc,Amazon Prime Business,Chicago,154.48,154.48,Yes,EMP-104,Approved,2025-11-09
EXP-31516,EMP-107,CC-600,2025-10-28,2025-11-07,Office Misc,FedEx Office,Chicago,155.49,155.49,Yes,EMP-101,Approved,2025-11-14
EXP-31517,EMP-108,CC-100,2025-10-28,2025-10-30,Meals & Entertainment,Ruth's Chris Steak House,Dallas,26.33,26.33,Yes,EMP-102,Approved,2025-11-06
EXP-31515,EMP-138,CC-400,2025-10-28,2025-10-30,Lodging,Hilton Hotels,New York,725.67,725.67,Yes,EMP-102,Approved,2025-11-06
EXP-31519,EMP-127,CC-100,2025-10-29,2025-11-01,Meals & Entertainment,Capital Grille,Los Angeles,201.62,201.62,Yes,EMP-103,Approved,2025-11-08
EXP-31518,EMP-124,CC-700,2025-10-29,2025-11-03,Office Misc,Amazon Prime Business,San Francisco,157.71,157.71,Yes,EMP-104,Approved,2025-11-10
EXP-31522,EMP-133,CC-300,2025-10-31,2025-11-05,Tech Hardware,B&H Photo Video,Atlanta,532.19,532.19,Yes,EMP-103,Approved,2025-11-12
EXP-31521,EMP-103,CC-300,2025-10-31,2025-11-07,Lodging,Marriott International,Dallas,650.23,650.23,Yes,EMP-101,Approved,2025-11-14
EXP-31525,EMP-137,CC-500,2025-11-01,2025-11-03,Airfare,American Airlines,San Francisco,1185.69,1185.69,Yes,EMP-104,Approved,2025-11-10
EXP-31524,EMP-121,CC-200,2025-11-01,2025-11-06,Tech Hardware,Apple Store,Atlanta,477.78,477.78,Yes,EMP-101,Approved,2025-11-13
EXP-31523,EMP-110,CC-500,2025-11-01,2025-11-08,Ground Transport,Lyft Inc,New York,37.04,37.04,Yes,EMP-101,Approved,2025-11-15
EXP-31864,EMP-129,CC-300,2025-11-01,2025-11-02,Meals & Entertainment,Executive Cigar & Wine Cellar,Los Angeles,143.68,143.68,No,EMP-103,Approved,2025-11-07
EXP-31865,EMP-129,CC-300,2025-11-02,2025-11-03,Meals & Entertainment,Platinum Sky Lounge,Los Angeles,143.43,143.43,No,EMP-103,Approved,2025-11-08
EXP-31526,EMP-107,CC-600,2025-11-02,2025-11-05,Airfare,United Airlines,Los Angeles,893.25,893.25,Yes,EMP-101,Approved,2025-11-12
EXP-31527,EMP-135,CC-500,2025-11-03,2025-11-08,Lodging,Hilton Hotels,Dallas,302.63,302.63,Yes,EMP-101,Approved,2025-11-15
EXP-31528,EMP-101,CC-100,2025-11-03,2025-11-08,Office Misc,Staples Direct,Chicago,223.91,223.91,Yes,EMP-101,Approved,2025-11-15
EXP-31530,EMP-117,CC-100,2025-11-04,2025-11-05,Lodging,Hilton Hotels,Atlanta,475.48,475.48,Yes,EMP-101,Approved,2025-11-12
EXP-31529,EMP-131,CC-300,2025-11-04,2025-11-07,Airfare,United Airlines,Chicago,360.53,360.53,Yes,EMP-103,Approved,2025-11-14
EXP-31532,EMP-113,CC-700,2025-11-04,2025-11-12,Office Misc,Amazon Prime Business,Atlanta,185.83,185.83,Yes,EMP-103,Approved,2025-11-19
EXP-31531,EMP-131,CC-300,2025-11-04,2025-11-14,Ground Transport,Uber Technologies,Dallas,77.5,77.5,Yes,EMP-103,Approved,2025-11-21
EXP-31533,EMP-132,CC-400,2025-11-05,2025-11-11,Ground Transport,Lyft Inc,New York,21.06,21.06,Yes,EMP-101,Approved,2025-11-18
EXP-31534,EMP-119,CC-500,2025-11-05,2025-11-09,Office Misc,Office Depot,Los Angeles,83.04,83.04,Yes,EMP-102,Approved,2025-11-16
EXP-31536,EMP-130,CC-100,2025-11-05,2025-11-11,Lodging,Hyatt Regency,Dallas,302.51,302.51,Yes,EMP-102,Approved,2025-11-18
EXP-31535,EMP-124,CC-700,2025-11-05,2025-11-08,Airfare,Delta Air Lines,London,1364.86,1364.86,Yes,EMP-104,Approved,2025-11-15
EXP-31537,EMP-135,CC-500,2025-11-06,2025-11-13,Tech Hardware,Best Buy Enterprise,Chicago,659.67,659.67,Yes,EMP-101,Approved,2025-11-20
EXP-31538,EMP-115,CC-500,2025-11-07,2025-11-09,Tech Hardware,CDW Direct,Chicago,380.51,380.51,Yes,EMP-101,Approved,2025-11-16
EXP-31539,EMP-111,CC-700,2025-11-07,2025-11-10,Tech Hardware,Best Buy Enterprise,Atlanta,830.51,830.51,Yes,EMP-102,Approved,2025-11-17
EXP-31540,EMP-130,CC-100,2025-11-07,2025-11-08,Tech Hardware,B&H Photo Video,Los Angeles,652.01,652.01,Yes,EMP-102,Approved,2025-11-15
EXP-31541,EMP-115,CC-500,2025-11-07,2025-11-17,Meals & Entertainment,Ocean Prime,San Francisco,40.42,40.42,Yes,EMP-101,Approved,2025-11-24
EXP-31866,EMP-129,CC-300,2025-11-08,2025-11-09,Meals & Entertainment,Apex Gastronomy Club,Los Angeles,147.25,147.25,No,EMP-103,Approved,2025-11-14
EXP-31542,EMP-105,CC-200,2025-11-08,2025-11-12,Airfare,British Airways,Chicago,1058.19,1058.19,Yes,EMP-102,Approved,2025-11-19
EXP-31543,EMP-120,CC-600,2025-11-08,2025-11-16,Office Misc,Amazon Prime Business,Los Angeles,106.16,106.16,Yes,EMP-101,Approved,2025-11-23
EXP-31867,EMP-129,CC-300,2025-11-09,2025-11-10,Meals & Entertainment,Platinum Sky Lounge,Los Angeles,142.81,142.81,No,EMP-103,Approved,2025-11-15
EXP-31547,EMP-101,CC-100,2025-11-09,2025-11-14,Meals & Entertainment,Local Bistro & Cafe,Seattle,39.23,39.23,Yes,EMP-101,Approved,2025-11-21
EXP-31546,EMP-133,CC-300,2025-11-09,2025-11-13,Ground Transport,Avis Rent A Car,Chicago,77.19,77.19,Yes,EMP-103,Approved,2025-11-20
EXP-31545,EMP-120,CC-600,2025-11-09,2025-11-15,Tech Hardware,CDW Direct,Atlanta,357.71,357.71,Yes,EMP-101,Approved,2025-11-22
EXP-31544,EMP-101,CC-100,2025-11-09,2025-11-18,Ground Transport,Avis Rent A Car,Seattle,18.47,18.47,Yes,EMP-101,Approved,2025-11-25
EXP-31548,EMP-118,CC-500,2025-11-10,2025-11-20,Office Misc,Staples Direct,Chicago,228.05,228.05,Yes,EMP-101,Approved,2025-11-27
EXP-31549,EMP-107,CC-600,2025-11-10,2025-11-20,Lodging,Hilton Hotels,Los Angeles,677.47,677.47,Yes,EMP-101,Approved,2025-11-27
EXP-31550,EMP-119,CC-500,2025-11-10,2025-11-16,Airfare,Lufthansa,Atlanta,568.58,568.58,Yes,EMP-102,Approved,2025-11-23
EXP-31551,EMP-107,CC-600,2025-11-11,2025-11-17,Airfare,Lufthansa,Atlanta,872.78,872.78,Yes,EMP-101,Approved,2025-11-24
EXP-31552,EMP-115,CC-500,2025-11-11,2025-11-21,Ground Transport,Lyft Inc,Atlanta,76.24,76.24,No,EMP-101,Approved,2025-11-28
EXP-31553,EMP-122,CC-400,2025-11-11,2025-11-15,Office Misc,Office Depot,Dallas,44.27,44.27,Yes,EMP-102,Approved,2025-11-22
EXP-31556,EMP-134,CC-600,2025-11-12,2025-11-21,Airfare,British Airways,New York,1281.19,1281.19,Yes,EMP-103,Approved,2025-11-28
EXP-31554,EMP-110,CC-500,2025-11-12,2025-11-20,Lodging,Hilton Hotels,Dallas,269.99,269.99,Yes,EMP-101,Approved,2025-11-27
EXP-31555,EMP-130,CC-100,2025-11-12,2025-11-21,Airfare,United Airlines,Chicago,577.3,577.3,Yes,EMP-102,Approved,2025-11-28
EXP-31557,EMP-137,CC-500,2025-11-12,2025-11-18,Lodging,Hyatt Regency,Dallas,632.08,632.08,Yes,EMP-104,Approved,2025-11-25
EXP-31560,EMP-107,CC-600,2025-11-13,2025-11-17,Airfare,Lufthansa,Atlanta,520.07,520.07,Yes,EMP-101,Approved,2025-11-24
EXP-31559,EMP-132,CC-400,2025-11-13,2025-11-17,Lodging,Marriott International,New York,384.89,384.89,Yes,EMP-101,Approved,2025-11-24
EXP-31561,EMP-128,CC-500,2025-11-13,2025-11-14,Office Misc,FedEx Office,Dallas,178.13,178.13,No,EMP-104,Approved,2025-11-21
EXP-31558,EMP-108,CC-100,2025-11-13,2025-11-23,Airfare,United Airlines,London,1136.66,1136.66,Yes,EMP-102,Approved,2025-11-30
EXP-31562,EMP-135,CC-500,2025-11-14,2025-11-21,Airfare,Lufthansa,Los Angeles,605.63,605.63,Yes,EMP-101,Approved,2025-11-28
EXP-31563,EMP-124,CC-700,2025-11-14,2025-11-17,Office Misc,Office Depot,Los Angeles,231.89,231.89,Yes,EMP-104,Approved,2025-11-24
EXP-31564,EMP-110,CC-500,2025-11-14,2025-11-16,Meals & Entertainment,Ruth's Chris Steak House,Dallas,29.63,29.63,Yes,EMP-101,Approved,2025-11-23
EXP-31868,EMP-129,CC-300,2025-11-15,2025-11-16,Meals & Entertainment,Private Dining Room Riviera,Los Angeles,149.2,149.2,No,EMP-103,Approved,2025-11-21
EXP-31565,EMP-117,CC-100,2025-11-15,2025-11-23,Ground Transport,Uber Technologies,Atlanta,66.85,66.85,Yes,EMP-101,Approved,2025-11-30
EXP-31566,EMP-113,CC-700,2025-11-16,2025-11-26,Lodging,Marriott International,Dallas,560.47,560.47,Yes,EMP-103,Approved,2025-12-03
EXP-31869,EMP-129,CC-300,2025-11-16,2025-11-17,Meals & Entertainment,Platinum Sky Lounge,Los Angeles,143.78,143.78,No,EMP-103,Approved,2025-11-22
EXP-31567,EMP-101,CC-100,2025-11-16,2025-11-21,Lodging,Hilton Hotels,Los Angeles,367.67,367.67,Yes,EMP-101,Approved,2025-11-28
EXP-31568,EMP-117,CC-100,2025-11-16,2025-11-18,Lodging,Hilton Hotels,Dallas,384.64,384.64,No,EMP-101,Approved,2025-11-25
EXP-31569,EMP-103,CC-300,2025-11-17,2025-11-18,Airfare,American Airlines,Atlanta,352.04,352.04,Yes,EMP-101,Approved,2025-11-25
EXP-31570,EMP-108,CC-100,2025-11-17,2025-11-23,Lodging,Marriott International,San Francisco,405.27,405.27,Yes,EMP-102,Approved,2025-11-30
EXP-31571,EMP-120,CC-600,2025-11-18,2025-11-21,Lodging,Marriott International,London,689.09,689.09,Yes,EMP-101,Approved,2025-11-28
EXP-31572,EMP-109,CC-600,2025-11-18,2025-11-26,Office Misc,Staples Direct,Seattle,123.12,123.12,Yes,EMP-102,Approved,2025-12-03
EXP-31573,EMP-125,CC-500,2025-11-19,2025-11-27,Airfare,Lufthansa,London,1101.08,1101.08,Yes,EMP-101,Approved,2025-12-04
EXP-31575,EMP-124,CC-700,2025-11-20,2025-11-22,Airfare,United Airlines,London,837.96,837.96,Yes,EMP-104,Approved,2025-11-29
EXP-31576,EMP-135,CC-500,2025-11-21,2025-11-24,Airfare,Lufthansa,San Francisco,995.46,995.46,No,EMP-101,Approved,2025-12-01
EXP-31577,EMP-133,CC-300,2025-11-21,2025-11-23,Ground Transport,Lyft Inc,Los Angeles,39.17,39.17,Yes,EMP-103,Approved,2025-11-30
EXP-31579,EMP-115,CC-500,2025-11-22,2025-12-02,Meals & Entertainment,Ruth's Chris Steak House,Los Angeles,122.23,122.23,Yes,EMP-101,Approved,2025-12-09
EXP-31870,EMP-129,CC-300,2025-11-22,2025-11-23,Meals & Entertainment,Platinum Sky Lounge,Los Angeles,148.58,148.58,No,EMP-103,Approved,2025-11-28
EXP-31578,EMP-133,CC-300,2025-11-22,2025-11-30,Ground Transport,Yellow Cab Co,New York,67.68,67.68,Yes,EMP-103,Approved,2025-12-07
EXP-31871,EMP-129,CC-300,2025-11-23,2025-11-24,Meals & Entertainment,Executive Cigar & Wine Cellar,Los Angeles,145.61,145.61,No,EMP-103,Approved,2025-11-29
EXP-31580,EMP-103,CC-300,2025-11-23,2025-11-29,Lodging,Marriott International,Seattle,767.17,767.17,Yes,EMP-101,Approved,2025-12-06
EXP-31581,EMP-140,CC-200,2025-11-23,2025-12-02,Lodging,Westin Suites,New York,694.05,694.05,Yes,EMP-104,Approved,2025-12-09
EXP-31582,EMP-116,CC-200,2025-11-23,2025-11-28,Office Misc,Amazon Prime Business,Chicago,37.25,37.25,Yes,EMP-104,Approved,2025-12-05
EXP-31583,EMP-116,CC-200,2025-11-24,2025-12-04,Tech Hardware,Best Buy Enterprise,London,235.21,235.21,Yes,EMP-104,Approved,2025-12-11
EXP-31584,EMP-102,CC-200,2025-11-24,2025-12-02,Ground Transport,Lyft Inc,Seattle,83.25,83.25,No,EMP-101,Approved,2025-12-09
EXP-31585,EMP-104,CC-400,2025-11-24,2025-11-28,Office Misc,Amazon Prime Business,New York,198.9,198.9,Yes,EMP-101,Approved,2025-12-05
EXP-31586,EMP-112,CC-500,2025-11-25,2025-12-01,Airfare,American Airlines,Seattle,1066.56,1066.56,Yes,EMP-101,Approved,2025-12-08
EXP-31587,EMP-115,CC-500,2025-11-25,2025-11-26,Office Misc,FedEx Office,Dallas,92.13,92.13,Yes,EMP-101,Approved,2025-12-03
EXP-31588,EMP-134,CC-600,2025-11-25,2025-12-04,Office Misc,Amazon Prime Business,London,132.96,132.96,Yes,EMP-103,Approved,2025-12-11
EXP-31589,EMP-138,CC-400,2025-11-26,2025-11-27,Lodging,Hilton Hotels,New York,690.73,690.73,Yes,EMP-102,Approved,2025-12-04
EXP-31590,EMP-130,CC-100,2025-11-26,2025-12-06,Lodging,Marriott International,Dallas,194.51,194.51,Yes,EMP-102,Approved,2025-12-13
EXP-31593,EMP-120,CC-600,2025-11-27,2025-12-06,Tech Hardware,B&H Photo Video,Atlanta,657.65,657.65,Yes,EMP-101,Approved,2025-12-13
EXP-31591,EMP-105,CC-200,2025-11-27,2025-12-05,Airfare,United Airlines,Dallas,772.66,772.66,Yes,EMP-102,Approved,2025-12-12
EXP-31592,EMP-132,CC-400,2025-11-27,2025-11-28,Tech Hardware,Apple Store,Dallas,249.52,249.52,Yes,EMP-101,Approved,2025-12-05
EXP-31594,EMP-110,CC-500,2025-11-28,2025-12-06,Ground Transport,Lyft Inc,Dallas,41.15,41.15,Yes,EMP-101,Approved,2025-12-13
EXP-31595,EMP-117,CC-100,2025-11-28,2025-11-29,Tech Hardware,B&H Photo Video,London,236.27,236.27,Yes,EMP-101,Approved,2025-12-06
EXP-31596,EMP-133,CC-300,2025-11-28,2025-12-01,Ground Transport,Avis Rent A Car,Los Angeles,35.78,35.78,Yes,EMP-103,Approved,2025-12-08
EXP-31597,EMP-104,CC-400,2025-11-28,2025-11-29,Office Misc,FedEx Office,Dallas,79.31,79.31,Yes,EMP-101,Approved,2025-12-06
EXP-31598,EMP-125,CC-500,2025-11-29,2025-12-04,Office Misc,Amazon Prime Business,London,174.6,174.6,Yes,EMP-101,Approved,2025-12-11
EXP-31872,EMP-129,CC-300,2025-11-29,2025-11-30,Meals & Entertainment,Luxury VIP Lounge Club,Los Angeles,143.62,143.62,No,EMP-103,Approved,2025-12-05
EXP-31873,EMP-129,CC-300,2025-11-30,2025-12-01,Meals & Entertainment,Private Dining Room Riviera,Los Angeles,145.41,145.41,No,EMP-103,Approved,2025-12-06
EXP-31601,EMP-130,CC-100,2025-11-30,2025-12-04,Airfare,American Airlines,New York,460.55,460.55,Yes,EMP-102,Approved,2025-12-11
EXP-31599,EMP-104,CC-400,2025-11-30,2025-12-04,Lodging,Marriott International,Dallas,714.72,714.72,Yes,EMP-101,Approved,2025-12-11
EXP-31600,EMP-107,CC-600,2025-11-30,2025-12-10,Ground Transport,Avis Rent A Car,Chicago,38.11,38.11,Yes,EMP-101,Approved,2025-12-17
EXP-31603,EMP-125,CC-500,2025-12-01,2025-12-07,Meals & Entertainment,Ruth's Chris Steak House,New York,57.38,57.38,Yes,EMP-101,Approved,2025-12-14
EXP-31602,EMP-119,CC-500,2025-12-01,2025-12-06,Lodging,Hilton Hotels,San Francisco,236.1,236.1,Yes,EMP-102,Approved,2025-12-13
EXP-31605,EMP-110,CC-500,2025-12-02,2025-12-08,Meals & Entertainment,Ocean Prime,London,82.72,82.72,Yes,EMP-101,Approved,2025-12-15
EXP-31604,EMP-131,CC-300,2025-12-02,2025-12-10,Airfare,Delta Air Lines,San Francisco,634.79,634.79,Yes,EMP-103,Approved,2025-12-17
EXP-31606,EMP-109,CC-600,2025-12-02,2025-12-04,Meals & Entertainment,Ruth's Chris Steak House,Chicago,65.07,65.07,Yes,EMP-102,Approved,2025-12-11
EXP-31607,EMP-105,CC-200,2025-12-03,2025-12-04,Airfare,Lufthansa,Los Angeles,1022.08,1022.08,Yes,EMP-102,Approved,2025-12-11
EXP-31608,EMP-132,CC-400,2025-12-03,2025-12-07,Airfare,United Airlines,Atlanta,1032.1,1032.1,Yes,EMP-101,Approved,2025-12-14
EXP-31609,EMP-109,CC-600,2025-12-04,2025-12-11,Lodging,Marriott International,Dallas,357.4,357.4,Yes,EMP-102,Approved,2025-12-18
EXP-31610,EMP-116,CC-200,2025-12-05,2025-12-08,Office Misc,FedEx Office,San Francisco,153.32,153.32,Yes,EMP-104,Approved,2025-12-15
EXP-31611,EMP-128,CC-500,2025-12-05,2025-12-11,Airfare,Delta Air Lines,Atlanta,464.1,464.1,Yes,EMP-104,Approved,2025-12-18
EXP-31874,EMP-129,CC-300,2025-12-06,2025-12-07,Meals & Entertainment,Executive Cigar & Wine Cellar,Los Angeles,145.54,145.54,No,EMP-103,Approved,2025-12-12
EXP-31613,EMP-122,CC-400,2025-12-06,2025-12-12,Meals & Entertainment,Capital Grille,London,173.82,173.82,Yes,EMP-102,Approved,2025-12-19
EXP-31614,EMP-110,CC-500,2025-12-06,2025-12-16,Ground Transport,Yellow Cab Co,Chicago,73.43,73.43,Yes,EMP-101,Approved,2025-12-23
EXP-31612,EMP-140,CC-200,2025-12-06,2025-12-08,Meals & Entertainment,Morton's The Steakhouse,Chicago,105.55,105.55,Yes,EMP-104,Approved,2025-12-15
EXP-31875,EMP-129,CC-300,2025-12-07,2025-12-08,Meals & Entertainment,Platinum Sky Lounge,Los Angeles,146.98,146.98,No,EMP-103,Approved,2025-12-13
EXP-31616,EMP-123,CC-200,2025-12-07,2025-12-16,Tech Hardware,CDW Direct,San Francisco,1016.75,1016.75,Yes,EMP-101,Approved,2025-12-23
EXP-31615,EMP-118,CC-500,2025-12-07,2025-12-11,Tech Hardware,CDW Direct,Los Angeles,342.12,342.12,Yes,EMP-101,Approved,2025-12-18
EXP-31617,EMP-122,CC-400,2025-12-08,2025-12-16,Office Misc,Staples Direct,Los Angeles,103.93,103.93,Yes,EMP-102,Approved,2025-12-23
EXP-31618,EMP-132,CC-400,2025-12-08,2025-12-14,Office Misc,Office Depot,London,207.82,207.82,Yes,EMP-101,Approved,2025-12-21
EXP-31619,EMP-119,CC-500,2025-12-09,2025-12-17,Lodging,Hyatt Regency,Chicago,367.93,367.93,Yes,EMP-102,Approved,2025-12-24
EXP-31620,EMP-131,CC-300,2025-12-09,2025-12-14,Meals & Entertainment,Morton's The Steakhouse,Dallas,135.27,135.27,Yes,EMP-103,Approved,2025-12-21
EXP-31621,EMP-116,CC-200,2025-12-09,2025-12-10,Airfare,American Airlines,Atlanta,646.43,646.43,No,EMP-104,Approved,2025-12-17
EXP-31622,EMP-137,CC-500,2025-12-10,2025-12-17,Tech Hardware,Best Buy Enterprise,Atlanta,462.53,462.53,Yes,EMP-104,Approved,2025-12-24
EXP-31623,EMP-130,CC-100,2025-12-11,2025-12-21,Meals & Entertainment,Morton's The Steakhouse,San Francisco,121.88,121.88,Yes,EMP-102,Approved,2025-12-28
EXP-31624,EMP-136,CC-300,2025-12-11,2025-12-18,Meals & Entertainment,Starbucks Coffee,Dallas,152.38,152.38,No,EMP-104,Approved,2025-12-25
EXP-31625,EMP-107,CC-600,2025-12-11,2025-12-16,Lodging,Marriott International,Los Angeles,773.59,773.59,No,EMP-101,Approved,2025-12-23
EXP-31626,EMP-124,CC-700,2025-12-12,2025-12-13,Meals & Entertainment,Morton's The Steakhouse,San Francisco,142.6,142.6,Yes,EMP-104,Approved,2025-12-20
EXP-31876,EMP-129,CC-300,2025-12-13,2025-12-14,Meals & Entertainment,Executive Cigar & Wine Cellar,Los Angeles,142.77,142.77,No,EMP-103,Approved,2025-12-19
EXP-31627,EMP-137,CC-500,2025-12-13,2025-12-18,Tech Hardware,Best Buy Enterprise,Chicago,1034.53,1034.53,Yes,EMP-104,Approved,2025-12-25
EXP-31629,EMP-126,CC-500,2025-12-14,2025-12-19,Lodging,Hyatt Regency,New York,653.46,653.46,Yes,EMP-103,Approved,2025-12-26
EXP-31630,EMP-126,CC-500,2025-12-14,2025-12-18,Airfare,United Airlines,Chicago,740.32,740.32,Yes,EMP-103,Approved,2025-12-25
EXP-31877,EMP-129,CC-300,2025-12-14,2025-12-15,Meals & Entertainment,Executive Cigar & Wine Cellar,Los Angeles,144.65,144.65,No,EMP-103,Approved,2025-12-20
EXP-31631,EMP-138,CC-400,2025-12-15,2025-12-18,Meals & Entertainment,Capital Grille,Dallas,209.81,209.81,Yes,EMP-102,Approved,2025-12-25
EXP-31632,EMP-137,CC-500,2025-12-15,2025-12-23,Meals & Entertainment,Capital Grille,San Francisco,108.34,108.34,Yes,EMP-104,Approved,2025-12-30
EXP-31634,EMP-123,CC-200,2025-12-15,2025-12-17,Office Misc,FedEx Office,London,191.27,191.27,Yes,EMP-101,Approved,2025-12-24
EXP-31633,EMP-117,CC-100,2025-12-15,2025-12-20,Tech Hardware,B&H Photo Video,Dallas,502.93,502.93,Yes,EMP-101,Approved,2025-12-27
EXP-31637,EMP-126,CC-500,2025-12-16,2025-12-24,Office Misc,Staples Direct,London,115.24,115.24,Yes,EMP-103,Approved,2025-12-31
EXP-31636,EMP-109,CC-600,2025-12-16,2025-12-26,Lodging,Hyatt Regency,Los Angeles,288.14,288.14,Yes,EMP-102,Approved,2026-01-02
EXP-31635,EMP-107,CC-600,2025-12-16,2025-12-18,Ground Transport,Hertz Car Rental,Chicago,51.84,51.84,Yes,EMP-101,Approved,2025-12-25
EXP-31640,EMP-108,CC-100,2025-12-17,2025-12-20,Airfare,American Airlines,Los Angeles,1334.61,1334.61,Yes,EMP-102,Approved,2025-12-27
EXP-31638,EMP-102,CC-200,2025-12-17,2025-12-24,Office Misc,FedEx Office,Los Angeles,91.2,91.2,Yes,EMP-101,Approved,2025-12-31
EXP-31639,EMP-124,CC-700,2025-12-17,2025-12-21,Airfare,Delta Air Lines,Chicago,930.05,930.05,Yes,EMP-104,Approved,2025-12-28
EXP-31641,EMP-103,CC-300,2025-12-18,2025-12-21,Ground Transport,Hertz Car Rental,Seattle,63.25,63.25,Yes,EMP-101,Approved,2025-12-28
EXP-31642,EMP-134,CC-600,2025-12-18,2025-12-25,Office Misc,Staples Direct,London,201.57,201.57,Yes,EMP-103,Approved,2026-01-01
EXP-31643,EMP-118,CC-500,2025-12-18,2025-12-23,Lodging,Hilton Hotels,San Francisco,393.29,393.29,Yes,EMP-101,Approved,2025-12-30
EXP-31644,EMP-130,CC-100,2025-12-19,2025-12-23,Lodging,Hilton Hotels,London,528.42,528.42,Yes,EMP-102,Approved,2025-12-30
EXP-31645,EMP-138,CC-400,2025-12-19,2025-12-20,Lodging,Marriott International,Seattle,260.19,260.19,Yes,EMP-102,Approved,2025-12-27
EXP-31646,EMP-101,CC-100,2025-12-19,2025-12-23,Ground Transport,Avis Rent A Car,Chicago,23.21,23.21,Yes,EMP-101,Approved,2025-12-30
EXP-31878,EMP-129,CC-300,2025-12-20,2025-12-21,Meals & Entertainment,Platinum Sky Lounge,Los Angeles,145.36,145.36,No,EMP-103,Approved,2025-12-26
EXP-31649,EMP-123,CC-200,2025-12-20,2025-12-28,Lodging,Marriott International,San Francisco,223.88,223.88,Yes,EMP-101,Approved,2026-01-04
EXP-31647,EMP-134,CC-600,2025-12-20,2025-12-26,Ground Transport,Yellow Cab Co,Atlanta,92.79,92.79,Yes,EMP-103,Approved,2026-01-02
EXP-31648,EMP-132,CC-400,2025-12-20,2025-12-22,Airfare,American Airlines,Seattle,850.22,850.22,Yes,EMP-101,Approved,2025-12-29
EXP-31652,EMP-120,CC-600,2025-12-21,2025-12-24,Tech Hardware,CDW Direct,Los Angeles,1088.41,1088.41,Yes,EMP-101,Approved,2025-12-31
EXP-31879,EMP-129,CC-300,2025-12-21,2025-12-22,Meals & Entertainment,Apex Gastronomy Club,Los Angeles,144.29,144.29,No,EMP-103,Approved,2025-12-27
EXP-31650,EMP-137,CC-500,2025-12-21,2025-12-25,Meals & Entertainment,Ruth's Chris Steak House,London,146.43,146.43,Yes,EMP-104,Approved,2026-01-01
EXP-31651,EMP-115,CC-500,2025-12-21,2025-12-26,Airfare,United Airlines,London,1388.35,1388.35,Yes,EMP-101,Approved,2026-01-02
EXP-31654,EMP-104,CC-400,2025-12-22,2025-12-30,Ground Transport,Lyft Inc,Chicago,20.12,20.12,Yes,EMP-101,Approved,2026-01-06
EXP-31653,EMP-124,CC-700,2025-12-22,2025-12-23,Tech Hardware,Apple Store,Chicago,582.57,582.57,No,EMP-104,Approved,2025-12-30
EXP-31655,EMP-108,CC-100,2025-12-23,2026-01-02,Tech Hardware,CDW Direct,Seattle,338.99,338.99,Yes,EMP-102,Approved,2026-01-09
EXP-31658,EMP-140,CC-200,2025-12-24,2026-01-02,Airfare,United Airlines,Chicago,556.44,556.44,Yes,EMP-104,Approved,2026-01-09
EXP-31657,EMP-140,CC-200,2025-12-24,2025-12-30,Tech Hardware,B&H Photo Video,Seattle,270.74,270.74,Yes,EMP-104,Approved,2026-01-06
EXP-31656,EMP-137,CC-500,2025-12-24,2025-12-26,Ground Transport,Uber Technologies,Chicago,36.06,36.06,Yes,EMP-104,Approved,2026-01-02
EXP-31659,EMP-128,CC-500,2025-12-25,2026-01-02,Airfare,Lufthansa,Dallas,1335.91,1335.91,Yes,EMP-104,Approved,2026-01-09
EXP-31660,EMP-118,CC-500,2025-12-26,2026-01-04,Airfare,United Airlines,Los Angeles,399.43,399.43,Yes,EMP-101,Approved,2026-01-11
EXP-31661,EMP-123,CC-200,2025-12-27,2026-01-05,Tech Hardware,B&H Photo Video,Seattle,507.71,507.71,Yes,EMP-101,Approved,2026-01-12
EXP-31880,EMP-129,CC-300,2025-12-27,2025-12-28,Meals & Entertainment,Platinum Sky Lounge,Los Angeles,143.18,143.18,No,EMP-103,Approved,2026-01-02
EXP-31662,EMP-101,CC-100,2025-12-27,2025-12-28,Tech Hardware,CDW Direct,New York,468.84,468.84,Yes,EMP-101,Approved,2026-01-04
EXP-31665,EMP-112,CC-500,2025-12-28,2025-12-30,Tech Hardware,B&H Photo Video,Seattle,259.6,259.6,Yes,EMP-101,Approved,2026-01-06
EXP-31664,EMP-112,CC-500,2025-12-28,2026-01-04,Lodging,Sheraton Grand,Atlanta,596.76,596.76,Yes,EMP-101,Approved,2026-01-11
EXP-31881,EMP-129,CC-300,2025-12-28,2025-12-29,Meals & Entertainment,Luxury VIP Lounge Club,Los Angeles,142.61,142.61,No,EMP-103,Approved,2026-01-03
EXP-31668,EMP-113,CC-700,2025-12-29,2026-01-03,Meals & Entertainment,Local Bistro & Cafe,San Francisco,192.37,192.37,Yes,EMP-103,Approved,2026-01-10
EXP-31667,EMP-117,CC-100,2025-12-29,2026-01-05,Ground Transport,Lyft Inc,New York,55.5,55.5,Yes,EMP-101,Approved,2026-01-12
EXP-31666,EMP-103,CC-300,2025-12-29,2026-01-04,Meals & Entertainment,Capital Grille,Dallas,174.26,174.26,Yes,EMP-101,Approved,2026-01-11
EXP-31671,EMP-106,CC-600,2025-12-30,2026-01-02,Airfare,British Airways,Atlanta,830.62,830.62,Yes,EMP-101,Approved,2026-01-09
EXP-31670,EMP-127,CC-100,2025-12-30,2026-01-09,Tech Hardware,CDW Direct,Seattle,618.84,618.84,Yes,EMP-103,Approved,2026-01-16
EXP-31669,EMP-125,CC-500,2025-12-30,2026-01-08,Ground Transport,Hertz Car Rental,Los Angeles,52.0,52.0,Yes,EMP-101,Approved,2026-01-15
EXP-31673,EMP-121,CC-200,2025-12-31,2026-01-03,Lodging,Sheraton Grand,London,215.1,215.1,Yes,EMP-101,Approved,2026-01-10
EXP-31672,EMP-106,CC-600,2025-12-31,2026-01-08,Tech Hardware,B&H Photo Video,San Francisco,835.77,835.77,Yes,EMP-101,Approved,2026-01-15
